node,type_node,x,y,t_arr,t_begin_service,t_wait,t_departure,ride_time,num_passenger,qi,ei,li,service_or_chg_time,Li,lyr,cus_set
269,depot,0.0,0.0,0.0,0.0,0.0,0.0,0.0,0,0,0.0,1136.7657867911093,0.0,0.0,1,Int64[]
264,bus stop,19.06703,-2.33731,23.144282000354785,89.78357699946783,0.0,90.28357699946783,34.716423000532174,1,1,89.78357699946783,116.35571799964521,0.5,34.716423000532174,2,[332]
262,bus stop,17.66703,6.06269,100.54365837587446,101.99598319569705,0.0,102.49598319569705,22.50401680430295,2,1,90.74397479354556,116.99598319569705,0.5,33.75602520645443,2,[351]
265,transit stop,0.0,0.0,125.0,125.0,0.0,125.0,0.0,1,-1,125.0,140.0,0.0,33.75602520645443,2,Int64[]
265,transit stop,0.0,0.0,125.0,125.0,0.0,125.0,0.0,0,-1,125.0,140.0,0.0,34.716423000532174,2,Int64[]
269,depot,0.0,0.0,125.0,125.0,0.0,125.0,0.0,0,0,0.0,1136.7657867911093,0.0,0.0,1,Int64[]
