node,type_node,x,y,t_arr,t_begin_service,t_wait,t_departure,ride_time,num_passenger,qi,ei,li,service_or_chg_time,Li,lyr,cus_set
163,depot,-0.66324,1.5974,0.0,0.0,0.0,0.0,0.0,0,0,0.0,1257.920683071023,0.0,0.0,1,Int64[]
149,bus stop,13.79176,2.02615,17.423321906737133,219.3075966051555,0.0,219.8075966051555,25.19240339484449,1,1,219.3075966051555,242.705064403437,0.5,25.192403394844483,1,[280]
88,bus stop,1.19176,3.42615,235.08174021165235,240.1295115175956,0.0,240.6295115175956,4.370488482404397,2,1,237.94426727639342,255.1295115175956,0.5,6.555732723606587,1,[185]
161,transit stop,0.0,0.0,245.0,245.0,0.0,245.0,0.0,1,-1,245.0,260.0,0.0,6.555732723606587,1,Int64[]
161,transit stop,0.0,0.0,245.0,245.0,0.0,245.0,0.0,0,-1,245.0,260.0,0.0,25.192403394844483,1,Int64[]
163,depot,-0.66324,1.5974,247.08387558698712,247.08387558698712,0.0,247.08387558698712,0.0,0,0,0.0,1257.920683071023,0.0,0.0,1,Int64[]
