node,type_node,x,y,t_arr,t_begin_service,t_wait,t_departure,ride_time,num_passenger,qi,ei,li,service_or_chg_time,Li,lyr,cus_set
53,depot,0.0,0.0,0.0,0.0,0.0,0.0,0.0,0,0,0.0,1258.8648301815297,0.0,0.0,1,Int64[]
1,bus stop,-4.91475,-0.75335,5.990545580751288,235.51418162887308,0.0,236.01418162887308,8.985818371126925,4,4,235.51418162887308,253.5094544192487,0.5,8.985818371126932,1,"[64, 87, 91, 280]"
5,bus stop,-3.51475,-0.75335,237.70092861682488,238.00377148438744,0.0,238.50377148438744,6.496228515612557,14,10,238.00377148438744,255.16918098959164,0.5,6.49622851561255,1,"[136, 158, 175, 187, 204, 218, 236, 269, 271, 282]"
12,bus stop,-2.11475,-0.75335,240.19051847233925,241.79526691714335,0.0,242.29526691714335,2.7047330828566487,20,6,240.44290037571503,256.79526691714335,0.5,4.057099624284965,1,"[77, 95, 140, 167, 193, 287]"
51,transit stop,0.0,0.0,245.0,245.0,0.0,245.0,0.0,14,-6,245.0,260.0,0.0,4.057099624284965,1,Int64[]
51,transit stop,0.0,0.0,245.0,245.0,0.0,245.0,0.0,4,-10,245.0,260.0,0.0,6.49622851561255,1,Int64[]
51,transit stop,0.0,0.0,245.0,245.0,0.0,245.0,0.0,0,-4,245.0,260.0,0.0,8.985818371126932,1,Int64[]
53,depot,0.0,0.0,245.0,245.0,0.0,245.0,0.0,0,0,0.0,1258.8648301815297,0.0,0.0,1,Int64[]
