node,type_node,x,y,t_arr,t_begin_service,t_wait,t_departure,ride_time,num_passenger,qi,ei,li,service_or_chg_time,Li,lyr,cus_set
263,depot,0.0,0.0,0.0,0.0,0.0,0.0,0.0,0,0,0.0,1258.2300865461273,0.0,0.0,1,Int64[]
259,bus stop,9.46535,-1.09611,11.480246640777443,227.27963003883383,0.0,227.77963003883383,17.22036996116617,1,1,227.27963003883383,248.01975335922256,0.5,17.220369961166163,1,[385]
257,bus stop,9.26535,0.50389,229.72234274926723,229.72234274926723,0.0,230.22234274926723,14.777657250732773,2,1,227.7306474440091,248.3204316293394,0.5,16.7693525559909,1,[377]
252,bus stop,8.86535,2.10389,232.2093816049866,233.52219980184583,0.0,234.02219980184583,10.97780019815417,3,1,228.03329970276874,248.52219980184583,0.5,16.46670029723125,1,[308]
261,transit stop,0.0,0.0,245.0,245.0,0.0,245.0,0.0,2,-1,245.0,260.0,0.0,16.46670029723125,1,Int64[]
261,transit stop,0.0,0.0,245.0,245.0,0.0,245.0,0.0,1,-1,245.0,260.0,0.0,17.220369961166163,1,Int64[]
261,transit stop,0.0,0.0,245.0,245.0,0.0,245.0,0.0,0,-1,245.0,260.0,0.0,16.7693525559909,1,Int64[]
263,depot,0.0,0.0,245.0,245.0,0.0,245.0,0.0,0,0,0.0,1258.2300865461273,0.0,0.0,1,Int64[]
