node,type_node,x,y,t_arr,t_begin_service,t_wait,t_departure,ride_time,num_passenger,qi,ei,li,service_or_chg_time,Li,lyr,cus_set
154,depot,0.57808,0.63818,0.0,0.0,0.0,0.0,0.0,0,0,0.0,1256.114374391444,0.0,0.0,1,Int64[]
141,bus stop,15.68139,-9.84791,22.152562781887948,211.0351500841722,0.0,211.5351500841722,33.46484991582781,1,1,211.0351500841722,237.19010005611477,0.5,33.46484991582782,1,[164]
132,bus stop,12.88139,-0.04791,223.81485351187428,223.81485351187428,0.0,224.31485351187428,20.685146488125724,2,1,221.22021850123883,243.98014566749256,0.5,23.27978149876116,1,[168]
119,bus stop,10.08139,1.35209,228.08653443777754,232.2449936050896,0.0,232.7449936050896,12.255006394910396,3,1,226.11749040763442,247.2449936050896,0.5,18.382509592365587,1,[224]
152,transit stop,0.0,0.0,245.0,245.0,0.0,245.0,0.0,2,-1,245.0,260.0,0.0,18.382509592365587,1,Int64[]
152,transit stop,0.0,0.0,245.0,245.0,0.0,245.0,0.0,1,-1,245.0,260.0,0.0,23.27978149876116,1,Int64[]
152,transit stop,0.0,0.0,245.0,245.0,0.0,245.0,0.0,0,-1,245.0,260.0,0.0,33.46484991582782,1,Int64[]
154,depot,0.57808,0.63818,246.03743978924146,246.03743978924146,0.0,246.03743978924146,0.0,0,0,0.0,1256.114374391444,0.0,0.0,1,Int64[]
