node,type_node,x,y,t_arr,t_begin_service,t_wait,t_departure,ride_time,num_passenger,qi,ei,li,service_or_chg_time,Li,lyr,cus_set
68,depot,0.0,0.0,0.0,0.0,0.0,0.0,0.0,0,0,0.0,1256.6023207801077,0.0,0.0,1,Int64[]
13,bus stop,-5.6706,-7.69064,11.512276606183493,227.23158509072476,0.0,227.73158509072476,17.268414909275236,1,1,227.23158509072476,247.9877233938165,0.5,17.26841490927524,1,[113]
14,bus stop,-5.6706,-6.29064,229.41833207867657,229.41833207867657,0.0,229.91833207867657,15.08166792132343,2,1,229.19416273844342,249.29610849229562,0.5,15.305837261556572,1,[71]
18,bus stop,-4.2706,-3.49064,233.69001300457984,237.85461703311236,0.0,238.35461703311236,6.645382966887638,3,1,234.53192554966853,252.85461703311236,0.5,9.96807445033146,1,[80]
66,transit stop,0.0,0.0,245.0,245.0,0.0,245.0,0.0,2,-1,245.0,260.0,0.0,9.96807445033146,1,Int64[]
66,transit stop,0.0,0.0,245.0,245.0,0.0,245.0,0.0,1,-1,245.0,260.0,0.0,17.26841490927524,1,Int64[]
66,transit stop,0.0,0.0,245.0,245.0,0.0,245.0,0.0,0,-1,245.0,260.0,0.0,15.305837261556572,1,Int64[]
68,depot,0.0,0.0,245.0,245.0,0.0,245.0,0.0,0,0,0.0,1256.6023207801077,0.0,0.0,1,Int64[]
