node,type_node,x,y,t_arr,t_begin_service,t_wait,t_departure,ride_time,num_passenger,qi,ei,li,service_or_chg_time,Li,lyr,cus_set
25,depot,0.0,0.0,0.0,0.0,0.0,0.0,0.0,0,0,0.0,1258.5097036425177,0.0,0.0,1,Int64[]
19,bus stop,2.62697,-1.55678,3.6790484526254694,238.9814273210618,0.0,239.4814273210618,5.518572678938199,13,13,238.9814273210618,255.82095154737453,0.5,5.518572678938204,1,"[31, 35, 38, 84, 109, 123, 165, 202, 208, 235, 242, 246, 271]"
20,bus stop,2.62697,-0.15678,241.1681743090136,241.3293443021187,0.0,241.8293443021187,3.170655697881301,27,14,239.74401645317803,256.32934430211867,0.5,4.755983546821958,1,"[49, 76, 77, 93, 97, 102, 132, 150, 153, 168, 181, 188, 255, 275]"
23,transit stop,0.0,0.0,245.0,245.0,0.0,245.0,0.0,13,-14,245.0,260.0,0.0,4.755983546821958,1,Int64[]
23,transit stop,0.0,0.0,245.0,245.0,0.0,245.0,0.0,0,-13,245.0,260.0,0.0,5.518572678938204,1,Int64[]
25,depot,0.0,0.0,245.0,245.0,0.0,245.0,0.0,0,0,0.0,1258.5097036425177,0.0,0.0,1,Int64[]
