node,type_node,x,y,t_arr,t_begin_service,t_wait,t_departure,ride_time,num_passenger,qi,ei,li,service_or_chg_time,Li,lyr,cus_set
156,depot,0.0,0.0,0.0,0.0,0.0,0.0,0.0,0,0,0.0,1258.291207243486,0.0,0.0,1,Int64[]
127,bus stop,1.84264,1.98873,3.2664535289138783,240.69252391620097,0.0,241.19252391620097,3.807476083799031,1,1,239.6003197066292,256.23354647108613,0.5,4.8996802933708175,1,[232]
110,bus stop,1.44264,1.78873,241.7313354770443,241.7313354770443,0.0,242.2313354770443,2.768664522955703,2,1,240.34700321556645,256.7313354770443,0.5,4.152996784433556,1,[180]
154,transit stop,0.0,0.0,245.0,245.0,0.0,245.0,0.0,1,-1,245.0,260.0,0.0,4.8996802933708175,1,Int64[]
154,transit stop,0.0,0.0,245.0,245.0,0.0,245.0,0.0,0,-1,245.0,260.0,0.0,4.152996784433556,1,Int64[]
156,depot,0.0,0.0,245.0,245.0,0.0,245.0,0.0,0,0,0.0,1258.291207243486,0.0,0.0,1,Int64[]
