node,type_node,x,y,t_arr,t_begin_service,t_wait,t_departure,ride_time,num_passenger,qi,ei,li,service_or_chg_time,Li,lyr,cus_set
90,depot,0.0,0.0,0.0,0.0,0.0,0.0,0.0,0,0,0.0,1258.2235190995252,0.0,0.0,1,Int64[]
31,bus stop,-1.13131,-2.5662,3.378920926583333,239.431618610125,0.0,239.931618610125,5.068381389874986,1,1,239.431618610125,256.1210790734167,0.5,5.068381389874999,1,[92]
33,bus stop,-0.93131,-1.5662,241.16029801099074,242.30460875591217,0.0,242.80460875591217,2.19539124408783,2,1,241.20691313386826,257.30460875591217,0.5,3.293086866131744,1,[130]
88,transit stop,0.0,0.0,245.0,245.0,0.0,245.0,0.0,1,-1,245.0,260.0,0.0,3.293086866131744,1,Int64[]
88,transit stop,0.0,0.0,245.0,245.0,0.0,245.0,0.0,0,-1,245.0,260.0,0.0,5.068381389874999,1,Int64[]
90,depot,0.0,0.0,245.0,245.0,0.0,245.0,0.0,0,0,0.0,1258.2235190995252,0.0,0.0,1,Int64[]
