node,type_node,x,y,t_arr,t_begin_service,t_wait,t_departure,ride_time,num_passenger,qi,ei,li,service_or_chg_time,Li,lyr,cus_set
225,depot,0.0,0.0,0.0,0.0,0.0,0.0,0.0,0,0,0.0,1255.7812334988457,0.0,0.0,1,Int64[]
27,bus stop,-19.27185,-15.22656,29.591801990368225,200.11229701444768,0.0,200.61229701444768,44.38770298555232,1,1,200.11229701444768,229.90819800963177,0.5,44.38770298555234,1,[337]
23,bus stop,-20.67185,-15.22656,202.29904400239948,202.29904400239948,0.0,202.79904400239948,42.200955997600516,2,1,198.10052780475382,228.56701853650256,0.5,46.399472195246176,1,[365]
28,bus stop,-19.27185,-12.42656,206.57072492830275,216.87247738943148,0.0,217.37247738943148,27.62752261056852,3,1,203.05871608414725,231.87247738943148,0.5,41.441283915852765,1,[231]
223,transit stop,0.0,0.0,245.0,245.0,0.0,245.0,0.0,2,-1,245.0,260.0,0.0,41.441283915852765,1,Int64[]
223,transit stop,0.0,0.0,245.0,245.0,0.0,245.0,0.0,1,-1,245.0,260.0,0.0,46.399472195246176,1,Int64[]
223,transit stop,0.0,0.0,245.0,245.0,0.0,245.0,0.0,0,-1,245.0,260.0,0.0,44.38770298555234,1,Int64[]
225,depot,0.0,0.0,245.0,245.0,0.0,245.0,0.0,0,0,0.0,1255.7812334988457,0.0,0.0,1,Int64[]
