node,type_node,x,y,t_arr,t_begin_service,t_wait,t_departure,ride_time,num_passenger,qi,ei,li,service_or_chg_time,Li,lyr,cus_set
225,depot,0.0,0.0,0.0,0.0,0.0,0.0,0.0,0,0,0.0,1255.7812334988457,0.0,0.0,1,Int64[]
6,bus stop,-26.27185,-8.22656,33.16835723103097,194.74746415345356,0.0,195.24746415345356,49.75253584654644,1,1,194.74746415345356,226.33164276896903,0.5,49.75253584654645,1,[242]
7,bus stop,-26.27185,1.57344,207.0546930691162,207.0546930691162,0.0,207.5546930691162,37.44530693088379,2,1,196.93567761812727,227.79045174541818,0.5,47.56432238187274,1,[271]
15,bus stop,-23.47185,2.97344,211.32637399501948,215.99465093996815,0.0,216.49465093996815,28.505349060031847,4,2,201.74197640995226,230.99465093996815,0.5,42.75802359004775,1,"[355, 370]"
223,transit stop,0.0,0.0,245.0,245.0,0.0,245.0,0.0,2,-2,245.0,260.0,0.0,42.75802359004775,1,Int64[]
223,transit stop,0.0,0.0,245.0,245.0,0.0,245.0,0.0,1,-1,245.0,260.0,0.0,47.56432238187274,1,Int64[]
223,transit stop,0.0,0.0,245.0,245.0,0.0,245.0,0.0,0,-1,245.0,260.0,0.0,49.75253584654645,1,Int64[]
225,depot,0.0,0.0,245.0,245.0,0.0,245.0,0.0,0,0,0.0,1255.7812334988457,0.0,0.0,1,Int64[]
