node,type_node,x,y,t_arr,t_begin_service,t_wait,t_departure,ride_time,num_passenger,qi,ei,li,service_or_chg_time,Li,lyr,cus_set
24,depot,0.0,0.0,0.0,0.0,0.0,0.0,0.0,0,0,0.0,1258.5268456407596,0.0,0.0,1,Int64[]
20,bus stop,2.60938,1.21989,3.4704223965590324,241.02957760344097,0.0,241.52957760344097,3.47042239655903,21,21,239.29436640516144,256.02957760344094,0.5,5.205633594838549,1,"[39, 102, 121, 163, 168, 193, 204, 223, 233, 243, 247, 264, 276, 277, 299, 305, 308, 454, 503, 515, 521]"
22,transit stop,0.0,0.0,245.0,245.0,0.0,245.0,0.0,0,-21,245.0,260.0,0.0,5.205633594838549,1,Int64[]
24,depot,0.0,0.0,245.0,245.0,0.0,245.0,0.0,0,0,0.0,1258.5268456407596,0.0,0.0,1,Int64[]
