node,type_node,x,y,t_arr,t_begin_service,t_wait,t_departure,ride_time,num_passenger,qi,ei,li,service_or_chg_time,Li,lyr,cus_set
183,depot,-0.80351,1.8093,0.0,0.0,0.0,0.0,0.0,0,0,0.0,1257.3451283557345,0.0,0.0,1,Int64[]
3,bus stop,-27.32573,-9.21959,34.607153254919616,192.38106088831785,0.0,192.88106088831785,52.11893911168215,1,1,192.38106088831785,224.75404059221188,0.5,52.11893911168216,1,[195]
25,bus stop,-18.92573,-12.01959,203.54898552503045,203.98203250925764,0.0,204.48203250925764,40.517967490742365,2,1,203.98203250925764,232.48802167283844,0.5,40.51796749074235,1,[266]
8,bus stop,-24.52573,-7.81959,212.91576744901667,213.48538173087186,0.0,213.98538173087186,31.014618269128135,3,1,197.9780725963078,228.48538173087186,0.5,46.52192740369219,1,[308]
181,transit stop,0.0,0.0,245.0,245.0,0.0,245.0,0.0,2,-1,245.0,260.0,0.0,46.52192740369219,1,Int64[]
181,transit stop,0.0,0.0,245.0,245.0,0.0,245.0,0.0,1,-1,245.0,260.0,0.0,40.51796749074235,1,Int64[]
181,transit stop,0.0,0.0,245.0,245.0,0.0,245.0,0.0,0,-1,245.0,260.0,0.0,52.11893911168216,1,Int64[]
183,depot,-0.80351,1.8093,247.3851754647263,247.3851754647263,0.0,247.3851754647263,0.0,0,0,0.0,1257.3451283557345,0.0,0.0,1,Int64[]
