node,type_node,x,y,t_arr,t_begin_service,t_wait,t_departure,ride_time,num_passenger,qi,ei,li,service_or_chg_time,Li,lyr,cus_set
92,depot,-1.38058,2.04004,0.0,0.0,0.0,0.0,0.0,0,0,0.0,1251.4520874212778,0.0,0.0,1,Int64[]
44,bus stop,0.22391,-34.02962,43.50039602644321,182.99935547022716,0.0,183.49935547022716,61.50064452977284,1,1,182.99935547022716,218.49957031348475,0.5,61.50064452977285,1,[123]
45,bus stop,0.22391,-32.62962,185.18610245817896,185.5294188339755,0.0,186.0294188339755,58.97058116602449,2,1,185.5294188339755,220.18627922265034,0.5,58.97058116602449,1,[145]
69,bus stop,15.62391,-28.42962,205.26129347420195,205.41573215743668,0.0,205.91573215743668,39.08426784256332,3,1,185.87359823615503,220.41573215743668,0.5,58.62640176384498,1,[117]
90,transit stop,0.0,0.0,245.0,245.0,0.0,245.0,0.0,2,-1,245.0,260.0,0.0,58.62640176384498,1,Int64[]
90,transit stop,0.0,0.0,245.0,245.0,0.0,245.0,0.0,1,-1,245.0,260.0,0.0,58.97058116602449,1,Int64[]
90,transit stop,0.0,0.0,245.0,245.0,0.0,245.0,0.0,0,-1,245.0,260.0,0.0,61.50064452977285,1,Int64[]
92,depot,-1.38058,2.04004,247.96781113681843,247.96781113681843,0.0,247.96781113681843,0.0,0,0,0.0,1251.4520874212778,0.0,0.0,1,Int64[]
