node,type_node,x,y,t_arr,t_begin_service,t_wait,t_departure,ride_time,num_passenger,qi,ei,li,service_or_chg_time,Li,lyr,cus_set
23,depot,0.0,0.0,0.0,0.0,0.0,0.0,0.0,0,0,0.0,1258.4170362452658,0.0,0.0,1,Int64[]
5,bus stop,-1.44288,-2.88684,3.888366001063076,238.6674509984054,0.0,239.1674509984054,5.8325490015946,3,3,238.6674509984054,255.61163399893695,0.5,5.8325490015946135,1,"[27, 33, 67]"
11,bus stop,-0.04288,-1.48684,241.55287146505881,242.7078816935295,0.0,243.2078816935295,1.7921183064705133,9,6,241.81182254029426,257.7078816935295,0.5,2.688177459705755,1,"[38, 41, 44, 51, 63, 70]"
21,transit stop,0.0,0.0,245.0,245.0,0.0,245.0,0.0,3,-6,245.0,260.0,0.0,2.688177459705755,1,Int64[]
21,transit stop,0.0,0.0,245.0,245.0,0.0,245.0,0.0,0,-3,245.0,260.0,0.0,5.8325490015946135,1,Int64[]
23,depot,0.0,0.0,245.0,245.0,0.0,245.0,0.0,0,0,0.0,1258.4170362452658,0.0,0.0,1,Int64[]
