node,type_node,x,y,t_arr,t_begin_service,t_wait,t_departure,ride_time,num_passenger,qi,ei,li,service_or_chg_time,Li,lyr,cus_set
44,depot,0.0,0.0,0.0,0.0,0.0,0.0,0.0,0,0,0.0,1258.4800206879172,0.0,0.0,1,Int64[]
5,bus stop,-3.48684,-3.15933,5.668981238846943,235.99652814172958,0.0,236.49652814172958,8.503471858270416,1,1,235.99652814172958,253.83101876115305,0.5,8.503471858270414,1,[50]
6,bus stop,-3.48684,-1.75933,238.1832751296814,238.1832751296814,0.0,238.6832751296814,6.316724870318609,4,3,237.4417830240216,254.79452201601438,0.5,7.058216975978413,1,"[52, 72, 91]"
13,bus stop,-2.08684,-0.35933,241.0686955963348,241.94873458927447,0.0,242.44873458927447,2.5512654107255344,6,2,240.67310188391167,256.94873458927447,0.5,3.8268981160883166,1,"[47, 77]"
42,transit stop,0.0,0.0,245.0,245.0,0.0,245.0,0.0,4,-2,245.0,260.0,0.0,3.8268981160883166,1,Int64[]
42,transit stop,0.0,0.0,245.0,245.0,0.0,245.0,0.0,1,-3,245.0,260.0,0.0,7.058216975978413,1,Int64[]
42,transit stop,0.0,0.0,245.0,245.0,0.0,245.0,0.0,0,-1,245.0,260.0,0.0,8.503471858270414,1,Int64[]
44,depot,0.0,0.0,245.0,245.0,0.0,245.0,0.0,0,0,0.0,1258.4800206879172,0.0,0.0,1,Int64[]
