node,type_node,x,y,t_arr,t_begin_service,t_wait,t_departure,ride_time,num_passenger,qi,ei,li,service_or_chg_time,Li,lyr,cus_set
69,depot,0.0,0.0,0.0,0.0,0.0,0.0,0.0,0,0,0.0,1257.620574165033,0.0,0.0,1,Int64[]
3,bus stop,-7.67357,-0.96353,9.317862806974146,230.5232057895388,0.0,231.0232057895388,13.976794210461208,1,1,230.5232057895388,250.18213719302585,0.5,13.976794210461218,1,[82]
4,bus stop,-7.67357,0.43647,232.7099527774906,235.2397914370145,0.0,235.7397914370145,9.260208562985497,2,1,230.60968715552175,250.2397914370145,0.5,13.89031284447824,1,[91]
67,transit stop,0.0,0.0,245.0,245.0,0.0,245.0,0.0,1,-1,245.0,260.0,0.0,13.89031284447824,1,Int64[]
67,transit stop,0.0,0.0,245.0,245.0,0.0,245.0,0.0,0,-1,245.0,260.0,0.0,13.976794210461218,1,Int64[]
69,depot,0.0,0.0,245.0,245.0,0.0,245.0,0.0,0,0,0.0,1257.620574165033,0.0,0.0,1,Int64[]
