node,type_node,x,y,t_arr,t_begin_service,t_wait,t_departure,ride_time,num_passenger,qi,ei,li,service_or_chg_time,Li,lyr,cus_set
202,depot,-0.59366,-0.18493,0.0,0.0,0.0,0.0,0.0,0,0,0.0,1258.7132913689666,0.0,0.0,1,Int64[]
181,bus stop,14.34202,-9.65428,21.3066805398945,213.25538693555384,0.0,213.75538693555384,31.244613064446156,2,2,213.25538693555384,238.67025795703591,0.5,31.24461306444615,1,"[277, 328]"
187,bus stop,15.74202,-8.25428,216.14080740220726,216.14080740220726,0.0,216.64080740220726,28.35919259779274,3,1,212.37682593831204,238.08455062554134,0.5,32.123174061687976,1,[297]
193,bus stop,17.14202,-5.45428,220.41248832811053,222.82671033335487,0.0,223.32671033335487,21.673289666645132,5,2,211.9900655000323,237.82671033335487,0.5,32.509934499967706,1,"[206, 220]"
200,transit stop,0.0,0.0,245.0,245.0,0.0,245.0,0.0,3,-2,245.0,260.0,0.0,32.509934499967706,1,Int64[]
200,transit stop,0.0,0.0,245.0,245.0,0.0,245.0,0.0,1,-2,245.0,260.0,0.0,31.24461306444615,1,Int64[]
200,transit stop,0.0,0.0,245.0,245.0,0.0,245.0,0.0,0,-1,245.0,260.0,0.0,32.123174061687976,1,Int64[]
202,depot,-0.59366,-0.18493,245.74915280984663,245.74915280984663,0.0,245.74915280984663,0.0,0,0,0.0,1258.7132913689666,0.0,0.0,1,Int64[]
