node,type_node,x,y,t_arr,t_begin_service,t_wait,t_departure,ride_time,num_passenger,qi,ei,li,service_or_chg_time,Li,lyr,cus_set
263,depot,0.0,0.0,0.0,0.0,0.0,0.0,0.0,0,0,0.0,1258.2300865461273,0.0,0.0,1,Int64[]
241,bus stop,7.26535,2.90389,9.426730212258208,230.35990468161268,0.0,230.85990468161268,14.140095318387324,1,1,230.35990468161268,250.0732697877418,0.5,14.140095318387313,1,[390]
245,bus stop,7.86535,2.90389,231.58279624787772,231.58279624787772,0.0,232.08279624787772,12.917203752122276,2,1,229.34766986555553,249.39844657703702,0.5,15.152330134444455,1,[355]
233,bus stop,6.86535,4.50389,234.35604471343353,234.60740978293416,0.0,235.10740978293416,9.892590217065845,3,1,229.6611146744012,249.60740978293416,0.5,14.838885325598783,1,[413]
261,transit stop,0.0,0.0,245.0,245.0,0.0,245.0,0.0,2,-1,245.0,260.0,0.0,14.838885325598783,1,Int64[]
261,transit stop,0.0,0.0,245.0,245.0,0.0,245.0,0.0,1,-1,245.0,260.0,0.0,15.152330134444455,1,Int64[]
261,transit stop,0.0,0.0,245.0,245.0,0.0,245.0,0.0,0,-1,245.0,260.0,0.0,14.140095318387313,1,Int64[]
263,depot,0.0,0.0,245.0,245.0,0.0,245.0,0.0,0,0,0.0,1258.2300865461273,0.0,0.0,1,Int64[]
