node,type_node,x,y,t_arr,t_begin_service,t_wait,t_departure,ride_time,num_passenger,qi,ei,li,service_or_chg_time,Li,lyr,cus_set
163,depot,-0.66324,1.5974,0.0,0.0,0.0,0.0,0.0,0,0,0.0,1257.920683071023,0.0,0.0,1,Int64[]
103,bus stop,2.59176,16.02615,17.82089615079742,215.1607807584767,0.0,215.6607807584767,29.339219241523296,2,2,215.1607807584767,239.94052050565114,0.5,29.339219241523285,1,"[250, 271]"
126,bus stop,8.19176,13.22615,223.2041426102832,223.2041426102832,0.0,223.7041426102832,21.295857389716787,3,1,216.3840263013769,240.75601753425127,0.5,28.115973698623087,1,[212]
124,bus stop,8.19176,10.42615,227.07763658618683,228.52491707753632,0.0,229.02491707753632,15.975082922463685,4,1,220.53737561630447,243.52491707753632,0.5,23.96262438369552,1,[171]
161,transit stop,0.0,0.0,245.0,245.0,0.0,245.0,0.0,3,-1,245.0,260.0,0.0,23.96262438369552,1,Int64[]
161,transit stop,0.0,0.0,245.0,245.0,0.0,245.0,0.0,2,-1,245.0,260.0,0.0,28.115973698623087,1,Int64[]
161,transit stop,0.0,0.0,245.0,245.0,0.0,245.0,0.0,0,-2,245.0,260.0,0.0,29.339219241523285,1,Int64[]
163,depot,-0.66324,1.5974,247.08387558698712,247.08387558698712,0.0,247.08387558698712,0.0,0,0,0.0,1257.920683071023,0.0,0.0,1,Int64[]
