node,type_node,x,y,t_arr,t_begin_service,t_wait,t_departure,ride_time,num_passenger,qi,ei,li,service_or_chg_time,Li,lyr,cus_set
217,depot,0.0,0.0,0.0,0.0,0.0,0.0,0.0,0,0,0.0,1256.9434814759945,0.0,0.0,1,Int64[]
171,bus stop,8.2781,-13.73398,19.320326037261736,215.5195109441074,0.0,216.0195109441074,28.980489055892605,2,2,215.5195109441074,240.17967396273826,0.5,28.980489055892605,1,"[293, 348]"
153,bus stop,5.4781,-15.13398,219.79119187001066,224.35354677386383,0.0,224.85354677386383,20.146453226136174,3,1,215.4127682072466,240.1085121381644,0.5,29.087231792753414,1,[344]
145,bus stop,4.0781,-13.73398,227.23896724051724,227.23896724051724,0.0,227.73896724051724,17.26103275948276,4,1,218.60845086077586,242.23896724051724,0.5,25.89154913922413,1,[272]
215,transit stop,0.0,0.0,245.0,245.0,0.0,245.0,0.0,3,-1,245.0,260.0,0.0,29.087231792753414,1,Int64[]
215,transit stop,0.0,0.0,245.0,245.0,0.0,245.0,0.0,2,-1,245.0,260.0,0.0,25.89154913922413,1,Int64[]
215,transit stop,0.0,0.0,245.0,245.0,0.0,245.0,0.0,0,-2,245.0,260.0,0.0,28.980489055892605,1,Int64[]
217,depot,0.0,0.0,245.0,245.0,0.0,245.0,0.0,0,0,0.0,1256.9434814759945,0.0,0.0,1,Int64[]
