node,type_node,x,y,t_arr,t_begin_service,t_wait,t_departure,ride_time,num_passenger,qi,ei,li,service_or_chg_time,Li,lyr,cus_set
88,depot,0.0,0.0,0.0,0.0,0.0,0.0,0.0,0,0,0.0,1256.500460868947,0.0,0.0,1,Int64[]
14,bus stop,-3.85946,-7.47992,10.140874083892767,231.49686228247805,0.0,231.99686228247805,13.003137717521952,1,1,229.28868887416084,249.35912591610725,0.5,15.21131112583915,1,[125]
13,bus stop,-4.85946,-5.47992,234.69092008669466,234.69092008669466,0.0,235.19092008669466,9.80907991330534,2,1,231.2634977933366,250.6756651955577,0.5,13.236502206663413,1,[93]
15,bus stop,-3.45946,-5.27992,236.89479184858996,236.89479184858996,0.0,237.39479184858996,9.813381559727247,3,1,233.09218777288493,251.89479184858996,0.5,11.407812227115066,1,[132]
86,transit stop,0.0,0.0,245.0,245.0,0.0,245.0,0.0,2,-1,245.0,260.0,0.0,15.21131112583915,1,Int64[]
86,transit stop,0.0,0.0,245.0,245.0,0.0,245.0,0.0,1,-1,245.0,260.0,0.0,13.236502206663413,1,Int64[]
86,transit stop,0.0,0.0,245.0,245.0,0.0,245.0,0.0,0,-1,245.0,260.0,0.0,11.407812227115066,1,Int64[]
88,depot,0.0,0.0,245.0,245.0,0.0,245.0,0.0,0,0,0.0,1256.500460868947,0.0,0.0,1,Int64[]
