node,type_node,x,y,t_arr,t_begin_service,t_wait,t_departure,ride_time,num_passenger,qi,ei,li,service_or_chg_time,Li,lyr,cus_set
348,depot,0.0,0.0,0.0,0.0,0.0,0.0,0.0,0,0,0.0,1257.5133522497795,0.0,0.0,1,Int64[]
271,bus stop,12.42979,26.85752,35.65585371558378,206.6350912076308,0.0,207.1350912076308,37.86490879236919,2,2,191.01621942662433,223.8441462844162,0.5,53.48378057337567,1,"[462, 593]"
259,bus stop,11.02979,26.85752,208.82183819558261,208.82183819558261,0.0,209.32183819558261,51.29703358542386,3,1,192.0286202476434,224.5190801650956,0.5,52.47137975235661,1,[525]
251,bus stop,9.62979,25.45752,211.70725866223603,211.70725866223603,0.0,212.20725866223603,32.79274133776397,4,1,195.31088799335407,226.70725866223603,0.5,49.189112006645935,1,[528]
346,transit stop,0.0,0.0,245.0,245.0,0.0,245.0,0.0,2,-2,245.0,260.0,0.0,53.48378057337567,1,Int64[]
346,transit stop,0.0,0.0,245.0,245.0,0.0,245.0,0.0,1,-1,245.0,260.0,0.0,49.189112006645935,1,Int64[]
346,transit stop,0.0,0.0,245.0,245.0,0.0,245.0,0.0,0,-1,245.0,260.0,0.0,52.47137975235661,1,Int64[]
348,depot,0.0,0.0,245.0,245.0,0.0,245.0,0.0,0,0,0.0,1257.5133522497795,0.0,0.0,1,Int64[]
