node,type_node,x,y,t_arr,t_begin_service,t_wait,t_departure,ride_time,num_passenger,qi,ei,li,service_or_chg_time,Li,lyr,cus_set
144,depot,0.0,0.0,0.0,0.0,0.0,0.0,0.0,0,0,0.0,1257.648391755406,0.0,0.0,1,Int64[]
55,bus stop,-6.03212,16.2966,20.936335740472128,213.0954963892918,0.0,213.5954963892918,31.40450361070819,1,1,213.0954963892918,238.56366425952788,0.5,31.40450361070819,1,[205]
66,bus stop,-3.23212,16.2966,216.96899036519542,216.96899036519542,0.0,217.46899036519542,27.531009634804576,2,1,214.47465663010354,239.48310442006903,0.5,30.025343369896472,1,[196]
76,bus stop,0.96788,10.6966,225.90272530495446,231.55987956494002,0.0,232.05987956494002,12.940120435059981,3,1,225.08981934741004,246.55987956494002,0.5,19.41018065258997,1,[194]
142,transit stop,0.0,0.0,245.0,245.0,0.0,245.0,0.0,2,-1,245.0,260.0,0.0,19.41018065258997,1,Int64[]
142,transit stop,0.0,0.0,245.0,245.0,0.0,245.0,0.0,1,-1,245.0,260.0,0.0,30.025343369896472,1,Int64[]
142,transit stop,0.0,0.0,245.0,245.0,0.0,245.0,0.0,0,-1,245.0,260.0,0.0,31.40450361070819,1,Int64[]
144,depot,0.0,0.0,245.0,245.0,0.0,245.0,0.0,0,0,0.0,1257.648391755406,0.0,0.0,1,Int64[]
