node,type_node,x,y,t_arr,t_begin_service,t_wait,t_departure,ride_time,num_passenger,qi,ei,li,service_or_chg_time,Li,lyr,cus_set
76,depot,0.0,0.0,0.0,0.0,0.0,0.0,0.0,0,0,0.0,1251.7382533733314,0.0,0.0,1,Int64[]
28,bus stop,-7.2783,-19.4516,25.022515436657475,206.96622684501378,0.0,207.46622684501378,37.53377315498622,1,1,206.96622684501378,234.47748456334253,0.5,37.533773154986214,1,[119]
14,bus stop,-12.8783,-11.0516,219.62953235260315,224.05394802308084,0.0,224.55394802308084,20.446051976919165,2,1,213.83092203462127,239.05394802308084,0.5,30.66907796537874,1,[102]
74,transit stop,0.0,0.0,245.0,245.0,0.0,245.0,0.0,1,-1,245.0,260.0,0.0,30.66907796537874,1,Int64[]
74,transit stop,0.0,0.0,245.0,245.0,0.0,245.0,0.0,0,-1,245.0,260.0,0.0,37.533773154986214,1,Int64[]
76,depot,0.0,0.0,245.0,245.0,0.0,245.0,0.0,0,0,0.0,1251.7382533733314,0.0,0.0,1,Int64[]
