node,type_node,x,y,t_arr,t_begin_service,t_wait,t_departure,ride_time,num_passenger,qi,ei,li,service_or_chg_time,Li,lyr,cus_set
178,depot,0.0,0.0,0.0,0.0,0.0,0.0,0.0,0,0,0.0,1258.2453763888404,0.0,0.0,1,Int64[]
26,bus stop,-5.54376,-8.41686,12.142809633902555,226.28578554914617,0.0,226.78578554914617,18.21421445085383,1,1,226.28578554914617,247.35719036609746,0.5,18.21421445085383,1,[561]
40,bus stop,-4.14376,-5.61686,230.55746647504944,231.8856116620998,0.0,232.3856116620998,12.614388337900209,5,4,231.8856116620998,251.0904077747332,0.5,12.614388337900202,1,"[206, 222, 227, 312]"
39,bus stop,-4.14376,-7.01686,234.0723586500516,234.68186338227994,0.0,235.18186338227994,9.818136617720057,8,3,229.77279507341993,249.68186338227994,0.5,14.727204926580082,1,"[354, 472, 631]"
176,transit stop,0.0,0.0,245.0,245.0,0.0,245.0,0.0,5,-3,245.0,260.0,0.0,14.727204926580082,1,Int64[]
176,transit stop,0.0,0.0,245.0,245.0,0.0,245.0,0.0,1,-4,245.0,260.0,0.0,12.614388337900202,1,Int64[]
176,transit stop,0.0,0.0,245.0,245.0,0.0,245.0,0.0,0,-1,245.0,260.0,0.0,18.21421445085383,1,Int64[]
178,depot,0.0,0.0,245.0,245.0,0.0,245.0,0.0,0,0,0.0,1258.2453763888404,0.0,0.0,1,Int64[]
