node,type_node,x,y,t_arr,t_begin_service,t_wait,t_departure,ride_time,num_passenger,qi,ei,li,service_or_chg_time,Li,lyr,cus_set
309,depot,0.0,0.0,0.0,0.0,0.0,0.0,0.0,0,0,0.0,1257.2518848110494,0.0,0.0,1,Int64[]
251,bus stop,9.45812,-12.67259,19.051792076000524,215.92231188599922,0.0,216.42231188599922,28.57768811400078,1,1,215.92231188599922,240.44820792399946,0.5,28.577688114000786,1,[334]
269,bus stop,12.25812,-8.47259,222.5039646397939,226.54672573138814,0.0,227.04672573138814,17.953274268611864,2,1,217.57008859708222,241.54672573138814,0.5,26.929911402917785,1,[550]
307,transit stop,0.0,0.0,245.0,245.0,0.0,245.0,0.0,1,-1,245.0,260.0,0.0,26.929911402917785,1,Int64[]
307,transit stop,0.0,0.0,245.0,245.0,0.0,245.0,0.0,0,-1,245.0,260.0,0.0,28.577688114000786,1,Int64[]
309,depot,0.0,0.0,245.0,245.0,0.0,245.0,0.0,0,0,0.0,1257.2518848110494,0.0,0.0,1,Int64[]
