node,type_node,x,y,t_arr,t_begin_service,t_wait,t_departure,ride_time,num_passenger,qi,ei,li,service_or_chg_time,Li,lyr,cus_set
53,depot,-3.07831,-1.46881,0.0,0.0,0.0,0.0,0.0,0,0,0.0,1252.609800961849,0.0,0.0,1,Int64[]
18,bus stop,-13.13031,30.59119,40.48060640413947,184.3372992818288,0.0,184.8372992818288,60.16270071817121,1,1,184.3372992818288,219.3915328545525,0.5,60.162700718171216,1,[57]
14,bus stop,-17.33031,27.79119,190.91895203562348,190.91895203562348,0.0,191.41895203562348,53.58104796437652,2,1,185.30973836484694,220.03982557656462,0.5,59.190261635153064,1,[77]
7,bus stop,-18.73031,16.59119,205.01794100865717,214.35321393597437,0.0,214.85321393597437,30.146786064025633,3,1,199.27982090396156,229.3532139359744,0.5,45.22017909603843,1,[61]
51,transit stop,0.0,0.0,245.0,245.0,0.0,245.0,0.0,2,-1,245.0,260.0,0.0,45.22017909603843,1,Int64[]
51,transit stop,0.0,0.0,245.0,245.0,0.0,245.0,0.0,1,-1,245.0,260.0,0.0,60.162700718171216,1,Int64[]
51,transit stop,0.0,0.0,245.0,245.0,0.0,245.0,0.0,0,-1,245.0,260.0,0.0,59.190261635153064,1,Int64[]
53,depot,-3.07831,-1.46881,249.1093690897589,249.1093690897589,0.0,249.1093690897589,0.0,0,0,0.0,1252.609800961849,0.0,0.0,1,Int64[]
