node,type_node,x,y,t_arr,t_begin_service,t_wait,t_departure,ride_time,num_passenger,qi,ei,li,service_or_chg_time,Li,lyr,cus_set
288,depot,0.0,0.0,0.0,0.0,0.0,0.0,0.0,0,0,0.0,1256.414825873821,0.0,0.0,1,Int64[]
276,bus stop,16.92097,2.23194,20.563296272356247,213.65505559146564,0.0,214.15505559146564,30.84494440853436,1,1,213.65505559146564,238.93670372764376,0.5,30.84494440853437,1,[489]
280,bus stop,18.32097,-0.56806,217.9267365173689,217.9267365173689,0.0,218.4267365173689,26.57326348263109,3,2,211.3739014723218,237.41593431488118,0.5,33.12609852767822,1,"[328, 424]"
267,bus stop,15.52097,0.83194,222.19841744327218,225.77319225398853,0.0,226.27319225398853,18.726807746011474,4,1,216.4097883809828,240.77319225398853,0.5,28.090211619017197,1,[376]
286,transit stop,0.0,0.0,245.0,245.0,0.0,245.0,0.0,3,-1,245.0,260.0,0.0,28.090211619017197,1,Int64[]
286,transit stop,0.0,0.0,245.0,245.0,0.0,245.0,0.0,1,-2,245.0,260.0,0.0,33.12609852767822,1,Int64[]
286,transit stop,0.0,0.0,245.0,245.0,0.0,245.0,0.0,0,-1,245.0,260.0,0.0,30.84494440853437,1,Int64[]
288,depot,0.0,0.0,245.0,245.0,0.0,245.0,0.0,0,0,0.0,1256.414825873821,0.0,0.0,1,Int64[]
