node,type_node,x,y,t_arr,t_begin_service,t_wait,t_departure,ride_time,num_passenger,qi,ei,li,service_or_chg_time,Li,lyr,cus_set
180,depot,0.0,0.0,0.0,0.0,0.0,0.0,0.0,0,0,0.0,1258.3808846191994,0.0,0.0,1,Int64[]
27,bus stop,-6.94376,6.98314,11.86487325254182,226.70269012118726,0.0,227.20269012118726,17.79730987881274,2,2,226.70269012118726,247.63512674745817,0.5,17.79730987881273,1,"[187, 575]"
39,bus stop,-5.54376,6.98314,228.88943710913907,228.88943710913907,0.0,229.38943710913907,15.610562890860933,7,5,228.38649735096652,248.75766490064433,0.5,16.113502649033492,1,"[186, 342, 356, 359, 440]"
26,bus stop,-6.94376,5.58314,231.77485757579248,233.76511735866345,0.0,234.26511735866345,10.734882641336554,11,4,228.39767603799515,248.76511735866345,0.5,16.102323962004842,1,"[279, 491, 621, 634]"
178,transit stop,0.0,0.0,245.0,245.0,0.0,245.0,0.0,7,-4,245.0,260.0,0.0,16.102323962004842,1,Int64[]
178,transit stop,0.0,0.0,245.0,245.0,0.0,245.0,0.0,2,-5,245.0,260.0,0.0,16.113502649033492,1,Int64[]
178,transit stop,0.0,0.0,245.0,245.0,0.0,245.0,0.0,0,-2,245.0,260.0,0.0,17.79730987881273,1,Int64[]
180,depot,0.0,0.0,245.0,245.0,0.0,245.0,0.0,0,0,0.0,1258.3808846191994,0.0,0.0,1,Int64[]
