node,type_node,x,y,t_arr,t_begin_service,t_wait,t_departure,ride_time,num_passenger,qi,ei,li,service_or_chg_time,Li,lyr,cus_set
151,depot,0.0,0.0,0.0,0.0,0.0,0.0,0.0,0,0,0.0,1258.567769133469,0.0,0.0,1,Int64[]
6,bus stop,-15.62811,1.20049,18.884518848246362,216.17322172763045,0.0,216.67322172763045,28.326778272369552,1,1,216.17322172763045,240.61548115175364,0.5,28.326778272369545,1,[160]
5,bus stop,-15.62811,-4.39951,223.42020967943768,223.42020967943768,0.0,223.92020967943768,21.079790320562324,2,1,215.15862083470512,239.9390805564701,0.5,29.341379165294867,1,[163]
13,bus stop,-12.82811,-2.99951,227.69189060534094,228.6275649555469,0.0,229.1275649555469,15.872435044453113,3,1,220.69134743332035,243.6275649555469,0.5,23.80865256667967,1,[178]
149,transit stop,0.0,0.0,245.0,245.0,0.0,245.0,0.0,2,-1,245.0,260.0,0.0,23.80865256667967,1,Int64[]
149,transit stop,0.0,0.0,245.0,245.0,0.0,245.0,0.0,1,-1,245.0,260.0,0.0,29.341379165294867,1,Int64[]
149,transit stop,0.0,0.0,245.0,245.0,0.0,245.0,0.0,0,-1,245.0,260.0,0.0,28.326778272369545,1,Int64[]
151,depot,0.0,0.0,245.0,245.0,0.0,245.0,0.0,0,0,0.0,1258.567769133469,0.0,0.0,1,Int64[]
