node,type_node,x,y,t_arr,t_begin_service,t_wait,t_departure,ride_time,num_passenger,qi,ei,li,service_or_chg_time,Li,lyr,cus_set
172,depot,0.0,0.0,0.0,0.0,0.0,0.0,0.0,0,0,0.0,1257.1183980346384,0.0,0.0,1,Int64[]
129,bus stop,9.50901,-11.68683,18.15256334918102,217.27115497622847,0.0,217.77115497622847,27.228845023771527,1,1,217.27115497622847,241.347436650819,0.5,27.228845023771527,1,[262]
128,bus stop,7.90901,-14.48683,221.65658039709524,224.61425133677545,0.0,225.11425133677545,19.885748663224547,2,1,214.67137700516315,239.61425133677545,0.5,29.828622994836834,1,[215]
170,transit stop,0.0,0.0,245.0,245.0,0.0,245.0,0.0,1,-1,245.0,260.0,0.0,29.828622994836834,1,Int64[]
170,transit stop,0.0,0.0,245.0,245.0,0.0,245.0,0.0,0,-1,245.0,260.0,0.0,27.228845023771527,1,Int64[]
172,depot,0.0,0.0,245.0,245.0,0.0,245.0,0.0,0,0,0.0,1257.1183980346384,0.0,0.0,1,Int64[]
