node,type_node,x,y,t_arr,t_begin_service,t_wait,t_departure,ride_time,num_passenger,qi,ei,li,service_or_chg_time,Li,lyr,cus_set
152,depot,0.0,0.0,0.0,0.0,0.0,0.0,0.0,0,0,0.0,1258.291207243486,0.0,0.0,1,Int64[]
48,bus stop,-1.35736,2.18873,3.102957065400187,239.8455644018997,0.0,240.3455644018997,4.654435598100292,1,1,239.8455644018997,256.3970429345998,0.5,4.654435598100281,1,[153]
58,bus stop,-0.95736,1.98873,240.88437596274304,240.88437596274304,0.0,241.38437596274304,3.615624037256964,2,1,240.51114437850322,256.84076291900215,0.5,3.9888556214967807,1,[157]
62,bus stop,-0.75736,1.78873,241.7251503151221,242.15968726462128,0.0,242.65968726462128,2.340312735378717,4,2,240.9895308969319,257.15968726462125,0.5,3.510469103068077,1,"[165, 177]"
150,transit stop,0.0,0.0,245.0,245.0,0.0,245.0,0.0,2,-2,245.0,260.0,0.0,3.510469103068077,1,Int64[]
150,transit stop,0.0,0.0,245.0,245.0,0.0,245.0,0.0,1,-1,245.0,260.0,0.0,4.654435598100281,1,Int64[]
150,transit stop,0.0,0.0,245.0,245.0,0.0,245.0,0.0,0,-1,245.0,260.0,0.0,3.9888556214967807,1,Int64[]
152,depot,0.0,0.0,245.0,245.0,0.0,245.0,0.0,0,0,0.0,1258.291207243486,0.0,0.0,1,Int64[]
