node,type_node,x,y,t_arr,t_begin_service,t_wait,t_departure,ride_time,num_passenger,qi,ei,li,service_or_chg_time,Li,lyr,cus_set
152,depot,0.0,0.0,0.0,0.0,0.0,0.0,0.0,0,0,0.0,1258.291207243486,0.0,0.0,1,Int64[]
79,bus stop,0.04264,2.78873,3.360308392991353,239.45953741051298,0.0,239.95953741051298,5.040462589487021,1,1,239.45953741051298,256.1396916070087,0.5,5.04046258948703,1,[231]
74,bus stop,-0.15736,1.98873,240.95305683837265,240.95305683837265,0.0,241.45305683837265,3.546943161627354,2,1,240.89467606686554,257.0964507112437,0.5,3.605323933134449,1,[226]
73,bus stop,-0.15736,1.58873,241.934984549216,242.57650114426377,0.0,243.07650114426377,1.9234988557362271,3,1,241.61475171639566,257.5765011442638,0.5,2.885248283604343,1,[181]
150,transit stop,0.0,0.0,245.0,245.0,0.0,245.0,0.0,2,-1,245.0,260.0,0.0,2.885248283604343,1,Int64[]
150,transit stop,0.0,0.0,245.0,245.0,0.0,245.0,0.0,1,-1,245.0,260.0,0.0,5.04046258948703,1,Int64[]
150,transit stop,0.0,0.0,245.0,245.0,0.0,245.0,0.0,0,-1,245.0,260.0,0.0,3.605323933134449,1,Int64[]
152,depot,0.0,0.0,245.0,245.0,0.0,245.0,0.0,0,0,0.0,1258.291207243486,0.0,0.0,1,Int64[]
