node,type_node,x,y,t_arr,t_begin_service,t_wait,t_departure,ride_time,num_passenger,qi,ei,li,service_or_chg_time,Li,lyr,cus_set
92,depot,0.0,0.0,0.0,0.0,0.0,0.0,0.0,0,0,0.0,1256.503968981111,0.0,0.0,1,Int64[]
40,bus stop,-7.03592,-28.76109,35.673729723098134,190.9894054153528,0.0,191.4894054153528,53.51059458464721,1,1,190.9894054153528,223.82627027690188,0.5,53.5105945846472,1,[138]
35,bus stop,-7.63592,-18.56109,203.79980519795018,220.31878377285418,0.0,220.81878377285418,24.181216227145825,2,1,208.22817565928128,235.31878377285418,0.5,36.27182434071872,1,[95]
90,transit stop,0.0,0.0,245.0,245.0,0.0,245.0,0.0,1,-1,245.0,260.0,0.0,36.27182434071872,1,Int64[]
90,transit stop,0.0,0.0,245.0,245.0,0.0,245.0,0.0,0,-1,245.0,260.0,0.0,53.5105945846472,1,Int64[]
92,depot,0.0,0.0,245.0,245.0,0.0,245.0,0.0,0,0,0.0,1256.503968981111,0.0,0.0,1,Int64[]
