node,type_node,x,y,t_arr,t_begin_service,t_wait,t_departure,ride_time,num_passenger,qi,ei,li,service_or_chg_time,Li,lyr,cus_set
464,depot,0.0,0.0,0.0,0.0,0.0,0.0,0.0,0,0,0.0,1258.0066898761925,0.0,0.0,1,Int64[]
158,bus stop,-5.72577,16.55034,21.09976014956424,212.85035977565363,0.0,213.35035977565363,31.64964022434637,1,1,212.85035977565363,238.40023985043575,0.5,31.64964022434636,1,[734]
196,bus stop,-2.92577,12.35034,219.43201252944831,221.56235413103488,0.0,222.06235413103488,22.93764586896512,2,1,221.56235413103488,244.2082360873566,0.5,22.937645868965113,1,[685]
154,bus stop,-5.72577,10.95034,225.83403505693815,229.61209990695204,0.0,230.11209990695204,14.88790009304796,4,2,222.16814986042806,244.61209990695204,0.5,22.331850139571955,1,"[519, 526]"
462,transit stop,0.0,0.0,245.0,245.0,0.0,245.0,0.0,2,-2,245.0,260.0,0.0,22.331850139571955,1,Int64[]
462,transit stop,0.0,0.0,245.0,245.0,0.0,245.0,0.0,1,-1,245.0,260.0,0.0,22.937645868965113,1,Int64[]
462,transit stop,0.0,0.0,245.0,245.0,0.0,245.0,0.0,0,-1,245.0,260.0,0.0,31.64964022434636,1,Int64[]
464,depot,0.0,0.0,245.0,245.0,0.0,245.0,0.0,0,0,0.0,1258.0066898761925,0.0,0.0,1,Int64[]
