node,type_node,x,y,t_arr,t_begin_service,t_wait,t_departure,ride_time,num_passenger,qi,ei,li,service_or_chg_time,Li,lyr,cus_set
464,depot,0.0,0.0,0.0,0.0,0.0,0.0,0.0,0,0,0.0,1258.0066898761925,0.0,0.0,1,Int64[]
23,bus stop,-15.52577,-10.04966,22.28248679784016,211.07626980323977,0.0,211.57626980323977,33.42373019676023,1,1,211.07626980323977,237.21751320215984,0.5,33.42373019676024,1,[732]
37,bus stop,-14.12577,-12.84966,215.34795072914304,215.34795072914304,0.0,215.84795072914304,29.152049270856963,6,5,209.98944413152861,236.4929627543524,0.5,34.5105558684714,1,"[536, 557, 564, 778, 902]"
90,bus stop,-9.92577,-11.44966,221.18191304749934,226.24328542826396,0.0,226.74328542826396,18.25671457173604,8,2,217.1149281423959,241.24328542826396,0.5,27.385071857604075,1,"[687, 941]"
462,transit stop,0.0,0.0,245.0,245.0,0.0,245.0,0.0,6,-2,245.0,260.0,0.0,27.385071857604075,1,Int64[]
462,transit stop,0.0,0.0,245.0,245.0,0.0,245.0,0.0,1,-5,245.0,260.0,0.0,34.5105558684714,1,Int64[]
462,transit stop,0.0,0.0,245.0,245.0,0.0,245.0,0.0,0,-1,245.0,260.0,0.0,33.42373019676024,1,Int64[]
464,depot,0.0,0.0,245.0,245.0,0.0,245.0,0.0,0,0,0.0,1258.0066898761925,0.0,0.0,1,Int64[]
