node,type_node,x,y,t_arr,t_begin_service,t_wait,t_departure,ride_time,num_passenger,qi,ei,li,service_or_chg_time,Li,lyr,cus_set
172,depot,0.0,0.0,0.0,0.0,0.0,0.0,0.0,0,0,0.0,1258.2304011179867,0.0,0.0,1,Int64[]
22,bus stop,-2.52532,1.94064,3.8371791136964006,238.7442313294554,0.0,239.2442313294554,5.755768670544597,1,1,238.7442313294554,255.66282088630362,0.5,5.755768670544601,1,[242]
18,bus stop,-2.72532,2.14064,239.58500568183447,239.58500568183447,0.0,240.08500568183447,4.914994318165526,2,1,238.23704337888458,255.32469558592305,0.5,6.262956621115428,1,[188]
16,bus stop,-2.72532,1.74064,240.56693339267784,240.60390492324075,0.0,241.10390492324075,3.896095076759252,3,1,238.65585738486112,255.60390492324075,0.5,5.844142615138868,1,[197]
170,transit stop,0.0,0.0,245.0,245.0,0.0,245.0,0.0,2,-1,245.0,260.0,0.0,5.844142615138868,1,Int64[]
170,transit stop,0.0,0.0,245.0,245.0,0.0,245.0,0.0,1,-1,245.0,260.0,0.0,6.262956621115428,1,Int64[]
170,transit stop,0.0,0.0,245.0,245.0,0.0,245.0,0.0,0,-1,245.0,260.0,0.0,5.755768670544601,1,Int64[]
172,depot,0.0,0.0,245.0,245.0,0.0,245.0,0.0,0,0,0.0,1258.2304011179867,0.0,0.0,1,Int64[]
