node,type_node,x,y,t_arr,t_begin_service,t_wait,t_departure,ride_time,num_passenger,qi,ei,li,service_or_chg_time,Li,lyr,cus_set
143,depot,0.0,0.0,0.0,0.0,0.0,0.0,0.0,0,0,0.0,1258.2747269040033,0.0,0.0,1,Int64[]
11,bus stop,-2.15736,-1.61127,3.244163150282749,239.6337552745759,0.0,240.1337552745759,4.86624472542411,1,1,239.6337552745759,256.25583684971724,0.5,4.8662447254241235,1,[238]
25,bus stop,-1.75736,-1.21127,240.815303979334,240.815303979334,0.0,241.315303979334,3.6846960206659958,2,1,240.64272434248255,256.92848289498835,0.5,3.857275657517446,1,[201]
35,bus stop,-1.35736,-0.61127,242.1841115155904,242.70644644678885,0.0,243.20644644678885,1.7935535532111544,3,1,241.8096696701833,257.70644644678885,0.5,2.690330329816715,1,[209]
141,transit stop,0.0,0.0,245.0,245.0,0.0,245.0,0.0,2,-1,245.0,260.0,0.0,2.690330329816715,1,Int64[]
141,transit stop,0.0,0.0,245.0,245.0,0.0,245.0,0.0,1,-1,245.0,260.0,0.0,3.857275657517446,1,Int64[]
141,transit stop,0.0,0.0,245.0,245.0,0.0,245.0,0.0,0,-1,245.0,260.0,0.0,4.8662447254241235,1,Int64[]
143,depot,0.0,0.0,245.0,245.0,0.0,245.0,0.0,0,0,0.0,1258.2747269040033,0.0,0.0,1,Int64[]
