node,type_node,x,y,t_arr,t_begin_service,t_wait,t_departure,ride_time,num_passenger,qi,ei,li,service_or_chg_time,Li,lyr,cus_set
143,depot,0.0,0.0,0.0,0.0,0.0,0.0,0.0,0,0,0.0,1258.2747269040033,0.0,0.0,1,Int64[]
12,bus stop,-2.15736,-0.81127,2.7769349402200847,241.7230650597799,0.0,242.2230650597799,2.7769349402200874,2,2,240.33459758966987,256.7230650597799,0.5,4.1654024103301275,1,"[158, 221]"
141,transit stop,0.0,0.0,245.0,245.0,0.0,245.0,0.0,0,-2,245.0,260.0,0.0,4.1654024103301275,1,Int64[]
143,depot,0.0,0.0,245.0,245.0,0.0,245.0,0.0,0,0,0.0,1258.2747269040033,0.0,0.0,1,Int64[]
