node,type_node,x,y,t_arr,t_begin_service,t_wait,t_departure,ride_time,num_passenger,qi,ei,li,service_or_chg_time,Li,lyr,cus_set
160,depot,1.56197,0.52761,0.0,0.0,0.0,0.0,0.0,0,0,0.0,1254.3979213816408,0.0,0.0,1,Int64[]
62,bus stop,-4.98325,16.81041,21.14344488392532,212.8130011441168,0.0,213.3130011441168,31.68699885588319,1,1,212.8130011441168,238.37533409607786,0.5,31.68699885588319,1,[238]
57,bus stop,-7.78325,11.21041,220.85636299592332,220.85636299592332,0.0,221.35636299592332,23.64363700407668,3,2,219.83597469138041,243.05731646092028,0.5,24.664025308619575,1,"[228, 261]"
55,bus stop,-7.78325,8.41041,224.72985697182693,230.6936974947244,0.0,231.1936974947244,13.806302505275596,4,1,223.79054624208658,245.6936974947244,0.5,20.709453757913412,1,[215]
158,transit stop,0.0,0.0,245.0,245.0,0.0,245.0,0.0,3,-1,245.0,260.0,0.0,20.709453757913412,1,Int64[]
158,transit stop,0.0,0.0,245.0,245.0,0.0,245.0,0.0,2,-1,245.0,260.0,0.0,31.68699885588319,1,Int64[]
158,transit stop,0.0,0.0,245.0,245.0,0.0,245.0,0.0,0,-2,245.0,260.0,0.0,24.664025308619575,1,Int64[]
160,depot,1.56197,0.52761,246.98635298722758,246.98635298722758,0.0,246.98635298722758,0.0,0,0,0.0,1254.3979213816408,0.0,0.0,1,Int64[]
