node,type_node,x,y,t_arr,t_begin_service,t_wait,t_departure,ride_time,num_passenger,qi,ei,li,service_or_chg_time,Li,lyr,cus_set
267,depot,0.0,0.0,0.0,0.0,0.0,0.0,0.0,0,0,0.0,1138.9773380720962,0.0,0.0,1,Int64[]
43,bus stop,-5.06327,11.94243,15.628244759227394,79.42497281831263,0.0,79.92497281831263,25.075027181687375,1,1,79.42497281831263,102.78331521220842,0.5,25.075027181687368,1,[299]
26,bus stop,-7.86327,10.54243,83.69665374421588,83.69665374421588,0.0,84.19665374421588,20.80334625578412,3,2,78.40903887364809,102.1060259157654,0.5,26.09096112635191,1,"[277, 285]"
22,bus stop,-9.26327,9.14243,86.5820742108693,87.02200946921131,0.0,87.52200946921131,17.477990530788688,4,1,78.28301420381698,102.02200946921133,0.5,26.21698579618302,1,[310]
132,transit stop,2.0,0.0,105.0,105.0,0.0,105.0,0.0,3,-1,105.0,120.0,0.0,26.21698579618302,1,Int64[]
132,transit stop,2.0,0.0,105.0,105.0,0.0,105.0,0.0,1,-2,105.0,120.0,0.0,26.09096112635191,1,Int64[]
132,transit stop,2.0,0.0,105.0,105.0,0.0,105.0,0.0,0,-1,105.0,120.0,0.0,25.075027181687368,1,Int64[]
267,depot,0.0,0.0,107.40963855421687,107.40963855421687,0.0,107.40963855421687,0.0,0,0,0.0,1138.9773380720962,0.0,0.0,1,Int64[]
