node,type_node,x,y,t_arr,t_begin_service,t_wait,t_departure,ride_time,num_passenger,qi,ei,li,service_or_chg_time,Li,lyr,cus_set
141,depot,0.0,0.0,0.0,0.0,0.0,0.0,0.0,0,0,0.0,1256.8169971537595,0.0,0.0,1,Int64[]
111,bus stop,7.96788,7.8966,13.515656166529428,224.22651575020586,0.0,224.72651575020586,20.273484249794137,1,1,224.22651575020586,245.98434383347058,0.5,20.273484249794144,1,[189]
105,bus stop,6.56788,6.4966,227.11193621685928,227.80460259352827,0.0,228.30460259352827,16.695397406471727,2,1,227.80460259352827,248.36973506235216,0.5,16.695397406471738,1,[220]
104,bus stop,6.56788,5.0966,229.99134958148008,234.48387283484328,0.0,234.98387283484328,10.016127165156718,3,1,229.47580925226492,249.48387283484328,0.5,15.02419074773509,1,[161]
139,transit stop,0.0,0.0,245.0,245.0,0.0,245.0,0.0,2,-1,245.0,260.0,0.0,15.02419074773509,1,Int64[]
139,transit stop,0.0,0.0,245.0,245.0,0.0,245.0,0.0,1,-1,245.0,260.0,0.0,16.695397406471738,1,Int64[]
139,transit stop,0.0,0.0,245.0,245.0,0.0,245.0,0.0,0,-1,245.0,260.0,0.0,20.273484249794144,1,Int64[]
141,depot,0.0,0.0,245.0,245.0,0.0,245.0,0.0,0,0,0.0,1256.8169971537595,0.0,0.0,1,Int64[]
