node,type_node,x,y,t_arr,t_begin_service,t_wait,t_departure,ride_time,num_passenger,qi,ei,li,service_or_chg_time,Li,lyr,cus_set
135,depot,0.0,0.0,0.0,0.0,0.0,0.0,0.0,0,0,0.0,1258.4130427333303,0.0,0.0,1,Int64[]
83,bus stop,2.71654,-9.75912,12.20500438411465,226.192493423828,0.0,226.692493423828,18.30750657617199,2,2,226.192493423828,247.29499561588534,0.5,18.307506576171974,1,"[184, 219]"
97,bus stop,4.11654,-8.35912,229.07791389048143,229.07791389048143,0.0,229.57791389048143,15.422086109518574,3,1,227.66066138101507,248.27377425401005,0.5,16.83933861898491,1,[206]
104,bus stop,5.51654,-6.95912,231.96333435713484,233.8007187816632,0.0,234.3007187816632,10.699281218336807,5,2,228.45107817249476,248.8007187816632,0.5,16.048921827505232,1,"[138, 192]"
133,transit stop,0.0,0.0,245.0,245.0,0.0,245.0,0.0,3,-2,245.0,260.0,0.0,16.048921827505232,1,Int64[]
133,transit stop,0.0,0.0,245.0,245.0,0.0,245.0,0.0,2,-1,245.0,260.0,0.0,16.83933861898491,1,Int64[]
133,transit stop,0.0,0.0,245.0,245.0,0.0,245.0,0.0,0,-2,245.0,260.0,0.0,18.307506576171974,1,Int64[]
135,depot,0.0,0.0,245.0,245.0,0.0,245.0,0.0,0,0,0.0,1258.4130427333303,0.0,0.0,1,Int64[]
