node,type_node,x,y,t_arr,t_begin_service,t_wait,t_departure,ride_time,num_passenger,qi,ei,li,service_or_chg_time,Li,lyr,cus_set
194,depot,-0.69396,4.05902,0.0,0.0,0.0,0.0,0.0,0,0,0.0,1256.750641666591,0.0,0.0,1,Int64[]
188,bus stop,33.7563,-7.86663,43.92291810410859,181.8599843420518,0.0,182.3599843420518,62.6400156579482,1,1,181.8599843420518,217.73998956136788,0.5,62.6400156579482,1,[318]
189,bus stop,35.1563,-17.66663,194.28708667531887,194.28708667531887,0.0,194.78708667531887,50.212913324681125,3,2,173.39351680679482,212.09567787119656,0.5,71.10648319320516,1,"[289, 312]"
153,bus stop,22.5563,-14.86663,210.33812551894545,211.9519603738498,0.0,212.4519603738498,32.5480396261502,4,1,195.6779405607747,226.9519603738498,0.5,48.8220594392253,1,[292]
192,transit stop,0.0,0.0,245.0,245.0,0.0,245.0,0.0,3,-1,245.0,260.0,0.0,48.8220594392253,1,Int64[]
192,transit stop,0.0,0.0,245.0,245.0,0.0,245.0,0.0,1,-2,245.0,260.0,0.0,71.10648319320516,1,Int64[]
192,transit stop,0.0,0.0,245.0,245.0,0.0,245.0,0.0,0,-1,245.0,260.0,0.0,62.6400156579482,1,Int64[]
194,depot,-0.69396,4.05902,249.9613433581006,249.9613433581006,0.0,249.9613433581006,0.0,0,0,0.0,1256.750641666591,0.0,0.0,1,Int64[]
