node,type_node,x,y,t_arr,t_begin_service,t_wait,t_departure,ride_time,num_passenger,qi,ei,li,service_or_chg_time,Li,lyr,cus_set
208,depot,0.0,0.0,0.0,0.0,0.0,0.0,0.0,0,0,0.0,1255.9475921523947,0.0,0.0,1,Int64[]
103,bus stop,-2.9219,14.26602,17.544784420795473,218.1828233688068,0.0,218.6828233688068,26.317176631193206,3,3,218.1828233688068,241.95521557920452,0.5,26.31717663119321,1,"[228, 235, 309]"
116,bus stop,-1.5219,15.66602,221.0682438354602,221.0682438354602,0.0,221.5682438354602,23.43175616453979,5,2,216.05463238099895,240.53642158733263,0.5,28.445367619001047,1,"[260, 272]"
115,bus stop,-1.5219,14.26602,223.25499082341202,227.214495736508,0.0,227.714495736508,17.285504263491987,6,1,218.57174360476205,242.214495736508,0.5,25.928256395237966,1,[333]
206,transit stop,0.0,0.0,245.0,245.0,0.0,245.0,0.0,5,-1,245.0,260.0,0.0,25.928256395237966,1,Int64[]
206,transit stop,0.0,0.0,245.0,245.0,0.0,245.0,0.0,3,-2,245.0,260.0,0.0,28.445367619001047,1,Int64[]
206,transit stop,0.0,0.0,245.0,245.0,0.0,245.0,0.0,0,-3,245.0,260.0,0.0,26.31717663119321,1,Int64[]
208,depot,0.0,0.0,245.0,245.0,0.0,245.0,0.0,0,0,0.0,1255.9475921523947,0.0,0.0,1,Int64[]
