node,type_node,x,y,t_arr,t_begin_service,t_wait,t_departure,ride_time,num_passenger,qi,ei,li,service_or_chg_time,Li,lyr,cus_set
101,depot,0.0,0.0,0.0,0.0,0.0,0.0,0.0,0,0,0.0,1258.2476554979448,0.0,0.0,1,Int64[]
93,bus stop,7.21222,4.23888,10.079105103078765,229.38134234538185,0.0,229.88134234538185,15.118657654618147,1,1,229.38134234538185,249.42089489692123,0.5,15.118657654618147,1,[146]
83,bus stop,4.41222,5.63888,233.65302327128512,233.65302327128512,0.0,234.15302327128512,10.846976728714878,4,3,231.5603604809484,250.8735736539656,0.5,12.9396395190516,1,"[145, 148, 162]"
76,bus stop,3.01222,4.23888,236.53844373793854,238.23475753476313,0.0,238.73475753476313,6.265242465236867,5,1,235.10213630214471,253.23475753476313,0.5,9.397863697855295,1,[178]
99,transit stop,0.0,0.0,245.0,245.0,0.0,245.0,0.0,4,-1,245.0,260.0,0.0,9.397863697855295,1,Int64[]
99,transit stop,0.0,0.0,245.0,245.0,0.0,245.0,0.0,1,-3,245.0,260.0,0.0,12.9396395190516,1,Int64[]
99,transit stop,0.0,0.0,245.0,245.0,0.0,245.0,0.0,0,-1,245.0,260.0,0.0,15.118657654618147,1,Int64[]
101,depot,0.0,0.0,245.0,245.0,0.0,245.0,0.0,0,0,0.0,1258.2476554979448,0.0,0.0,1,Int64[]
