node,type_node,x,y,t_arr,t_begin_service,t_wait,t_departure,ride_time,num_passenger,qi,ei,li,service_or_chg_time,Li,lyr,cus_set
93,depot,0.0,0.0,0.0,0.0,0.0,0.0,0.0,0,0,0.0,1256.500460868947,0.0,0.0,1,Int64[]
88,bus stop,8.14054,-3.07992,10.486378967480402,228.77043154877938,0.0,229.27043154877938,15.729568451220615,1,1,228.77043154877938,249.0136210325196,0.5,15.729568451220603,1,[130]
89,bus stop,9.14054,-1.67992,231.34328101071736,231.34328101071736,0.0,231.84328101071736,13.156718989282638,2,1,227.70427884266076,248.30285256177382,0.5,16.79572115733926,1,[132]
86,bus stop,6.54054,0.92008,236.27334759164512,236.54224294353492,0.0,237.04224294353492,7.957757056465084,3,1,232.56336441530237,251.54224294353492,0.5,11.936635584697628,1,[121]
91,transit stop,0.0,0.0,245.0,245.0,0.0,245.0,0.0,2,-1,245.0,260.0,0.0,11.936635584697628,1,Int64[]
91,transit stop,0.0,0.0,245.0,245.0,0.0,245.0,0.0,1,-1,245.0,260.0,0.0,16.79572115733926,1,Int64[]
91,transit stop,0.0,0.0,245.0,245.0,0.0,245.0,0.0,0,-1,245.0,260.0,0.0,15.729568451220603,1,Int64[]
93,depot,0.0,0.0,245.0,245.0,0.0,245.0,0.0,0,0,0.0,1256.500460868947,0.0,0.0,1,Int64[]
