node,type_node,x,y,t_arr,t_begin_service,t_wait,t_departure,ride_time,num_passenger,qi,ei,li,service_or_chg_time,Li,lyr,cus_set
221,depot,0.0,0.0,0.0,0.0,0.0,0.0,0.0,0,0,0.0,1257.1841706139196,0.0,0.0,1,Int64[]
182,bus stop,17.12815,-19.42656,31.20376692313296,197.69434961530055,0.0,198.19434961530055,46.80565038469945,1,1,197.69434961530055,228.29623307686705,0.5,46.80565038469944,1,[358]
197,bus stop,19.92815,-22.22656,202.96519054860738,202.96519054860738,0.0,203.46519054860738,41.53480945139262,2,1,190.55032308488308,223.53354872325536,0.5,53.94967691511693,1,[230]
183,bus stop,17.12815,-18.02656,209.54684330240207,214.54066267982864,0.0,215.04066267982864,29.959337320171358,4,2,199.56099401974296,229.54066267982864,0.5,44.93900598025702,1,"[345, 364]"
219,transit stop,0.0,0.0,245.0,245.0,0.0,245.0,0.0,2,-2,245.0,260.0,0.0,44.93900598025702,1,Int64[]
219,transit stop,0.0,0.0,245.0,245.0,0.0,245.0,0.0,1,-1,245.0,260.0,0.0,53.94967691511693,1,Int64[]
219,transit stop,0.0,0.0,245.0,245.0,0.0,245.0,0.0,0,-1,245.0,260.0,0.0,46.80565038469944,1,Int64[]
221,depot,0.0,0.0,245.0,245.0,0.0,245.0,0.0,0,0,0.0,1257.1841706139196,0.0,0.0,1,Int64[]
