node,type_node,x,y,t_arr,t_begin_service,t_wait,t_departure,ride_time,num_passenger,qi,ei,li,service_or_chg_time,Li,lyr,cus_set
342,depot,0.0,0.0,0.0,0.0,0.0,0.0,0.0,0,0,0.0,1257.5133522497795,0.0,0.0,1,Int64[]
125,bus stop,-7.17021,0.25752,8.644377059451529,231.5334344108227,0.0,232.0334344108227,12.966565589177293,2,2,231.5334344108227,250.85562294054847,0.5,12.966565589177293,1,"[407, 443]"
146,bus stop,-4.37021,-2.54248,236.80427534412954,238.40845708854513,0.0,238.90845708854513,6.091542911454866,3,1,235.3626856328177,253.40845708854513,0.5,9.137314367182308,1,[526]
340,transit stop,0.0,0.0,245.0,245.0,0.0,245.0,0.0,2,-1,245.0,260.0,0.0,9.137314367182308,1,Int64[]
340,transit stop,0.0,0.0,245.0,245.0,0.0,245.0,0.0,0,-2,245.0,260.0,0.0,12.966565589177293,1,Int64[]
342,depot,0.0,0.0,245.0,245.0,0.0,245.0,0.0,0,0,0.0,1257.5133522497795,0.0,0.0,1,Int64[]
