node,type_node,x,y,t_arr,t_begin_service,t_wait,t_departure,ride_time,num_passenger,qi,ei,li,service_or_chg_time,Li,lyr,cus_set
182,depot,0.0,0.0,0.0,0.0,0.0,0.0,0.0,0,0,0.0,1257.209003157326,0.0,0.0,1,Int64[]
41,bus stop,-7.22164,-6.5059,11.71086934770782,226.93369597843827,0.0,227.43369597843827,17.566304021561734,3,3,226.93369597843827,247.7891306522922,0.5,17.56630402156173,1,"[234, 241, 269]"
43,bus stop,-7.22164,-3.7059,230.80718995434188,233.99867418468125,0.0,234.49867418468125,10.50132581531875,6,3,229.830712861349,249.72047524089936,0.5,14.66928713865098,1,"[244, 255, 274]"
50,bus stop,-5.82164,-3.7059,236.18542117263306,236.18542117263306,0.0,236.68542117263306,11.506063057706314,8,2,232.02813175894957,251.18542117263306,0.5,12.471868241050426,1,"[221, 296]"
180,transit stop,0.0,0.0,245.0,245.0,0.0,245.0,0.0,5,-3,245.0,260.0,0.0,14.66928713865098,1,Int64[]
180,transit stop,0.0,0.0,245.0,245.0,0.0,245.0,0.0,2,-3,245.0,260.0,0.0,17.56630402156173,1,Int64[]
180,transit stop,0.0,0.0,245.0,245.0,0.0,245.0,0.0,0,-2,245.0,260.0,0.0,12.471868241050426,1,Int64[]
182,depot,0.0,0.0,245.0,245.0,0.0,245.0,0.0,0,0,0.0,1257.209003157326,0.0,0.0,1,Int64[]
