node,type_node,x,y,t_arr,t_begin_service,t_wait,t_departure,ride_time,num_passenger,qi,ei,li,service_or_chg_time,Li,lyr,cus_set
163,depot,0.0,0.0,0.0,0.0,0.0,0.0,0.0,0,0,0.0,1256.9079704334886,0.0,0.0,1,Int64[]
141,bus stop,6.62169,2.85039,8.685694303828326,235.8143056961717,0.0,236.3143056961717,8.685694303828313,1,1,231.4714585442575,250.8143056961717,0.5,13.028541455742488,1,[213]
161,transit stop,0.0,0.0,245.0,245.0,0.0,245.0,0.0,0,-1,245.0,260.0,0.0,13.028541455742488,1,Int64[]
163,depot,0.0,0.0,245.0,245.0,0.0,245.0,0.0,0,0,0.0,1256.9079704334886,0.0,0.0,1,Int64[]
