node,type_node,x,y,t_arr,t_begin_service,t_wait,t_departure,ride_time,num_passenger,qi,ei,li,service_or_chg_time,Li,lyr,cus_set
128,depot,0.0,0.0,0.0,0.0,0.0,0.0,0.0,0,0,0.0,1257.3837177302914,0.0,0.0,1,Int64[]
56,bus stop,-1.97125,-16.31085,19.794621727435683,214.80806740884648,0.0,215.30806740884648,29.691932591153517,1,1,214.80806740884648,239.7053782725643,0.5,29.691932591153524,1,[226]
24,bus stop,-7.57125,-12.11085,223.74180234860552,227.29188574441915,0.0,227.79188574441915,17.208114255580853,3,2,218.6878286166287,242.29188574441915,0.5,25.81217138337129,1,"[131, 170]"
126,transit stop,0.0,0.0,245.0,245.0,0.0,245.0,0.0,1,-2,245.0,260.0,0.0,25.81217138337129,1,Int64[]
126,transit stop,0.0,0.0,245.0,245.0,0.0,245.0,0.0,0,-1,245.0,260.0,0.0,29.691932591153524,1,Int64[]
128,depot,0.0,0.0,245.0,245.0,0.0,245.0,0.0,0,0,0.0,1257.3837177302914,0.0,0.0,1,Int64[]
