node,type_node,x,y,t_arr,t_begin_service,t_wait,t_departure,ride_time,num_passenger,qi,ei,li,service_or_chg_time,Li,lyr,cus_set
88,depot,0.0,0.0,0.0,0.0,0.0,0.0,0.0,0,0,0.0,1258.007116398589,0.0,0.0,1,Int64[]
9,bus stop,-3.9506,0.81651,4.860356388009445,237.20946541798583,0.0,237.70946541798583,7.290534582014175,1,1,237.20946541798583,254.63964361199055,0.5,7.290534582014168,1,[136]
5,bus stop,-4.1506,1.21651,238.24827697882915,238.24827697882915,0.0,238.74827697882915,6.2517230211708466,2,1,236.68336891864038,254.2889126124269,0.5,7.816631081359617,1,[110]
35,bus stop,-1.3506,1.41651,242.13036585777328,242.14193106574297,0.0,242.64193106574297,2.358068934257034,3,1,240.96289659861446,257.141931065743,0.5,3.5371034013855454,1,[103]
86,transit stop,0.0,0.0,245.0,245.0,0.0,245.0,0.0,2,-1,245.0,260.0,0.0,3.5371034013855454,1,Int64[]
86,transit stop,0.0,0.0,245.0,245.0,0.0,245.0,0.0,1,-1,245.0,260.0,0.0,7.816631081359617,1,Int64[]
86,transit stop,0.0,0.0,245.0,245.0,0.0,245.0,0.0,0,-1,245.0,260.0,0.0,7.290534582014168,1,Int64[]
88,depot,0.0,0.0,245.0,245.0,0.0,245.0,0.0,0,0,0.0,1258.007116398589,0.0,0.0,1,Int64[]
