node,type_node,x,y,t_arr,t_begin_service,t_wait,t_departure,ride_time,num_passenger,qi,ei,li,service_or_chg_time,Li,lyr,cus_set
218,depot,0.0,0.0,0.0,0.0,0.0,0.0,0.0,0,0,0.0,1258.2375959885571,0.0,0.0,1,Int64[]
82,bus stop,-0.95976,-2.73928,3.4970477099176893,239.25442843512346,0.0,239.75442843512346,5.245571564876542,1,1,239.25442843512346,256.0029522900823,0.5,5.245571564876534,1,[259]
90,bus stop,-0.75976,-2.73928,239.99539229054514,239.99539229054514,0.0,240.49539229054514,4.504607709454859,2,1,239.36260724492178,256.0750714966145,0.5,5.137392755078234,1,[248]
99,bus stop,-0.55976,-2.93928,240.8361666429242,240.895053040081,0.0,241.395053040081,3.6049469599190047,3,1,239.0925795601215,255.895053040081,0.5,5.407420439878511,1,[315]
216,transit stop,0.0,0.0,245.0,245.0,0.0,245.0,0.0,2,-1,245.0,260.0,0.0,5.407420439878511,1,Int64[]
216,transit stop,0.0,0.0,245.0,245.0,0.0,245.0,0.0,1,-1,245.0,260.0,0.0,5.245571564876534,1,Int64[]
216,transit stop,0.0,0.0,245.0,245.0,0.0,245.0,0.0,0,-1,245.0,260.0,0.0,5.137392755078234,1,Int64[]
218,depot,0.0,0.0,245.0,245.0,0.0,245.0,0.0,0,0,0.0,1258.2375959885571,0.0,0.0,1,Int64[]
