node,type_node,x,y,t_arr,t_begin_service,t_wait,t_departure,ride_time,num_passenger,qi,ei,li,service_or_chg_time,Li,lyr,cus_set
342,depot,0.0,0.0,0.0,0.0,0.0,0.0,0.0,0,0,0.0,1259.2039147553214,0.0,0.0,1,Int64[]
124,bus stop,-3.75084,8.88461,11.619174638233552,227.07123804264967,0.0,227.57123804264967,17.428761957350332,2,2,227.07123804264967,247.88082536176645,0.5,17.42876195735033,1,"[770, 813]"
125,bus stop,-3.75084,10.28461,229.25798503060147,229.25798503060147,0.0,229.75798503060147,15.242014969398525,3,1,224.71583628280655,246.31055752187103,0.5,19.784163717193454,1,[531]
143,bus stop,-2.35084,10.28461,231.44473201855328,231.78931927485436,0.0,232.28931927485436,12.710680725145636,5,2,225.43397891228153,246.78931927485436,0.5,19.066021087718454,1,"[370, 518]"
340,transit stop,0.0,0.0,245.0,245.0,0.0,245.0,0.0,3,-2,245.0,260.0,0.0,19.066021087718454,1,Int64[]
340,transit stop,0.0,0.0,245.0,245.0,0.0,245.0,0.0,2,-1,245.0,260.0,0.0,19.784163717193454,1,Int64[]
340,transit stop,0.0,0.0,245.0,245.0,0.0,245.0,0.0,0,-2,245.0,260.0,0.0,17.42876195735033,1,Int64[]
342,depot,0.0,0.0,245.0,245.0,0.0,245.0,0.0,0,0,0.0,1259.2039147553214,0.0,0.0,1,Int64[]
