node,type_node,x,y,t_arr,t_begin_service,t_wait,t_departure,ride_time,num_passenger,qi,ei,li,service_or_chg_time,Li,lyr,cus_set
341,depot,0.0,0.0,0.0,0.0,0.0,0.0,0.0,0,0,0.0,1258.7043347539525,0.0,0.0,1,Int64[]
269,bus stop,12.26547,-18.05418,26.296962216064966,205.05455667590255,0.0,205.55455667590255,39.445443324097454,1,1,205.05455667590255,233.20303778393503,0.5,39.44544332409745,1,[574]
286,bus stop,15.06547,-15.25418,210.32539760920938,210.32539760920938,0.0,210.82539760920938,34.174602390790625,2,1,205.75365293727208,233.6691019581814,0.5,38.74634706272791,1,[364]
276,bus stop,13.66547,-12.45418,214.59707853511264,222.22381785001915,0.0,222.72381785001915,22.276182149980855,3,1,211.08572677502872,237.22381785001915,0.5,33.414273224971296,1,[346]
339,transit stop,0.0,0.0,245.0,245.0,0.0,245.0,0.0,2,-1,245.0,260.0,0.0,33.414273224971296,1,Int64[]
339,transit stop,0.0,0.0,245.0,245.0,0.0,245.0,0.0,1,-1,245.0,260.0,0.0,38.74634706272791,1,Int64[]
339,transit stop,0.0,0.0,245.0,245.0,0.0,245.0,0.0,0,-1,245.0,260.0,0.0,39.44544332409745,1,Int64[]
341,depot,0.0,0.0,245.0,245.0,0.0,245.0,0.0,0,0,0.0,1258.7043347539525,0.0,0.0,1,Int64[]
