node,type_node,x,y,t_arr,t_begin_service,t_wait,t_departure,ride_time,num_passenger,qi,ei,li,service_or_chg_time,Li,lyr,cus_set
296,depot,0.0,0.0,0.0,0.0,0.0,0.0,0.0,0,0,0.0,1256.6202025533726,0.0,0.0,1,Int64[]
258,bus stop,12.72097,-7.56806,17.83371076133058,217.74943385800412,0.0,218.24943385800412,26.750566141995876,2,2,217.74943385800412,241.66628923866944,0.5,26.75056614199587,1,"[305, 497]"
171,bus stop,0.12097,-3.36806,234.25132081307302,240.43947984505348,0.0,240.93947984505348,4.060520154946516,3,1,238.40921976758023,255.43947984505348,0.5,6.090780232419789,1,[380]
294,transit stop,0.0,0.0,245.0,245.0,0.0,245.0,0.0,2,-1,245.0,260.0,0.0,6.090780232419789,1,Int64[]
294,transit stop,0.0,0.0,245.0,245.0,0.0,245.0,0.0,0,-2,245.0,260.0,0.0,26.75056614199587,1,Int64[]
296,depot,0.0,0.0,245.0,245.0,0.0,245.0,0.0,0,0,0.0,1256.6202025533726,0.0,0.0,1,Int64[]
