node,type_node,x,y,t_arr,t_begin_service,t_wait,t_departure,ride_time,num_passenger,qi,ei,li,service_or_chg_time,Li,lyr,cus_set
169,depot,0.0,0.0,0.0,0.0,0.0,0.0,0.0,0,0,0.0,1258.2218382896713,0.0,0.0,1,Int64[]
89,bus stop,0.47468,-3.85936,4.6848698058731895,237.4726952911902,0.0,237.9726952911902,7.027304708809794,1,1,237.4726952911902,254.81513019412682,0.5,7.027304708809784,1,[229]
102,bus stop,0.87468,-3.45936,238.65424399594832,238.65424399594832,0.0,239.15424399594832,5.84575600405168,2,1,238.0513988141929,255.20093254279527,0.5,6.448601185807096,1,[265]
103,bus stop,0.87468,-2.45936,240.35906327305676,241.35509471487114,0.0,241.85509471487114,3.144905285128857,3,1,239.78264207230671,256.35509471487114,0.5,4.717357927693285,1,[178]
167,transit stop,0.0,0.0,245.0,245.0,0.0,245.0,0.0,2,-1,245.0,260.0,0.0,4.717357927693285,1,Int64[]
167,transit stop,0.0,0.0,245.0,245.0,0.0,245.0,0.0,1,-1,245.0,260.0,0.0,6.448601185807096,1,Int64[]
167,transit stop,0.0,0.0,245.0,245.0,0.0,245.0,0.0,0,-1,245.0,260.0,0.0,7.027304708809784,1,Int64[]
169,depot,0.0,0.0,245.0,245.0,0.0,245.0,0.0,0,0,0.0,1258.2218382896713,0.0,0.0,1,Int64[]
