node,type_node,x,y,t_arr,t_begin_service,t_wait,t_departure,ride_time,num_passenger,qi,ei,li,service_or_chg_time,Li,lyr,cus_set
127,depot,0.0,0.0,0.0,0.0,0.0,0.0,0.0,0,0,0.0,1257.58594647744,0.0,0.0,1,Int64[]
2,bus stop,-9.6411,-1.54123,11.763269478140755,226.85509578278888,0.0,227.35509578278888,17.64490421721112,2,2,226.85509578278888,247.73673052185924,0.5,17.64490421721113,1,"[187, 255]"
8,bus stop,-8.2411,-2.94123,229.7405162494423,229.7405162494423,0.0,230.2405162494423,14.759483750557706,3,1,228.68632739390762,248.9575515959384,0.5,15.813672606092386,1,[135]
10,bus stop,-8.2411,-0.14123,233.6140102253459,234.56950595197367,0.0,235.06950595197367,9.930494048026333,4,1,229.6042589279605,249.56950595197367,0.5,14.895741072039504,1,[258]
125,transit stop,0.0,0.0,245.0,245.0,0.0,245.0,0.0,3,-1,245.0,260.0,0.0,14.895741072039504,1,Int64[]
125,transit stop,0.0,0.0,245.0,245.0,0.0,245.0,0.0,2,-1,245.0,260.0,0.0,15.813672606092386,1,Int64[]
125,transit stop,0.0,0.0,245.0,245.0,0.0,245.0,0.0,0,-2,245.0,260.0,0.0,17.64490421721113,1,Int64[]
127,depot,0.0,0.0,245.0,245.0,0.0,245.0,0.0,0,0,0.0,1257.58594647744,0.0,0.0,1,Int64[]
