node,type_node,x,y,t_arr,t_begin_service,t_wait,t_departure,ride_time,num_passenger,qi,ei,li,service_or_chg_time,Li,lyr,cus_set
167,depot,0.0,0.0,0.0,0.0,0.0,0.0,0.0,0,0,0.0,1258.146984188435,0.0,0.0,1,Int64[]
105,bus stop,1.02169,8.05039,9.777064235266705,229.83440364709995,0.0,230.33440364709995,14.665596352900053,1,1,229.83440364709995,249.7229357647333,0.5,14.665596352900057,1,[219]
109,bus stop,1.62169,6.45039,232.393199730309,236.4866012907221,0.0,236.9866012907221,8.013398709277908,2,1,232.47990193608314,251.4866012907221,0.5,12.020098063916866,1,[247]
165,transit stop,0.0,0.0,245.0,245.0,0.0,245.0,0.0,1,-1,245.0,260.0,0.0,12.020098063916866,1,Int64[]
165,transit stop,0.0,0.0,245.0,245.0,0.0,245.0,0.0,0,-1,245.0,260.0,0.0,14.665596352900057,1,Int64[]
167,depot,0.0,0.0,245.0,245.0,0.0,245.0,0.0,0,0,0.0,1258.146984188435,0.0,0.0,1,Int64[]
