node,type_node,x,y,t_arr,t_begin_service,t_wait,t_departure,ride_time,num_passenger,qi,ei,li,service_or_chg_time,Li,lyr,cus_set
185,depot,0.0,0.0,0.0,0.0,0.0,0.0,0.0,0,0,0.0,1257.1754706667189,0.0,0.0,1,Int64[]
19,bus stop,-14.85919,-13.9473,24.553575572046274,207.6696366419306,0.0,208.1696366419306,36.830363358069405,1,1,207.6696366419306,234.94642442795373,0.5,36.83036335806941,1,[260]
23,bus stop,-13.05919,-17.5473,213.0189406895205,213.0189406895205,0.0,213.5189406895205,31.48105931047951,2,1,204.96957093941518,233.1463806262768,0.5,39.530429060584815,1,[265]
45,bus stop,-7.05919,-5.1473,230.1157362150362,233.97406683940602,0.0,234.47406683940602,10.52593316059398,3,1,228.71110025910903,248.97406683940602,0.5,15.788899740890965,1,[200]
183,transit stop,0.0,0.0,245.0,245.0,0.0,245.0,0.0,2,-1,245.0,260.0,0.0,15.788899740890965,1,Int64[]
183,transit stop,0.0,0.0,245.0,245.0,0.0,245.0,0.0,1,-1,245.0,260.0,0.0,39.530429060584815,1,Int64[]
183,transit stop,0.0,0.0,245.0,245.0,0.0,245.0,0.0,0,-1,245.0,260.0,0.0,36.83036335806941,1,Int64[]
185,depot,0.0,0.0,245.0,245.0,0.0,245.0,0.0,0,0,0.0,1257.1754706667189,0.0,0.0,1,Int64[]
