node,type_node,x,y,t_arr,t_begin_service,t_wait,t_departure,ride_time,num_passenger,qi,ei,li,service_or_chg_time,Li,lyr,cus_set
225,depot,-0.37247,-0.5279,0.0,0.0,0.0,0.0,0.0,0,0,0.0,1257.2211418258448,0.0,0.0,1,Int64[]
195,bus stop,22.92303,-9.4324,30.047391814041617,199.70275485134133,0.0,200.20275485134133,44.797245148658675,1,1,199.70275485134133,229.63516990089423,0.5,44.79724514865867,1,[281]
188,bus stop,20.12303,-9.4324,203.57624882724494,204.3361311549853,0.0,204.8361311549853,40.16386884501469,2,1,204.3361311549853,232.72408743665687,0.5,40.163868845014704,1,[266]
187,bus stop,20.12303,-15.0324,211.58311910679254,214.23745823009995,0.0,214.73745823009995,30.262541769900054,3,1,199.10618734514992,229.23745823009995,0.5,45.393812654850095,1,[233]
223,transit stop,0.0,0.0,245.0,245.0,0.0,245.0,0.0,2,-1,245.0,260.0,0.0,45.393812654850095,1,Int64[]
223,transit stop,0.0,0.0,245.0,245.0,0.0,245.0,0.0,1,-1,245.0,260.0,0.0,40.163868845014704,1,Int64[]
223,transit stop,0.0,0.0,245.0,245.0,0.0,245.0,0.0,0,-1,245.0,260.0,0.0,44.79724514865867,1,Int64[]
225,depot,-0.37247,-0.5279,245.77840305992748,245.77840305992748,0.0,245.77840305992748,0.0,0,0,0.0,1257.2211418258448,0.0,0.0,1,Int64[]
