node,type_node,x,y,t_arr,t_begin_service,t_wait,t_departure,ride_time,num_passenger,qi,ei,li,service_or_chg_time,Li,lyr,cus_set
129,depot,0.0,0.0,0.0,0.0,0.0,0.0,0.0,0,0,0.0,1257.5145322109022,0.0,0.0,1,Int64[]
38,bus stop,-4.77125,15.88915,19.98801768673283,214.51797346990077,0.0,215.01797346990077,29.982026530099233,1,1,214.51797346990077,239.51198231326717,0.5,29.982026530099247,1,[143]
59,bus stop,-1.97125,14.48915,218.78965439580404,218.78965439580404,0.0,219.28965439580404,25.710345604195965,2,1,218.07356109571467,241.88237406380978,0.5,26.426438904285323,1,[176]
58,bus stop,-1.97125,13.08915,220.97640138375584,228.55210280307685,0.0,229.05210280307685,15.94789719692315,4,2,220.5781542046153,243.55210280307685,0.5,23.921845795384712,1,"[146, 216]"
127,transit stop,0.0,0.0,245.0,245.0,0.0,245.0,0.0,2,-2,245.0,260.0,0.0,23.921845795384712,1,Int64[]
127,transit stop,0.0,0.0,245.0,245.0,0.0,245.0,0.0,1,-1,245.0,260.0,0.0,26.426438904285323,1,Int64[]
127,transit stop,0.0,0.0,245.0,245.0,0.0,245.0,0.0,0,-1,245.0,260.0,0.0,29.982026530099247,1,Int64[]
129,depot,0.0,0.0,245.0,245.0,0.0,245.0,0.0,0,0,0.0,1257.5145322109022,0.0,0.0,1,Int64[]
