node,type_node,x,y,t_arr,t_begin_service,t_wait,t_departure,ride_time,num_passenger,qi,ei,li,service_or_chg_time,Li,lyr,cus_set
143,depot,0.0,0.0,0.0,0.0,0.0,0.0,0.0,0,0,0.0,1252.850264957428,0.0,0.0,1,Int64[]
17,bus stop,-22.56996,-1.68036,27.267983065607375,214.3115251532468,0.0,214.8115251532468,30.188474846753195,1,1,203.59802540158893,232.23201693439262,0.5,40.90197459841106,1,[231]
16,bus stop,-22.56996,-3.08036,216.4982721411986,216.4982721411986,0.0,216.9982721411986,38.715227610459266,3,2,203.33278062493815,232.0551870832921,0.5,41.16721937506183,1,"[157, 212]"
27,bus stop,-18.36996,-3.08036,222.05851310505403,222.05851310505403,0.0,222.55851310505403,22.441486894945967,4,1,210.83776965758108,237.05851310505403,0.5,33.66223034241894,1,[192]
141,transit stop,0.0,0.0,245.0,245.0,0.0,245.0,0.0,3,-1,245.0,260.0,0.0,40.90197459841106,1,Int64[]
141,transit stop,0.0,0.0,245.0,245.0,0.0,245.0,0.0,2,-1,245.0,260.0,0.0,33.66223034241894,1,Int64[]
141,transit stop,0.0,0.0,245.0,245.0,0.0,245.0,0.0,0,-2,245.0,260.0,0.0,41.16721937506183,1,Int64[]
143,depot,0.0,0.0,245.0,245.0,0.0,245.0,0.0,0,0,0.0,1252.850264957428,0.0,0.0,1,Int64[]
