node,type_node,x,y,t_arr,t_begin_service,t_wait,t_departure,ride_time,num_passenger,qi,ei,li,service_or_chg_time,Li,lyr,cus_set
618,depot,0.0,0.0,0.0,0.0,0.0,0.0,0.0,0,0,0.0,1258.601024542765,0.0,0.0,1,Int64[]
208,bus stop,-7.2891,13.66211,18.656587737883328,218.25618676446203,0.0,218.75618676446203,26.24381323553797,1,1,216.51511839317502,240.84341226211666,0.5,27.98488160682499,1,[1083]
210,bus stop,-7.2891,16.46211,222.12968074036564,222.12968074036564,0.0,222.62968074036564,22.370319259634357,2,1,211.96325145525412,237.80883430350275,0.5,32.53674854474586,1,[1057]
228,bus stop,-5.8891,15.06211,225.01510120701906,225.01510120701906,0.0,225.51510120701906,21.225967164267956,4,2,215.2726518105286,240.01510120701906,0.5,29.227348189471414,1,"[1004, 1088]"
616,transit stop,0.0,0.0,245.0,245.0,0.0,245.0,0.0,3,-1,245.0,260.0,0.0,27.98488160682499,1,Int64[]
616,transit stop,0.0,0.0,245.0,245.0,0.0,245.0,0.0,2,-1,245.0,260.0,0.0,32.53674854474586,1,Int64[]
616,transit stop,0.0,0.0,245.0,245.0,0.0,245.0,0.0,0,-2,245.0,260.0,0.0,29.227348189471414,1,Int64[]
618,depot,0.0,0.0,245.0,245.0,0.0,245.0,0.0,0,0,0.0,1258.601024542765,0.0,0.0,1,Int64[]
