node,type_node,x,y,t_arr,t_begin_service,t_wait,t_departure,ride_time,num_passenger,qi,ei,li,service_or_chg_time,Li,lyr,cus_set
163,depot,0.68501,1.18211,0.0,0.0,0.0,0.0,0.0,0,0,0.0,1256.971859688023,0.0,0.0,1,Int64[]
10,bus stop,-18.73999,13.03836,27.418608066702262,203.24186800660976,0.0,203.74186800660976,41.258131993390236,1,1,203.24186800660976,231.99457867107319,0.5,41.258131993390236,1,[187]
42,bus stop,-11.73999,13.03836,212.1756029463688,222.39620961609262,0.0,222.89620961609262,22.10379038390738,2,1,212.79221133492484,238.36147422328324,0.5,31.707788665075157,1,[246]
41,bus stop,-11.73999,11.63836,224.58295660404443,224.58295660404443,0.0,225.08295660404443,19.917043395955574,3,1,214.62443490606665,239.58295660404445,0.5,29.87556509393334,1,[261]
161,transit stop,0.0,0.0,245.0,245.0,0.0,245.0,0.0,2,-1,245.0,260.0,0.0,31.707788665075157,1,Int64[]
161,transit stop,0.0,0.0,245.0,245.0,0.0,245.0,0.0,1,-1,245.0,260.0,0.0,29.87556509393334,1,Int64[]
161,transit stop,0.0,0.0,245.0,245.0,0.0,245.0,0.0,0,-1,245.0,260.0,0.0,41.258131993390236,1,Int64[]
163,depot,0.68501,1.18211,246.6460771457641,246.6460771457641,0.0,246.6460771457641,0.0,0,0,0.0,1256.971859688023,0.0,0.0,1,Int64[]
