node,type_node,x,y,t_arr,t_begin_service,t_wait,t_departure,ride_time,num_passenger,qi,ei,li,service_or_chg_time,Li,lyr,cus_set
152,depot,0.0,0.0,0.0,0.0,0.0,0.0,0.0,0,0,0.0,1258.583194845799,0.0,0.0,1,Int64[]
16,bus stop,-21.23217,-16.66206,32.51738452944734,195.72392320582898,0.0,196.22392320582898,48.77607679417102,1,1,195.72392320582898,226.98261547055267,0.5,48.77607679417101,1,[182]
12,bus stop,-22.63217,0.13794,216.5350465917437,217.2318188447327,0.0,217.7318188447327,27.268181155267314,2,1,203.59772826709903,232.2318188447327,0.5,40.90227173290097,1,[179]
150,transit stop,0.0,0.0,245.0,245.0,0.0,245.0,0.0,1,-1,245.0,260.0,0.0,40.90227173290097,1,Int64[]
150,transit stop,0.0,0.0,245.0,245.0,0.0,245.0,0.0,0,-1,245.0,260.0,0.0,48.77607679417101,1,Int64[]
152,depot,0.0,0.0,245.0,245.0,0.0,245.0,0.0,0,0,0.0,1258.583194845799,0.0,0.0,1,Int64[]
