node,type_node,x,y,t_arr,t_begin_service,t_wait,t_departure,ride_time,num_passenger,qi,ei,li,service_or_chg_time,Li,lyr,cus_set
41,depot,0.0,0.0,0.0,0.0,0.0,0.0,0.0,0,0,0.0,1257.5627452253805,0.0,0.0,1,Int64[]
7,bus stop,-3.32664,2.18334,4.794137327482669,237.308794008776,0.0,237.808794008776,7.191205991223995,2,2,237.308794008776,254.70586267251733,0.5,7.1912059912240025,1,"[70, 76]"
6,bus stop,-3.32664,0.78334,239.4955409967278,240.3823804691001,0.0,240.8823804691001,4.117619530899901,3,1,238.32357070365015,255.3823804691001,0.5,6.17642929634986,1,[50]
39,transit stop,0.0,0.0,245.0,245.0,0.0,245.0,0.0,2,-1,245.0,260.0,0.0,6.17642929634986,1,Int64[]
39,transit stop,0.0,0.0,245.0,245.0,0.0,245.0,0.0,0,-2,245.0,260.0,0.0,7.1912059912240025,1,Int64[]
41,depot,0.0,0.0,245.0,245.0,0.0,245.0,0.0,0,0,0.0,1257.5627452253805,0.0,0.0,1,Int64[]
