node,type_node,x,y,t_arr,t_begin_service,t_wait,t_departure,ride_time,num_passenger,qi,ei,li,service_or_chg_time,Li,lyr,cus_set
23,depot,0.0,0.0,0.0,0.0,0.0,0.0,0.0,0,0,0.0,1258.5305904094564,0.0,0.0,1,Int64[]
4,bus stop,-1.47695,-2.98282,4.010183809170816,238.48472428624376,0.0,238.98472428624376,6.015275713756239,3,3,238.48472428624376,255.48981619082917,0.5,6.015275713756225,1,"[26, 53, 98]"
5,bus stop,-1.47695,-1.58282,240.67147127419557,241.89171222342753,0.0,242.39171222342753,2.6082877765724675,13,10,240.5875683351413,256.89171222342753,0.5,3.9124316648586976,1,"[34, 47, 48, 54, 72, 77, 87, 92, 101, 105]"
21,transit stop,0.0,0.0,245.0,245.0,0.0,245.0,0.0,3,-10,245.0,260.0,0.0,3.9124316648586976,1,Int64[]
21,transit stop,0.0,0.0,245.0,245.0,0.0,245.0,0.0,0,-3,245.0,260.0,0.0,6.015275713756225,1,Int64[]
23,depot,0.0,0.0,245.0,245.0,0.0,245.0,0.0,0,0,0.0,1258.5305904094564,0.0,0.0,1,Int64[]
