node,type_node,x,y,t_arr,t_begin_service,t_wait,t_departure,ride_time,num_passenger,qi,ei,li,service_or_chg_time,Li,lyr,cus_set
137,depot,0.17248,0.56241,0.0,0.0,0.0,0.0,0.0,0,0,0.0,1257.31733288619,0.0,0.0,1,Int64[]
10,bus stop,-10.09767,-0.5346,12.444063374026438,226.22564144055343,0.0,226.72564144055343,18.27435855944657,1,1,226.22564144055343,247.3170942937023,0.5,18.274358559446558,1,[230]
4,bus stop,-11.49767,-0.5346,228.41238842850524,228.41238842850524,0.0,228.91238842850524,16.08761157149476,2,1,223.69862932857143,245.63241955238095,0.5,20.801370671428565,1,[231]
5,bus stop,-11.49767,0.8654,230.59913541645705,230.6082021467334,0.0,231.1082021467334,13.89179785326661,3,1,223.66230322010009,245.6082021467334,0.5,20.837696779899908,1,[189]
135,transit stop,0.0,0.0,245.0,245.0,0.0,245.0,0.0,2,-1,245.0,260.0,0.0,20.837696779899908,1,Int64[]
135,transit stop,0.0,0.0,245.0,245.0,0.0,245.0,0.0,1,-1,245.0,260.0,0.0,20.801370671428565,1,Int64[]
135,transit stop,0.0,0.0,245.0,245.0,0.0,245.0,0.0,0,-1,245.0,260.0,0.0,18.274358559446558,1,Int64[]
137,depot,0.17248,0.56241,245.70875162782005,245.70875162782005,0.0,245.70875162782005,0.0,0,0,0.0,1257.31733288619,0.0,0.0,1,Int64[]
