node,type_node,x,y,t_arr,t_begin_service,t_wait,t_departure,ride_time,num_passenger,qi,ei,li,service_or_chg_time,Li,lyr,cus_set
119,depot,-0.11425,0.91828,0.0,0.0,0.0,0.0,0.0,0,0,0.0,1255.41218144389,0.0,0.0,1,Int64[]
96,bus stop,13.16161,-0.27655,16.05966147728939,222.29691457319538,0.0,222.79691457319538,22.20308542680462,1,1,220.7087076590814,243.63913843938758,0.5,23.79129234091861,1,[157]
101,bus stop,14.56161,-3.07655,226.56859549909865,226.56859549909865,0.0,227.06859549909865,17.93140450090135,2,1,217.60289324864794,241.56859549909865,0.5,26.89710675135204,1,[161]
117,transit stop,0.0,0.0,245.0,245.0,0.0,245.0,0.0,1,-1,245.0,260.0,0.0,23.79129234091861,1,Int64[]
117,transit stop,0.0,0.0,245.0,245.0,0.0,245.0,0.0,0,-1,245.0,260.0,0.0,26.89710675135204,1,Int64[]
119,depot,-0.11425,0.91828,246.11489162570138,246.11489162570138,0.0,246.11489162570138,0.0,0,0,0.0,1255.41218144389,0.0,0.0,1,Int64[]
