node,type_node,x,y,t_arr,t_begin_service,t_wait,t_departure,ride_time,num_passenger,qi,ei,li,service_or_chg_time,Li,lyr,cus_set
224,depot,0.0,0.0,0.0,0.0,0.0,0.0,0.0,0,0,0.0,1258.2375959885571,0.0,0.0,1,Int64[]
89,bus stop,-0.95976,-2.73928,3.4970477099176893,239.25442843512346,0.0,239.75442843512346,5.245571564876542,2,2,239.25442843512346,256.0029522900823,0.5,5.245571564876534,1,"[267, 310]"
80,bus stop,-1.15976,-2.53928,240.09520278750253,240.09520278750253,0.0,240.59520278750253,4.404797212497471,3,1,239.45495412573666,256.13663608382444,0.5,5.045045874263325,1,[269]
92,bus stop,-0.75976,-2.13928,241.27675149226064,241.76483357024452,0.0,242.26483357024452,2.7351664297554805,5,2,240.3972503553668,256.76483357024455,0.5,4.102749644633214,1,"[233, 275]"
222,transit stop,0.0,0.0,245.0,245.0,0.0,245.0,0.0,3,-2,245.0,260.0,0.0,4.102749644633214,1,Int64[]
222,transit stop,0.0,0.0,245.0,245.0,0.0,245.0,0.0,2,-1,245.0,260.0,0.0,5.045045874263325,1,Int64[]
222,transit stop,0.0,0.0,245.0,245.0,0.0,245.0,0.0,0,-2,245.0,260.0,0.0,5.245571564876534,1,Int64[]
224,depot,0.0,0.0,245.0,245.0,0.0,245.0,0.0,0,0,0.0,1258.2375959885571,0.0,0.0,1,Int64[]
