node,type_node,x,y,t_arr,t_begin_service,t_wait,t_departure,ride_time,num_passenger,qi,ei,li,service_or_chg_time,Li,lyr,cus_set
224,depot,0.0,0.0,0.0,0.0,0.0,0.0,0.0,0,0,0.0,1258.2375959885571,0.0,0.0,1,Int64[]
9,bus stop,-2.55976,0.06072,3.084915743960657,239.872626384059,0.0,240.372626384059,4.627373615940996,2,2,239.872626384059,256.41508425603934,0.5,4.627373615940986,1,"[322, 340]"
17,bus stop,-2.35976,-0.13928,240.71340073643808,240.71340073643808,0.0,241.21340073643808,3.786599263561925,3,1,240.22795159384225,256.65196772922815,0.5,4.272048406157764,1,[247]
50,bus stop,-1.75976,0.06072,241.97539535334613,242.37854548044035,0.0,242.87854548044035,2.1214545195596486,4,1,241.31781822066054,257.3785454804404,0.5,3.1821817793394604,1,[236]
222,transit stop,0.0,0.0,245.0,245.0,0.0,245.0,0.0,3,-1,245.0,260.0,0.0,3.1821817793394604,1,Int64[]
222,transit stop,0.0,0.0,245.0,245.0,0.0,245.0,0.0,1,-2,245.0,260.0,0.0,4.627373615940986,1,Int64[]
222,transit stop,0.0,0.0,245.0,245.0,0.0,245.0,0.0,0,-1,245.0,260.0,0.0,4.272048406157764,1,Int64[]
224,depot,0.0,0.0,245.0,245.0,0.0,245.0,0.0,0,0,0.0,1258.2375959885571,0.0,0.0,1,Int64[]
