node,type_node,x,y,t_arr,t_begin_service,t_wait,t_departure,ride_time,num_passenger,qi,ei,li,service_or_chg_time,Li,lyr,cus_set
86,depot,0.0,0.0,0.0,0.0,0.0,0.0,0.0,0,0,0.0,1253.5206115714936,0.0,0.0,1,Int64[]
30,bus stop,-4.96308,10.75073,14.266319883904986,223.10052017414253,0.0,223.60052017414253,21.39947982585747,1,1,223.10052017414253,245.233680116095,0.5,21.39947982585748,1,[91]
32,bus stop,-3.56308,12.15073,225.98594064079595,225.98594064079595,0.0,226.48594064079595,18.514059359204055,2,1,221.61618704879595,244.2441246991973,0.5,22.883812951204057,1,[136]
44,bus stop,2.03692,6.55073,236.0276225074096,236.23480745659828,0.0,236.73480745659828,8.265192543401724,3,1,232.1022111848974,251.23480745659828,0.5,12.397788815102594,1,[99]
84,transit stop,0.0,0.0,245.0,245.0,0.0,245.0,0.0,2,-1,245.0,260.0,0.0,12.397788815102594,1,Int64[]
84,transit stop,0.0,0.0,245.0,245.0,0.0,245.0,0.0,1,-1,245.0,260.0,0.0,21.39947982585748,1,Int64[]
84,transit stop,0.0,0.0,245.0,245.0,0.0,245.0,0.0,0,-1,245.0,260.0,0.0,22.883812951204057,1,Int64[]
86,depot,0.0,0.0,245.0,245.0,0.0,245.0,0.0,0,0,0.0,1253.5206115714936,0.0,0.0,1,Int64[]
