node,type_node,x,y,t_arr,t_begin_service,t_wait,t_departure,ride_time,num_passenger,qi,ei,li,service_or_chg_time,Li,lyr,cus_set
69,depot,0.0,0.0,0.0,0.0,0.0,0.0,0.0,0,0,0.0,1256.9019356738872,0.0,0.0,1,Int64[]
64,bus stop,11.1294,6.30936,15.413757749394954,221.37936337590756,0.0,221.87936337590756,23.12063662409244,1,1,221.37936337590756,244.08624225060504,0.5,23.12063662409243,1,[98]
57,bus stop,8.3294,6.30936,225.25285735181117,229.1256053878745,0.0,229.6256053878745,15.374394612125514,3,2,225.61580439720763,246.91053626480507,0.5,18.88419560279238,1,"[80, 93]"
53,bus stop,6.9294,7.70936,232.0110258545279,232.0110258545279,0.0,232.5110258545279,15.99877513613896,4,1,225.76653878179184,247.01102585452787,0.5,18.73346121820817,1,[83]
67,transit stop,0.0,0.0,245.0,245.0,0.0,245.0,0.0,2,-2,245.0,260.0,0.0,18.88419560279238,1,Int64[]
67,transit stop,0.0,0.0,245.0,245.0,0.0,245.0,0.0,1,-1,245.0,260.0,0.0,23.12063662409243,1,Int64[]
67,transit stop,0.0,0.0,245.0,245.0,0.0,245.0,0.0,0,-1,245.0,260.0,0.0,18.73346121820817,1,Int64[]
69,depot,0.0,0.0,245.0,245.0,0.0,245.0,0.0,0,0,0.0,1256.9019356738872,0.0,0.0,1,Int64[]
