node,type_node,x,y,t_arr,t_begin_service,t_wait,t_departure,ride_time,num_passenger,qi,ei,li,service_or_chg_time,Li,lyr,cus_set
117,depot,-0.32082,0.80268,0.0,0.0,0.0,0.0,0.0,0,0,0.0,1256.17849697915,0.0,0.0,1,Int64[]
34,bus stop,-8.3524,9.97636,14.690036993686881,220.98585125029126,0.0,221.48585125029126,23.51414874970874,1,1,220.98585125029126,243.82390083352752,0.5,23.51414874970873,1,[180]
28,bus stop,-9.7524,9.97636,223.17259823824307,223.17259823824307,0.0,223.67259823824307,21.32740176175693,2,1,219.2869177953799,242.69127853025327,0.5,25.213082204620108,1,[196]
33,bus stop,-8.3524,4.37636,230.62723423326082,233.1391794746147,0.0,233.6391794746147,11.360820525385293,3,1,227.45876921192206,248.1391794746147,0.5,17.041230788077954,1,[168]
115,transit stop,0.0,0.0,245.0,245.0,0.0,245.0,0.0,2,-1,245.0,260.0,0.0,17.041230788077954,1,Int64[]
115,transit stop,0.0,0.0,245.0,245.0,0.0,245.0,0.0,1,-1,245.0,260.0,0.0,25.213082204620108,1,Int64[]
115,transit stop,0.0,0.0,245.0,245.0,0.0,245.0,0.0,0,-1,245.0,260.0,0.0,23.51414874970873,1,Int64[]
117,depot,-0.32082,0.80268,246.04146898637757,246.04146898637757,0.0,246.04146898637757,0.0,0,0,0.0,1256.17849697915,0.0,0.0,1,Int64[]
