node,type_node,x,y,t_arr,t_begin_service,t_wait,t_departure,ride_time,num_passenger,qi,ei,li,service_or_chg_time,Li,lyr,cus_set
350,depot,0.0,0.0,0.0,0.0,0.0,0.0,0.0,0,0,0.0,1257.2007316465879,0.0,0.0,1,Int64[]
89,bus stop,-12.93453,21.14582,29.865128914643194,199.70230662803522,0.0,200.20230662803522,44.79769337196478,1,1,199.70230662803522,229.6348710853568,0.5,44.79769337196479,1,[389]
101,bus stop,-11.53453,25.34582,205.53626894639152,205.53626894639152,0.0,206.03626894639152,38.963731053608484,3,2,194.1740780584226,225.94938537228174,0.5,50.325921941577406,1,"[395, 589]"
91,bus stop,-12.93453,26.74582,208.42168941304493,208.70569413434214,0.0,209.20569413434214,35.79430586565786,5,2,190.80854120151324,223.70569413434214,0.5,53.69145879848677,1,"[375, 501]"
348,transit stop,0.0,0.0,245.0,245.0,0.0,245.0,0.0,3,-2,245.0,260.0,0.0,53.69145879848677,1,Int64[]
348,transit stop,0.0,0.0,245.0,245.0,0.0,245.0,0.0,1,-2,245.0,260.0,0.0,50.325921941577406,1,Int64[]
348,transit stop,0.0,0.0,245.0,245.0,0.0,245.0,0.0,0,-1,245.0,260.0,0.0,44.79769337196479,1,Int64[]
350,depot,0.0,0.0,245.0,245.0,0.0,245.0,0.0,0,0,0.0,1257.2007316465879,0.0,0.0,1,Int64[]
