node,type_node,x,y,t_arr,t_begin_service,t_wait,t_departure,ride_time,num_passenger,qi,ei,li,service_or_chg_time,Li,lyr,cus_set
52,depot,0.0,0.0,0.0,0.0,0.0,0.0,0.0,0,0,0.0,1257.4089046089364,0.0,0.0,1,Int64[]
12,bus stop,-2.15363,-3.53857,4.990861124332634,237.01370831350104,0.0,237.51370831350104,7.486291686498959,3,3,237.01370831350104,254.50913887566736,0.5,7.486291686498951,1,"[89, 133, 190]"
20,bus stop,-0.75363,-3.53857,239.20045530145285,239.20045530145285,0.0,239.70045530145285,5.299544698547152,7,4,237.96156770933277,255.1410451395552,0.5,6.538432290667236,1,"[82, 88, 92, 169]"
21,bus stop,-0.75363,-2.13857,241.38720228940466,241.76810322096122,0.0,242.26810322096122,2.7318967790387774,11,4,240.40215483144183,256.7681032209612,0.5,4.097845168558154,1,"[75, 90, 135, 166]"
50,transit stop,0.0,0.0,245.0,245.0,0.0,245.0,0.0,7,-4,245.0,260.0,0.0,4.097845168558154,1,Int64[]
50,transit stop,0.0,0.0,245.0,245.0,0.0,245.0,0.0,4,-3,245.0,260.0,0.0,7.486291686498951,1,Int64[]
50,transit stop,0.0,0.0,245.0,245.0,0.0,245.0,0.0,0,-4,245.0,260.0,0.0,6.538432290667236,1,Int64[]
52,depot,0.0,0.0,245.0,245.0,0.0,245.0,0.0,0,0,0.0,1257.4089046089364,0.0,0.0,1,Int64[]
