node,type_node,x,y,t_arr,t_begin_service,t_wait,t_departure,ride_time,num_passenger,qi,ei,li,service_or_chg_time,Li,lyr,cus_set
179,depot,0.0,0.0,0.0,0.0,0.0,0.0,0.0,0,0,0.0,1257.1183980346384,0.0,0.0,1,Int64[]
140,bus stop,9.50901,-11.68683,18.15256334918102,220.64484532564848,0.0,221.14484532564848,23.855154674351525,1,1,217.27115497622847,241.347436650819,0.5,27.228845023771527,1,[266]
149,bus stop,10.30901,-3.88683,230.5917348600642,230.5917348600642,0.0,231.0917348600642,13.908265139935793,2,1,224.58903353077767,246.22602235385176,0.5,19.910966469222338,1,[247]
141,bus stop,9.50901,-3.08683,232.45483226958044,232.45483226958044,0.0,232.95483226958044,15.418858079839566,3,1,226.43224840437063,247.45483226958044,0.5,18.067751595629364,1,[202]
177,transit stop,0.0,0.0,245.0,245.0,0.0,245.0,0.0,2,-1,245.0,260.0,0.0,27.228845023771527,1,Int64[]
177,transit stop,0.0,0.0,245.0,245.0,0.0,245.0,0.0,1,-1,245.0,260.0,0.0,19.910966469222338,1,Int64[]
177,transit stop,0.0,0.0,245.0,245.0,0.0,245.0,0.0,0,-1,245.0,260.0,0.0,18.067751595629364,1,Int64[]
179,depot,0.0,0.0,245.0,245.0,0.0,245.0,0.0,0,0,0.0,1257.1183980346384,0.0,0.0,1,Int64[]
