node,type_node,x,y,t_arr,t_begin_service,t_wait,t_departure,ride_time,num_passenger,qi,ei,li,service_or_chg_time,Li,lyr,cus_set
81,depot,0.0,0.0,0.0,0.0,0.0,0.0,0.0,0,0,0.0,1254.8763721221185,0.0,0.0,1,Int64[]
58,bus stop,2.89606,7.15223,9.296768207794033,230.55484768830894,0.0,231.05484768830894,13.94515231169106,1,1,230.55484768830894,250.20323179220597,0.5,13.94515231169105,1,[115]
49,bus stop,0.09606,7.15223,234.42834166421255,235.88207825169928,0.0,236.38207825169928,8.617921748300716,2,1,231.57311737754893,250.88207825169928,0.5,12.92688262245108,1,[102]
79,transit stop,0.0,0.0,245.0,245.0,0.0,245.0,0.0,1,-1,245.0,260.0,0.0,12.92688262245108,1,Int64[]
79,transit stop,0.0,0.0,245.0,245.0,0.0,245.0,0.0,0,-1,245.0,260.0,0.0,13.94515231169105,1,Int64[]
81,depot,0.0,0.0,245.0,245.0,0.0,245.0,0.0,0,0,0.0,1254.8763721221185,0.0,0.0,1,Int64[]
