node,type_node,x,y,t_arr,t_begin_service,t_wait,t_departure,ride_time,num_passenger,qi,ei,li,service_or_chg_time,Li,lyr,cus_set
81,depot,0.0,0.0,0.0,0.0,0.0,0.0,0.0,0,0,0.0,1254.8763721221185,0.0,0.0,1,Int64[]
77,bus stop,18.29606,-1.24777,22.09464924319907,211.35802613520138,0.0,211.85802613520138,33.141973864798615,1,1,211.35802613520138,237.40535075680094,0.5,33.1419738647986,1,[119]
78,bus stop,19.69606,2.95223,217.19198845355768,217.19198845355768,0.0,217.69198845355768,27.308011546442316,2,1,208.50707531167308,235.50471687444872,0.5,35.99292468832694,1,[125]
75,bus stop,16.89606,4.35223,221.46366937946095,223.47879505171355,0.0,223.97879505171355,21.021204948286453,4,2,212.9681925775703,238.47879505171355,0.5,31.53180742242969,1,"[93, 104]"
79,transit stop,0.0,0.0,245.0,245.0,0.0,245.0,0.0,2,-2,245.0,260.0,0.0,31.53180742242969,1,Int64[]
79,transit stop,0.0,0.0,245.0,245.0,0.0,245.0,0.0,1,-1,245.0,260.0,0.0,33.1419738647986,1,Int64[]
79,transit stop,0.0,0.0,245.0,245.0,0.0,245.0,0.0,0,-1,245.0,260.0,0.0,35.99292468832694,1,Int64[]
81,depot,0.0,0.0,245.0,245.0,0.0,245.0,0.0,0,0,0.0,1254.8763721221185,0.0,0.0,1,Int64[]
