node,type_node,x,y,t_arr,t_begin_service,t_wait,t_departure,ride_time,num_passenger,qi,ei,li,service_or_chg_time,Li,lyr,cus_set
345,depot,0.0,0.0,0.0,0.0,0.0,0.0,0.0,0,0,0.0,1256.5541541430218,0.0,0.0,1,Int64[]
58,bus stop,-17.13453,-23.65418,35.19046633918007,191.7143004912299,0.0,192.2143004912299,52.78569950877011,2,2,191.7143004912299,224.30953366081994,0.5,52.78569950877011,1,"[473, 501]"
88,bus stop,-11.53453,-13.85418,205.8132894642636,211.92053512597838,0.0,212.42053512597838,32.579464874021625,3,1,211.92053512597838,237.78035675065223,0.5,32.57946487402163,1,[542]
68,bus stop,-15.73453,-13.85418,217.4807760898338,219.2414663389252,0.0,219.7414663389252,25.258533661074807,4,1,206.61219950838776,234.2414663389252,0.5,37.88780049161223,1,[432]
343,transit stop,0.0,0.0,245.0,245.0,0.0,245.0,0.0,3,-1,245.0,260.0,0.0,37.88780049161223,1,Int64[]
343,transit stop,0.0,0.0,245.0,245.0,0.0,245.0,0.0,2,-1,245.0,260.0,0.0,32.57946487402163,1,Int64[]
343,transit stop,0.0,0.0,245.0,245.0,0.0,245.0,0.0,0,-2,245.0,260.0,0.0,52.78569950877011,1,Int64[]
345,depot,0.0,0.0,245.0,245.0,0.0,245.0,0.0,0,0,0.0,1256.5541541430218,0.0,0.0,1,Int64[]
