node,type_node,x,y,t_arr,t_begin_service,t_wait,t_departure,ride_time,num_passenger,qi,ei,li,service_or_chg_time,Li,lyr,cus_set
34,depot,0.0,0.0,0.0,0.0,0.0,0.0,0.0,0,0,0.0,1255.7729164796385,0.0,0.0,1,Int64[]
22,bus stop,4.80089,-4.28199,7.7506486837190085,232.8740269744215,0.0,233.3740269744215,11.625973025578503,1,1,232.8740269744215,251.74935131628098,0.5,11.625973025578514,1,[51]
18,bus stop,2.00089,-2.88199,237.14570790032477,240.27291647963852,0.0,240.77291647963852,4.227083520361475,2,1,238.1593747194578,255.27291647963852,0.5,6.3406252805421985,1,[40]
32,transit stop,0.0,0.0,245.0,245.0,0.0,245.0,0.0,1,-1,245.0,260.0,0.0,6.3406252805421985,1,Int64[]
32,transit stop,0.0,0.0,245.0,245.0,0.0,245.0,0.0,0,-1,245.0,260.0,0.0,11.625973025578514,1,Int64[]
34,depot,0.0,0.0,245.0,245.0,0.0,245.0,0.0,0,0,0.0,1255.7729164796385,0.0,0.0,1,Int64[]
