node,type_node,x,y,t_arr,t_begin_service,t_wait,t_departure,ride_time,num_passenger,qi,ei,li,service_or_chg_time,Li,lyr,cus_set
140,depot,0.0,0.0,0.0,0.0,0.0,0.0,0.0,0,0,0.0,1257.648391755406,0.0,0.0,1,Int64[]
121,bus stop,13.56788,-11.7034,21.58802628475434,212.1179605728685,0.0,212.6179605728685,32.3820394271315,2,2,212.1179605728685,237.91197371524567,0.5,32.38203942713151,1,"[168, 170]"
114,bus stop,10.76788,-15.9034,218.69961332666318,218.69961332666318,0.0,219.19961332666318,25.800386673336817,3,1,209.79059973553942,236.36039982369294,0.5,34.70940026446059,1,[169]
108,bus stop,7.96788,-13.1034,223.97045425997,226.02315446422676,0.0,226.52315446422676,18.476845535773236,4,1,216.78473169634015,241.02315446422676,0.5,27.715268303659855,1,[230]
138,transit stop,0.0,0.0,245.0,245.0,0.0,245.0,0.0,3,-1,245.0,260.0,0.0,27.715268303659855,1,Int64[]
138,transit stop,0.0,0.0,245.0,245.0,0.0,245.0,0.0,1,-2,245.0,260.0,0.0,32.38203942713151,1,Int64[]
138,transit stop,0.0,0.0,245.0,245.0,0.0,245.0,0.0,0,-1,245.0,260.0,0.0,34.70940026446059,1,Int64[]
140,depot,0.0,0.0,245.0,245.0,0.0,245.0,0.0,0,0,0.0,1257.648391755406,0.0,0.0,1,Int64[]
