node,type_node,x,y,t_arr,t_begin_service,t_wait,t_departure,ride_time,num_passenger,qi,ei,li,service_or_chg_time,Li,lyr,cus_set
31,depot,0.0,0.0,0.0,0.0,0.0,0.0,0.0,0,0,0.0,1256.861909702973,0.0,0.0,1,Int64[]
11,bus stop,-3.42794,-6.00681,8.33265929608005,232.00101105587993,0.0,232.50101105587993,12.498988944120072,1,1,232.00101105587993,251.16734070391996,0.5,12.498988944120075,1,[42]
18,bus stop,-0.42794,-5.00681,236.31098414042015,238.44570472751124,0.0,238.94570472751124,6.054295272488758,2,1,235.41855709126685,253.44570472751124,0.5,9.081442908733157,1,[47]
29,transit stop,0.0,0.0,245.0,245.0,0.0,245.0,0.0,1,-1,245.0,260.0,0.0,9.081442908733157,1,Int64[]
29,transit stop,0.0,0.0,245.0,245.0,0.0,245.0,0.0,0,-1,245.0,260.0,0.0,12.498988944120075,1,Int64[]
31,depot,0.0,0.0,245.0,245.0,0.0,245.0,0.0,0,0,0.0,1256.861909702973,0.0,0.0,1,Int64[]
