node,type_node,x,y,t_arr,t_begin_service,t_wait,t_departure,ride_time,num_passenger,qi,ei,li,service_or_chg_time,Li,lyr,cus_set
304,depot,0.0,0.0,0.0,0.0,0.0,0.0,0.0,0,0,0.0,1258.1786084088396,0.0,0.0,1,Int64[]
16,bus stop,-15.74188,-11.27259,23.32743167242287,209.5088524913657,0.0,210.0088524913657,34.9911475086343,1,1,209.5088524913657,236.17256832757712,0.5,34.9911475086343,1,[363]
17,bus stop,-15.74188,-9.87259,211.6955994793175,211.6955994793175,0.0,212.1955994793175,32.80440052068249,2,1,210.91884572228153,237.11256381485435,0.5,33.581154277718475,1,[548]
48,bus stop,-11.54188,-14.07259,219.35186087927775,222.57186604265956,0.0,223.07186604265956,21.928133957340435,6,4,211.60779906398932,237.57186604265956,0.5,32.89220093601067,1,"[323, 376, 458, 461]"
302,transit stop,0.0,0.0,245.0,245.0,0.0,245.0,0.0,2,-4,245.0,260.0,0.0,32.89220093601067,1,Int64[]
302,transit stop,0.0,0.0,245.0,245.0,0.0,245.0,0.0,1,-1,245.0,260.0,0.0,33.581154277718475,1,Int64[]
302,transit stop,0.0,0.0,245.0,245.0,0.0,245.0,0.0,0,-1,245.0,260.0,0.0,34.9911475086343,1,Int64[]
304,depot,0.0,0.0,245.0,245.0,0.0,245.0,0.0,0,0,0.0,1258.1786084088396,0.0,0.0,1,Int64[]
