node,type_node,x,y,t_arr,t_begin_service,t_wait,t_departure,ride_time,num_passenger,qi,ei,li,service_or_chg_time,Li,lyr,cus_set
22,depot,0.0,0.0,0.0,0.0,0.0,0.0,0.0,0,0,0.0,1258.4497823043505,0.0,0.0,1,Int64[]
7,bus stop,-1.56948,1.27547,2.4366233579372394,242.06337664206276,0.0,242.56337664206276,2.4366233579372363,12,12,240.84506496309413,257.06337664206274,0.5,3.654935036905859,1,"[25, 27, 39, 42, 45, 47, 51, 53, 58, 59, 67, 69]"
20,transit stop,0.0,0.0,245.0,245.0,0.0,245.0,0.0,0,-12,245.0,260.0,0.0,3.654935036905859,1,Int64[]
22,depot,0.0,0.0,245.0,245.0,0.0,245.0,0.0,0,0,0.0,1258.4497823043505,0.0,0.0,1,Int64[]
