node,type_node,x,y,t_arr,t_begin_service,t_wait,t_departure,ride_time,num_passenger,qi,ei,li,service_or_chg_time,Li,lyr,cus_set
656,depot,0.0,0.0,0.0,0.0,0.0,0.0,0.0,0,0,0.0,1257.924621082435,0.0,0.0,1,Int64[]
43,bus stop,-22.6891,-1.73789,27.41633760217574,203.3754935967364,0.0,203.8754935967364,41.12450640326361,1,1,203.3754935967364,232.08366239782427,0.5,41.12450640326361,1,[1123]
18,bus stop,-25.4891,-3.13789,207.64717452263966,213.5584072236234,0.0,214.0584072236234,30.94159277637661,2,1,198.0876108354351,228.5584072236234,0.5,46.4123891645649,1,[788]
654,transit stop,0.0,0.0,245.0,245.0,0.0,245.0,0.0,1,-1,245.0,260.0,0.0,46.4123891645649,1,Int64[]
654,transit stop,0.0,0.0,245.0,245.0,0.0,245.0,0.0,0,-1,245.0,260.0,0.0,41.12450640326361,1,Int64[]
656,depot,0.0,0.0,245.0,245.0,0.0,245.0,0.0,0,0,0.0,1257.924621082435,0.0,0.0,1,Int64[]
