node,type_node,x,y,t_arr,t_begin_service,t_wait,t_departure,ride_time,num_passenger,qi,ei,li,service_or_chg_time,Li,lyr,cus_set
146,depot,0.0,0.0,0.0,0.0,0.0,0.0,0.0,0,0,0.0,1258.2747269040033,0.0,0.0,1,Int64[]
123,bus stop,2.04264,-0.61127,2.568845691120302,240.64673146331955,0.0,241.14673146331955,3.8532685366804458,1,1,240.64673146331955,256.9311543088797,0.5,3.853268536680453,1,[210]
113,bus stop,1.84264,-0.61127,241.38769531874124,241.38769531874124,0.0,241.88769531874124,3.112304681258763,3,2,240.9914740718155,257.16098271454365,0.5,3.5085259281845027,1,"[235, 246]"
103,bus stop,1.64264,-0.61127,242.12865917416292,242.38832703815694,0.0,242.88832703815694,2.1116729618430554,4,1,241.3324905572354,257.38832703815694,0.5,3.1675094427646,1,[169]
144,transit stop,0.0,0.0,245.0,245.0,0.0,245.0,0.0,3,-1,245.0,260.0,0.0,3.1675094427646,1,Int64[]
144,transit stop,0.0,0.0,245.0,245.0,0.0,245.0,0.0,2,-1,245.0,260.0,0.0,3.853268536680453,1,Int64[]
144,transit stop,0.0,0.0,245.0,245.0,0.0,245.0,0.0,0,-2,245.0,260.0,0.0,3.5085259281845027,1,Int64[]
146,depot,0.0,0.0,245.0,245.0,0.0,245.0,0.0,0,0,0.0,1258.2747269040033,0.0,0.0,1,Int64[]
