node,type_node,x,y,t_arr,t_begin_service,t_wait,t_departure,ride_time,num_passenger,qi,ei,li,service_or_chg_time,Li,lyr,cus_set
118,depot,-0.51733,1.38364,0.0,0.0,0.0,0.0,0.0,0,0,0.0,1252.136340565442,0.0,0.0,1,Int64[]
79,bus stop,11.38876,25.41494,32.3120391580426,194.16865751743063,0.0,194.66865751743063,50.33134248256937,1,1,194.16865751743063,225.9457716782871,0.5,50.33134248256937,1,[171]
90,bus stop,15.58876,18.41494,204.50399806295283,204.50399806295283,0.0,205.00399806295283,39.99600193704717,2,1,200.89671363090096,230.43114242060062,0.5,43.603286369099045,1,[174]
78,bus stop,9.98876,12.81494,214.5456799295665,224.9240774938397,0.0,225.4240774938397,19.57592250616031,3,1,215.13611624075952,239.9240774938397,0.5,29.363883759240476,1,[178]
116,transit stop,0.0,0.0,245.0,245.0,0.0,245.0,0.0,2,-1,245.0,260.0,0.0,29.363883759240476,1,Int64[]
116,transit stop,0.0,0.0,245.0,245.0,0.0,245.0,0.0,1,-1,245.0,260.0,0.0,43.603286369099045,1,Int64[]
116,transit stop,0.0,0.0,245.0,245.0,0.0,245.0,0.0,0,-1,245.0,260.0,0.0,50.33134248256937,1,Int64[]
118,depot,-0.51733,1.38364,246.77974685843205,246.77974685843205,0.0,246.77974685843205,0.0,0,0,0.0,1252.136340565442,0.0,0.0,1,Int64[]
