node,type_node,x,y,t_arr,t_begin_service,t_wait,t_departure,ride_time,num_passenger,qi,ei,li,service_or_chg_time,Li,lyr,cus_set
231,depot,0.0,0.0,0.0,0.0,0.0,0.0,0.0,0,0,0.0,1256.12870968382,0.0,0.0,1,Int64[]
34,bus stop,-20.87713,-14.02937,30.304923952788496,199.04261407081725,0.0,199.54261407081725,45.45738592918275,3,3,199.04261407081725,229.1950760472115,0.5,45.45738592918274,1,"[257, 350, 354]"
8,bus stop,-26.47713,-8.42937,209.0842959374309,209.0842959374309,0.0,209.5842959374309,35.41570406256909,4,1,194.28333261816263,226.02222174544175,0.5,50.21666738183737,1,[282]
28,bus stop,-22.27713,-5.62937,215.6659486912256,216.81640083027526,0.0,217.31640083027526,27.683599169724744,6,2,202.97460124541288,231.81640083027526,0.5,41.5253987545871,1,"[302, 326]"
229,transit stop,0.0,0.0,245.0,245.0,0.0,245.0,0.0,4,-2,245.0,260.0,0.0,41.5253987545871,1,Int64[]
229,transit stop,0.0,0.0,245.0,245.0,0.0,245.0,0.0,3,-1,245.0,260.0,0.0,50.21666738183737,1,Int64[]
229,transit stop,0.0,0.0,245.0,245.0,0.0,245.0,0.0,0,-3,245.0,260.0,0.0,45.45738592918274,1,Int64[]
231,depot,0.0,0.0,245.0,245.0,0.0,245.0,0.0,0,0,0.0,1256.12870968382,0.0,0.0,1,Int64[]
