node,type_node,x,y,t_arr,t_begin_service,t_wait,t_departure,ride_time,num_passenger,qi,ei,li,service_or_chg_time,Li,lyr,cus_set
76,depot,0.0,0.0,0.0,0.0,0.0,0.0,0.0,0,0,0.0,1257.8422337649151,0.0,0.0,1,Int64[]
63,bus stop,8.30283,7.17113,13.218031133812426,224.67295329928135,0.0,225.17295329928135,19.827046700718654,1,1,224.67295329928135,246.28196886618758,0.5,19.82704670071864,1,[94]
62,bus stop,8.30283,5.77113,226.85970028723315,226.85970028723315,0.0,227.35970028723315,17.640299712766847,2,1,226.22616056257067,247.3174403750471,0.5,18.27383943742932,1,[115]
59,bus stop,6.90283,1.57113,232.69366260558945,235.97063584067348,0.0,236.47063584067348,8.52936415932652,3,1,231.70595376101022,250.97063584067348,0.5,12.794046238989784,1,[83]
74,transit stop,0.0,0.0,245.0,245.0,0.0,245.0,0.0,2,-1,245.0,260.0,0.0,12.794046238989784,1,Int64[]
74,transit stop,0.0,0.0,245.0,245.0,0.0,245.0,0.0,1,-1,245.0,260.0,0.0,18.27383943742932,1,Int64[]
74,transit stop,0.0,0.0,245.0,245.0,0.0,245.0,0.0,0,-1,245.0,260.0,0.0,19.82704670071864,1,Int64[]
76,depot,0.0,0.0,245.0,245.0,0.0,245.0,0.0,0,0,0.0,1257.8422337649151,0.0,0.0,1,Int64[]
