node,type_node,x,y,t_arr,t_begin_service,t_wait,t_departure,ride_time,num_passenger,qi,ei,li,service_or_chg_time,Li,lyr,cus_set
154,depot,0.0,0.0,0.0,0.0,0.0,0.0,0.0,0,0,0.0,1254.872940531835,0.0,0.0,1,Int64[]
129,bus stop,17.96783,-20.86206,33.17234108446955,194.74148837329568,0.0,195.24148837329568,49.75851162670432,1,1,194.74148837329568,226.32765891553044,0.5,49.758511626704326,1,[226]
135,bus stop,22.16783,-16.66206,202.39774977325592,211.0885360108243,0.0,211.5885360108243,33.4114639891757,2,1,194.38280401623643,226.08853601082427,0.5,50.11719598376357,1,[218]
152,transit stop,0.0,0.0,245.0,245.0,0.0,245.0,0.0,1,-1,245.0,260.0,0.0,50.11719598376357,1,Int64[]
152,transit stop,0.0,0.0,245.0,245.0,0.0,245.0,0.0,0,-1,245.0,260.0,0.0,49.758511626704326,1,Int64[]
154,depot,0.0,0.0,245.0,245.0,0.0,245.0,0.0,0,0,0.0,1254.872940531835,0.0,0.0,1,Int64[]
