node,type_node,x,y,t_arr,t_begin_service,t_wait,t_departure,ride_time,num_passenger,qi,ei,li,service_or_chg_time,Li,lyr,cus_set
17,depot,0.0,0.0,0.0,0.0,0.0,0.0,0.0,0,0,0.0,1258.3982948100665,0.0,0.0,1,Int64[]
2,bus stop,-2.99109,1.31561,3.936911586643895,238.59463262003416,0.0,239.09463262003416,5.905367379965838,1,1,238.59463262003416,255.56308841335613,0.5,5.905367379965843,1,[31]
8,bus stop,-0.19109,1.31561,242.46812659593778,242.89829481006666,0.0,243.39829481006666,1.601705189933341,2,1,242.0974422151,257.89829481006666,0.5,2.4025577849000244,1,[36]
15,transit stop,0.0,0.0,245.0,245.0,0.0,245.0,0.0,1,-1,245.0,260.0,0.0,2.4025577849000244,1,Int64[]
15,transit stop,0.0,0.0,245.0,245.0,0.0,245.0,0.0,0,-1,245.0,260.0,0.0,5.905367379965843,1,Int64[]
17,depot,0.0,0.0,245.0,245.0,0.0,245.0,0.0,0,0,0.0,1258.3982948100665,0.0,0.0,1,Int64[]
