node,type_node,x,y,t_arr,t_begin_service,t_wait,t_departure,ride_time,num_passenger,qi,ei,li,service_or_chg_time,Li,lyr,cus_set
50,depot,0.0,0.0,0.0,0.0,0.0,0.0,0.0,0,0,0.0,1257.4089046089364,0.0,0.0,1,Int64[]
39,bus stop,3.44637,-2.13857,4.88671903906482,237.16992144140278,0.0,237.66992144140278,7.330078558597222,8,8,237.16992144140278,254.61328096093519,0.5,7.33007855859723,1,"[57, 71, 86, 147, 149, 173, 180, 197]"
33,bus stop,2.04637,-2.13857,239.35666842935458,239.35666842935458,0.0,239.85666842935458,5.143331570645415,16,8,239.15075144039002,255.93383429359335,0.5,5.349248559609983,1,"[70, 73, 89, 100, 168, 172, 177, 191]"
34,bus stop,2.04637,-0.73857,241.5434154173064,241.87882828029015,0.0,242.37882828029015,2.6211717197098494,17,1,240.5682424204352,256.8788282802901,0.5,3.9317575795647794,1,[158]
48,transit stop,0.0,0.0,245.0,245.0,0.0,245.0,0.0,16,-1,245.0,260.0,0.0,3.9317575795647794,1,Int64[]
48,transit stop,0.0,0.0,245.0,245.0,0.0,245.0,0.0,8,-8,245.0,260.0,0.0,5.349248559609983,1,Int64[]
48,transit stop,0.0,0.0,245.0,245.0,0.0,245.0,0.0,0,-8,245.0,260.0,0.0,7.33007855859723,1,Int64[]
50,depot,0.0,0.0,245.0,245.0,0.0,245.0,0.0,0,0,0.0,1257.4089046089364,0.0,0.0,1,Int64[]
