busStop_ID,busStop_X,busStop_Y
1,-38.06954,2.82624
2,-38.06954,4.22624
3,-18.46954,9.82624
4,8.13046,9.82624
5,9.53046,-37.77376
6,9.53046,-30.77376
7,9.53046,-29.37376
8,10.93046,-37.77376
9,13.73046,-4.17376
10,19.33046,29.42624
11,19.33046,30.82624
12,24.93046,-15.37376
13,26.33046,-15.37376
14,37.53046,-9.77376
15,37.53046,-6.97376
16,38.93046,-9.77376
