node,type_node,x,y,t_arr,t_begin_service,t_wait,t_departure,ride_time,num_passenger,qi,ei,li,service_or_chg_time,Li,lyr,cus_set
194,depot,-0.69396,4.05902,0.0,0.0,0.0,0.0,0.0,0,0,0.0,1256.750641666591,0.0,0.0,1,Int64[]
182,bus stop,32.3563,-12.06663,44.30650239778659,182.09081679231187,0.0,182.59081679231187,62.40918320768813,1,1,182.09081679231187,217.89387786154123,0.5,62.40918320768814,1,[221]
153,bus stop,22.5563,-14.86663,194.87052022001396,195.6779405607747,0.0,196.1779405607747,48.82205943922531,2,1,195.6779405607747,226.9519603738498,0.5,48.8220594392253,1,[292]
144,bus stop,16.9563,-21.86663,206.97839108174577,211.1618512327583,0.0,211.6618512327583,33.338148767241705,3,1,194.49277684913747,226.1618512327583,0.5,50.007223150862536,1,[208]
192,transit stop,0.0,0.0,245.0,245.0,0.0,245.0,0.0,2,-1,245.0,260.0,0.0,50.007223150862536,1,Int64[]
192,transit stop,0.0,0.0,245.0,245.0,0.0,245.0,0.0,1,-1,245.0,260.0,0.0,48.8220594392253,1,Int64[]
192,transit stop,0.0,0.0,245.0,245.0,0.0,245.0,0.0,0,-1,245.0,260.0,0.0,62.40918320768814,1,Int64[]
194,depot,-0.69396,4.05902,249.9613433581006,249.9613433581006,0.0,249.9613433581006,0.0,0,0,0.0,1256.750641666591,0.0,0.0,1,Int64[]
