node,type_node,x,y,t_arr,t_begin_service,t_wait,t_departure,ride_time,num_passenger,qi,ei,li,service_or_chg_time,Li,lyr,cus_set
70,depot,0.0,0.0,0.0,0.0,0.0,0.0,0.0,0,0,0.0,1258.5835881983232,0.0,0.0,1,Int64[]
22,bus stop,-3.47357,0.43647,4.217933532336079,238.1730997014959,0.0,238.6730997014959,6.326900298504114,1,1,238.1730997014959,255.28206646766392,0.5,6.326900298504118,1,[117]
26,bus stop,-2.07357,-0.96353,241.0585201681493,241.7451806291512,0.0,242.2451806291512,2.754819370848793,2,1,240.3677709437268,256.7451806291512,0.5,4.132229056273199,1,[114]
68,transit stop,0.0,0.0,245.0,245.0,0.0,245.0,0.0,1,-1,245.0,260.0,0.0,4.132229056273199,1,Int64[]
68,transit stop,0.0,0.0,245.0,245.0,0.0,245.0,0.0,0,-1,245.0,260.0,0.0,6.326900298504118,1,Int64[]
70,depot,0.0,0.0,245.0,245.0,0.0,245.0,0.0,0,0,0.0,1258.5835881983232,0.0,0.0,1,Int64[]
