node,type_node,x,y,t_arr,t_begin_service,t_wait,t_departure,ride_time,num_passenger,qi,ei,li,service_or_chg_time,Li,lyr,cus_set
347,depot,0.0,0.0,0.0,0.0,0.0,0.0,0.0,0,0,0.0,1257.5133522497795,0.0,0.0,1,Int64[]
18,bus stop,-25.37021,3.05752,30.78769409520558,198.31845885719162,0.0,198.81845885719162,46.181541142808385,1,1,198.31845885719162,228.71230590479442,0.5,46.18154114280837,1,[540]
25,bus stop,-23.97021,12.85752,210.7455611904587,210.7455611904587,0.0,211.2455611904587,33.75443880954131,2,1,195.3418191689804,226.72787944598696,0.5,49.15818083101958,1,[516]
43,bus stop,-19.77021,11.45752,216.579523508815,216.96952445472962,0.0,217.46952445472962,27.530475545270377,4,2,203.20428668209445,231.96952445472962,0.5,41.29571331790555,1,"[415, 533]"
345,transit stop,0.0,0.0,245.0,245.0,0.0,245.0,0.0,2,-2,245.0,260.0,0.0,41.29571331790555,1,Int64[]
345,transit stop,0.0,0.0,245.0,245.0,0.0,245.0,0.0,1,-1,245.0,260.0,0.0,49.15818083101958,1,Int64[]
345,transit stop,0.0,0.0,245.0,245.0,0.0,245.0,0.0,0,-1,245.0,260.0,0.0,46.18154114280837,1,Int64[]
347,depot,0.0,0.0,245.0,245.0,0.0,245.0,0.0,0,0,0.0,1257.5133522497795,0.0,0.0,1,Int64[]
