node,type_node,x,y,t_arr,t_begin_service,t_wait,t_departure,ride_time,num_passenger,qi,ei,li,service_or_chg_time,Li,lyr,cus_set
214,depot,-0.74666,-0.34189,0.0,0.0,0.0,0.0,0.0,0,0,0.0,1258.0526409958575,0.0,0.0,1,Int64[]
19,bus stop,-16.86325,-14.71345,26.016459445646145,204.05460401583105,0.0,204.55460401583105,40.445395984168954,1,1,204.05460401583105,232.5364026772207,0.5,40.44539598416894,1,[351]
31,bus stop,-14.06325,-10.51345,210.63625676962573,223.34495053957326,0.0,223.84495053957326,21.15504946042674,2,1,212.76742580935988,238.34495053957326,0.5,31.73257419064012,1,[297]
212,transit stop,0.0,0.0,245.0,245.0,0.0,245.0,0.0,1,-1,245.0,260.0,0.0,31.73257419064012,1,Int64[]
212,transit stop,0.0,0.0,245.0,245.0,0.0,245.0,0.0,0,-1,245.0,260.0,0.0,40.44539598416894,1,Int64[]
214,depot,-0.74666,-0.34189,245.98941261945816,245.98941261945816,0.0,245.98941261945816,0.0,0,0,0.0,1258.0526409958575,0.0,0.0,1,Int64[]
