node,type_node,x,y,t_arr,t_begin_service,t_wait,t_departure,ride_time,num_passenger,qi,ei,li,service_or_chg_time,Li,lyr,cus_set
132,depot,0.0,0.0,0.0,0.0,0.0,0.0,0.0,0,0,0.0,1257.58594647744,0.0,0.0,1,Int64[]
48,bus stop,-2.6411,6.85877,8.85506393203252,231.21740410195122,0.0,231.71740410195122,13.282595898048783,4,4,231.21740410195122,250.64493606796748,0.5,13.282595898048779,1,"[141, 156, 225, 262]"
34,bus stop,-4.0411,5.45877,234.10282456860463,234.10282456860463,0.0,234.60282456860463,10.397175431395368,6,2,232.22564776516043,251.31709851010697,0.5,12.274352234839554,1,"[150, 260]"
33,bus stop,-4.0411,4.05877,236.28957155655644,237.59941369605303,0.0,238.09941369605303,6.900586303946966,8,2,234.14912054407955,252.59941369605303,0.5,10.35087945592044,1,"[261, 271]"
130,transit stop,0.0,0.0,245.0,245.0,0.0,245.0,0.0,6,-2,245.0,260.0,0.0,10.35087945592044,1,Int64[]
130,transit stop,0.0,0.0,245.0,245.0,0.0,245.0,0.0,4,-2,245.0,260.0,0.0,12.274352234839554,1,Int64[]
130,transit stop,0.0,0.0,245.0,245.0,0.0,245.0,0.0,0,-4,245.0,260.0,0.0,13.282595898048779,1,Int64[]
132,depot,0.0,0.0,245.0,245.0,0.0,245.0,0.0,0,0,0.0,1257.58594647744,0.0,0.0,1,Int64[]
