node,type_node,x,y,t_arr,t_begin_service,t_wait,t_departure,ride_time,num_passenger,qi,ei,li,service_or_chg_time,Li,lyr,cus_set
55,depot,0.0,0.0,0.0,0.0,0.0,0.0,0.0,0,0,0.0,1258.8510044894504,0.0,0.0,1,Int64[]
5,bus stop,-3.49769,-3.54984,6.004208056664888,235.49368791500268,0.0,235.99368791500268,9.006312084997319,8,8,235.49368791500268,253.49579194333512,0.5,9.006312084997333,1,"[95, 216, 249, 256, 347, 405, 519, 524]"
6,bus stop,-3.49769,-2.14984,237.6804349029545,237.6804349029545,0.0,238.1804349029545,6.819565097045512,21,13,237.0803078721021,254.5535385814014,0.5,7.419692127897893,1,"[140, 198, 211, 215, 217, 219, 327, 423, 441, 447, 456, 500, 535]"
14,bus stop,-2.09769,-0.74984,240.5658553696079,241.81604679218418,0.0,242.31604679218418,2.6839532078158186,35,14,240.47407018827627,256.8160467921842,0.5,4.025929811723725,1,"[91, 99, 200, 223, 227, 263, 295, 388, 428, 467, 491, 493, 512, 546]"
53,transit stop,0.0,0.0,245.0,245.0,0.0,245.0,0.0,21,-14,245.0,260.0,0.0,4.025929811723725,1,Int64[]
53,transit stop,0.0,0.0,245.0,245.0,0.0,245.0,0.0,8,-13,245.0,260.0,0.0,7.419692127897893,1,Int64[]
53,transit stop,0.0,0.0,245.0,245.0,0.0,245.0,0.0,0,-8,245.0,260.0,0.0,9.006312084997333,1,Int64[]
55,depot,0.0,0.0,245.0,245.0,0.0,245.0,0.0,0,0,0.0,1258.8510044894504,0.0,0.0,1,Int64[]
