node,type_node,x,y,t_arr,t_begin_service,t_wait,t_departure,ride_time,num_passenger,qi,ei,li,service_or_chg_time,Li,lyr,cus_set
119,depot,-0.11425,0.91828,0.0,0.0,0.0,0.0,0.0,0,0,0.0,1255.41218144389,0.0,0.0,1,Int64[]
19,bus stop,-16.23839,10.92345,22.862737632547965,209.13150648396348,0.0,209.63150648396348,35.36849351603652,1,1,209.13150648396348,235.92100432264232,0.5,35.36849351603652,1,[167]
12,bus stop,-19.03839,10.92345,213.0050004598671,218.05477801471923,0.0,218.55477801471923,26.445221985280767,2,1,204.83216702207886,233.05477801471923,0.5,39.66783297792114,1,[190]
117,transit stop,0.0,0.0,245.0,245.0,0.0,245.0,0.0,1,-1,245.0,260.0,0.0,39.66783297792114,1,Int64[]
117,transit stop,0.0,0.0,245.0,245.0,0.0,245.0,0.0,0,-1,245.0,260.0,0.0,35.36849351603652,1,Int64[]
119,depot,-0.11425,0.91828,246.11489162570138,246.11489162570138,0.0,246.11489162570138,0.0,0,0,0.0,1255.41218144389,0.0,0.0,1,Int64[]
