node,type_node,x,y,t_arr,t_begin_service,t_wait,t_departure,ride_time,num_passenger,qi,ei,li,service_or_chg_time,Li,lyr,cus_set
144,depot,0.0,0.0,0.0,0.0,0.0,0.0,0.0,0,0,0.0,1258.583194845799,0.0,0.0,1,Int64[]
72,bus stop,3.96783,-26.46206,32.23841306639462,196.14238040040806,0.0,196.64238040040806,48.35761959959194,1,1,196.14238040040806,227.26158693360537,0.5,48.35761959959193,1,[192]
84,bus stop,6.76783,-22.26206,202.72403315420274,202.72403315420274,0.0,203.22403315420274,41.77596684579726,4,3,202.44928052792767,231.46618701861846,0.5,42.050719472072316,1,"[166, 168, 238]"
95,bus stop,10.96783,-12.46206,216.06991550144306,224.49868510809142,0.0,224.99868510809142,20.001314891908578,5,1,214.49802766213713,239.49868510809142,0.5,30.00197233786286,1,[229]
142,transit stop,0.0,0.0,245.0,245.0,0.0,245.0,0.0,4,-1,245.0,260.0,0.0,30.00197233786286,1,Int64[]
142,transit stop,0.0,0.0,245.0,245.0,0.0,245.0,0.0,1,-3,245.0,260.0,0.0,42.050719472072316,1,Int64[]
142,transit stop,0.0,0.0,245.0,245.0,0.0,245.0,0.0,0,-1,245.0,260.0,0.0,48.35761959959193,1,Int64[]
144,depot,0.0,0.0,245.0,245.0,0.0,245.0,0.0,0,0,0.0,1258.583194845799,0.0,0.0,1,Int64[]
