node,type_node,x,y,t_arr,t_begin_service,t_wait,t_departure,ride_time,num_passenger,qi,ei,li,service_or_chg_time,Li,lyr,cus_set
163,depot,0.0,0.0,0.0,0.0,0.0,0.0,0.0,0,0,0.0,1258.2747269040033,0.0,0.0,1,Int64[]
75,bus stop,0.04264,-1.81127,2.182857632663363,241.22571355100496,0.0,241.72571355100496,3.274286448995042,1,1,241.22571355100496,257.31714236733666,0.5,3.2742864489950443,1,[215]
79,bus stop,0.24264,-1.41127,242.2645251118483,242.7747269040033,0.0,243.2747269040033,1.7252730959966982,2,1,241.91209035600494,257.7747269040033,0.5,2.5879096439950633,1,[168]
161,transit stop,0.0,0.0,245.0,245.0,0.0,245.0,0.0,1,-1,245.0,260.0,0.0,2.5879096439950633,1,Int64[]
161,transit stop,0.0,0.0,245.0,245.0,0.0,245.0,0.0,0,-1,245.0,260.0,0.0,3.2742864489950443,1,Int64[]
163,depot,0.0,0.0,245.0,245.0,0.0,245.0,0.0,0,0,0.0,1258.2747269040033,0.0,0.0,1,Int64[]
