node,type_node,x,y,t_arr,t_begin_service,t_wait,t_departure,ride_time,num_passenger,qi,ei,li,service_or_chg_time,Li,lyr,cus_set
200,depot,0.0,0.0,0.0,0.0,0.0,0.0,0.0,0,0,0.0,1257.8544875457383,0.0,0.0,1,Int64[]
197,bus stop,19.49529,1.84763,23.59355076466268,209.10967385300597,0.0,209.60967385300597,35.39032614699403,1,1,209.10967385300597,235.90644923533733,0.5,35.39032614699402,1,[241]
193,bus stop,18.09529,-6.55237,219.86975522941262,219.86975522941262,0.0,220.36975522941262,24.63024477058738,3,2,209.71973641433718,236.31315760955812,0.5,34.78026358566283,1,"[213, 343]"
187,bus stop,16.69529,-5.15237,222.75517569606603,223.44909277436005,0.0,223.94909277436005,21.050907225639946,4,1,212.9236391615401,238.44909277436005,0.5,31.576360838459905,1,[262]
198,transit stop,0.0,0.0,245.0,245.0,0.0,245.0,0.0,3,-1,245.0,260.0,0.0,31.576360838459905,1,Int64[]
198,transit stop,0.0,0.0,245.0,245.0,0.0,245.0,0.0,1,-2,245.0,260.0,0.0,34.78026358566283,1,Int64[]
198,transit stop,0.0,0.0,245.0,245.0,0.0,245.0,0.0,0,-1,245.0,260.0,0.0,35.39032614699402,1,Int64[]
200,depot,0.0,0.0,245.0,245.0,0.0,245.0,0.0,0,0,0.0,1257.8544875457383,0.0,0.0,1,Int64[]
