node,type_node,x,y,t_arr,t_begin_service,t_wait,t_departure,ride_time,num_passenger,qi,ei,li,service_or_chg_time,Li,lyr,cus_set
212,depot,0.0,0.0,0.0,0.0,0.0,0.0,0.0,0,0,0.0,1258.1746219842,0.0,0.0,1,Int64[]
167,bus stop,1.64024,0.66072,2.130500080661839,241.30424987900724,0.0,241.80424987900724,3.1957501209927557,1,1,241.30424987900724,257.3694999193382,0.5,3.1957501209927583,1,[318]
159,bus stop,1.44024,0.66072,242.04521373442893,242.5908870868998,0.0,243.0908870868998,1.9091129131001878,2,1,241.6363306303497,257.5908870868998,0.5,2.8636693696502826,1,[247]
210,transit stop,0.0,0.0,245.0,245.0,0.0,245.0,0.0,1,-1,245.0,260.0,0.0,2.8636693696502826,1,Int64[]
210,transit stop,0.0,0.0,245.0,245.0,0.0,245.0,0.0,0,-1,245.0,260.0,0.0,3.1957501209927583,1,Int64[]
212,depot,0.0,0.0,245.0,245.0,0.0,245.0,0.0,0,0,0.0,1258.1746219842,0.0,0.0,1,Int64[]
