node,type_node,x,y,t_arr,t_begin_service,t_wait,t_departure,ride_time,num_passenger,qi,ei,li,service_or_chg_time,Li,lyr,cus_set
66,depot,0.0,0.0,0.0,0.0,0.0,0.0,0.0,0,0,0.0,1257.620574165033,0.0,0.0,1,Int64[]
21,bus stop,-2.07357,-7.96353,9.914535546607816,229.62819668008828,0.0,230.12819668008828,14.87180331991172,1,1,229.62819668008828,249.58546445339218,0.5,14.871803319911724,1,[71]
23,bus stop,-0.67357,-3.76353,235.46215899844458,237.59036692229816,0.0,238.09036692229816,6.909633077701841,3,2,237.59036692229816,254.89357794819878,0.5,6.909633077701845,1,"[77, 113]"
30,bus stop,0.72643,-2.36353,240.47578738895157,241.5209093194542,0.0,242.0209093194542,2.979090680545795,4,1,240.03136397918132,256.52090931945423,0.5,4.468636020818689,1,[79]
64,transit stop,0.0,0.0,245.0,245.0,0.0,245.0,0.0,3,-1,245.0,260.0,0.0,4.468636020818689,1,Int64[]
64,transit stop,0.0,0.0,245.0,245.0,0.0,245.0,0.0,2,-1,245.0,260.0,0.0,14.871803319911724,1,Int64[]
64,transit stop,0.0,0.0,245.0,245.0,0.0,245.0,0.0,0,-2,245.0,260.0,0.0,6.909633077701845,1,Int64[]
66,depot,0.0,0.0,245.0,245.0,0.0,245.0,0.0,0,0,0.0,1257.620574165033,0.0,0.0,1,Int64[]
