node,type_node,x,y,t_arr,t_begin_service,t_wait,t_departure,ride_time,num_passenger,qi,ei,li,service_or_chg_time,Li,lyr,cus_set
34,depot,0.0,0.0,0.0,0.0,0.0,0.0,0.0,0,0,0.0,1257.872263681469,0.0,0.0,1,Int64[]
19,bus stop,1.88418,4.5779,5.964439874295023,237.8277100131207,0.0,238.3277100131207,6.672289986879292,1,1,235.55334018855746,253.535560125705,0.5,8.946659811442533,1,[51]
15,bus stop,1.08418,3.9779,239.53252929022915,239.53252929022915,0.0,240.03252929022915,4.967470709770851,2,1,237.04879393534372,254.53252929022915,0.5,7.45120606465629,1,[53]
32,transit stop,0.0,0.0,245.0,245.0,0.0,245.0,0.0,1,-1,245.0,260.0,0.0,8.946659811442533,1,Int64[]
32,transit stop,0.0,0.0,245.0,245.0,0.0,245.0,0.0,0,-1,245.0,260.0,0.0,7.45120606465629,1,Int64[]
34,depot,0.0,0.0,245.0,245.0,0.0,245.0,0.0,0,0,0.0,1257.872263681469,0.0,0.0,1,Int64[]
