node,type_node,x,y,t_arr,t_begin_service,t_wait,t_departure,ride_time,num_passenger,qi,ei,li,service_or_chg_time,Li,lyr,cus_set
147,depot,0.0,0.0,0.0,0.0,0.0,0.0,0.0,0,0,0.0,1258.2747269040033,0.0,0.0,1,Int64[]
6,bus stop,-2.35736,-0.61127,2.934123865885197,240.09881420117222,0.0,240.59881420117222,4.4011857988277825,1,1,240.09881420117222,256.56587613411483,0.5,4.401185798827795,1,[244]
13,bus stop,-2.15736,-0.41127,240.9395885535513,240.9395885535513,0.0,241.4395885535513,3.560411446448711,2,1,240.53094297775297,256.85396198516867,0.5,3.9690570222470294,1,[186]
36,bus stop,-1.55736,-0.41127,242.16248011981634,242.55933823950176,0.0,243.05933823950176,1.9406617604982443,4,2,241.5890073592526,257.55933823950176,0.5,2.9109926407473816,1,"[158, 237]"
145,transit stop,0.0,0.0,245.0,245.0,0.0,245.0,0.0,2,-2,245.0,260.0,0.0,2.9109926407473816,1,Int64[]
145,transit stop,0.0,0.0,245.0,245.0,0.0,245.0,0.0,1,-1,245.0,260.0,0.0,4.401185798827795,1,Int64[]
145,transit stop,0.0,0.0,245.0,245.0,0.0,245.0,0.0,0,-1,245.0,260.0,0.0,3.9690570222470294,1,Int64[]
147,depot,0.0,0.0,245.0,245.0,0.0,245.0,0.0,0,0,0.0,1258.2747269040033,0.0,0.0,1,Int64[]
