node,type_node,x,y,t_arr,t_begin_service,t_wait,t_departure,ride_time,num_passenger,qi,ei,li,service_or_chg_time,Li,lyr,cus_set
147,depot,0.0,0.0,0.0,0.0,0.0,0.0,0.0,0,0,0.0,1258.2747269040033,0.0,0.0,1,Int64[]
143,bus stop,2.64264,0.98873,3.3994554358198075,239.4008168462703,0.0,239.9008168462703,5.099183153729712,2,2,239.4008168462703,256.1005445641802,0.5,5.099183153729712,1,"[159, 229]"
131,bus stop,2.04264,0.98873,240.62370841253534,241.765839189931,0.0,242.265839189931,2.7341608100689996,3,1,240.3987587848965,256.765839189931,0.5,4.101241215103501,1,[195]
145,transit stop,0.0,0.0,245.0,245.0,0.0,245.0,0.0,2,-1,245.0,260.0,0.0,4.101241215103501,1,Int64[]
145,transit stop,0.0,0.0,245.0,245.0,0.0,245.0,0.0,0,-2,245.0,260.0,0.0,5.099183153729712,1,Int64[]
147,depot,0.0,0.0,245.0,245.0,0.0,245.0,0.0,0,0,0.0,1258.2747269040033,0.0,0.0,1,Int64[]
