node,type_node,x,y,t_arr,t_begin_service,t_wait,t_departure,ride_time,num_passenger,qi,ei,li,service_or_chg_time,Li,lyr,cus_set
340,depot,0.0,0.0,0.0,0.0,0.0,0.0,0.0,0,0,0.0,1258.436110330772,0.0,0.0,1,Int64[]
32,bus stop,-22.73453,-1.25418,27.43264814143581,203.35102778784628,0.0,203.85102778784628,41.14897221215372,2,2,203.35102778784628,232.0673518585642,0.5,41.148972212153716,1,"[396, 533]"
65,bus stop,-15.73453,-11.05418,218.36097402141215,218.36097402141215,0.0,218.86097402141215,26.139025978587853,3,1,209.74804853819813,236.33203235879876,0.5,34.751951461801866,1,[373]
134,bus stop,-5.93453,-9.65418,230.78807635467922,230.8465832082063,0.0,231.3465832082063,13.653416791793688,4,1,224.01987481230947,245.8465832082063,0.5,20.480125187690543,1,[560]
338,transit stop,0.0,0.0,245.0,245.0,0.0,245.0,0.0,3,-1,245.0,260.0,0.0,20.480125187690543,1,Int64[]
338,transit stop,0.0,0.0,245.0,245.0,0.0,245.0,0.0,2,-1,245.0,260.0,0.0,34.751951461801866,1,Int64[]
338,transit stop,0.0,0.0,245.0,245.0,0.0,245.0,0.0,0,-2,245.0,260.0,0.0,41.148972212153716,1,Int64[]
340,depot,0.0,0.0,245.0,245.0,0.0,245.0,0.0,0,0,0.0,1258.436110330772,0.0,0.0,1,Int64[]
