node,type_node,x,y,t_arr,t_begin_service,t_wait,t_departure,ride_time,num_passenger,qi,ei,li,service_or_chg_time,Li,lyr,cus_set
69,depot,0.0,0.0,0.0,0.0,0.0,0.0,0.0,0,0,0.0,1257.643255661839,0.0,0.0,1,Int64[]
63,bus stop,6.32643,-3.76353,8.868965514076736,231.19655172888488,0.0,231.69655172888488,13.303448271115116,2,2,231.19655172888488,250.63103448592327,0.5,13.303448271115105,1,"[105, 119]"
56,bus stop,4.92643,-5.16353,234.0819721955383,234.0819721955383,0.0,234.5819721955383,10.418027804461701,3,1,231.60244211620943,250.90162807747296,0.5,12.897557883790558,1,[87]
49,bus stop,3.52643,-3.76353,236.9673926621917,238.2861375286002,0.0,238.7861375286002,6.213862471399807,5,2,235.17920629290032,253.2861375286002,0.5,9.320793707099691,1,"[107, 110]"
67,transit stop,0.0,0.0,245.0,245.0,0.0,245.0,0.0,3,-2,245.0,260.0,0.0,9.320793707099691,1,Int64[]
67,transit stop,0.0,0.0,245.0,245.0,0.0,245.0,0.0,1,-2,245.0,260.0,0.0,13.303448271115105,1,Int64[]
67,transit stop,0.0,0.0,245.0,245.0,0.0,245.0,0.0,0,-1,245.0,260.0,0.0,12.897557883790558,1,Int64[]
69,depot,0.0,0.0,245.0,245.0,0.0,245.0,0.0,0,0,0.0,1257.643255661839,0.0,0.0,1,Int64[]
