node,type_node,x,y,t_arr,t_begin_service,t_wait,t_departure,ride_time,num_passenger,qi,ei,li,service_or_chg_time,Li,lyr,cus_set
90,depot,-0.79716,1.83752,0.0,0.0,0.0,0.0,0.0,0,0,0.0,1252.8175740732026,0.0,0.0,1,Int64[]
10,bus stop,-25.61095,-14.97857,36.114546902473634,190.88044943530005,0.0,191.38044943530005,53.61955056469995,1,1,190.88044943530005,223.75363295686668,0.5,53.619550564699956,1,[116]
12,bus stop,-22.81095,-17.77857,196.15129036860688,209.65557269779598,0.0,210.15557269779598,34.844427302204025,2,1,192.23335904669398,224.655572697796,0.5,52.266640953306016,1,[139]
88,transit stop,0.0,0.0,245.0,245.0,0.0,245.0,0.0,1,-1,245.0,260.0,0.0,52.266640953306016,1,Int64[]
88,transit stop,0.0,0.0,245.0,245.0,0.0,245.0,0.0,0,-1,245.0,260.0,0.0,53.619550564699956,1,Int64[]
90,depot,-0.79716,1.83752,247.41323340764012,247.41323340764012,0.0,247.41323340764012,0.0,0,0,0.0,1252.8175740732026,0.0,0.0,1,Int64[]
