node,type_node,x,y,t_arr,t_begin_service,t_wait,t_departure,ride_time,num_passenger,qi,ei,li,service_or_chg_time,Li,lyr,cus_set
224,depot,0.0,0.0,0.0,0.0,0.0,0.0,0.0,0,0,0.0,1256.12870968382,0.0,0.0,1,Int64[]
218,bus stop,26.72287,11.17063,34.89599992702535,209.60400007297466,0.0,210.10400007297466,34.89599992702534,1,1,192.15600010946196,224.60400007297466,0.5,52.34399989053803,1,[228]
222,transit stop,0.0,0.0,245.0,245.0,0.0,245.0,0.0,0,-1,245.0,260.0,0.0,52.34399989053803,1,Int64[]
224,depot,0.0,0.0,245.0,245.0,0.0,245.0,0.0,0,0,0.0,1256.12870968382,0.0,0.0,1,Int64[]
