node,type_node,x,y,t_arr,t_begin_service,t_wait,t_departure,ride_time,num_passenger,qi,ei,li,service_or_chg_time,Li,lyr,cus_set
35,depot,0.0,0.0,0.0,0.0,0.0,0.0,0.0,0,0,0.0,1258.1830678061926,0.0,0.0,1,Int64[]
11,bus stop,-1.20845,-1.49785,2.3187391098742283,242.18126089012577,0.0,242.68126089012577,2.3187391098742296,1,1,241.02189133518866,257.18126089012577,0.5,3.4781086648113426,1,[47]
33,transit stop,0.0,0.0,245.0,245.0,0.0,245.0,0.0,0,-1,245.0,260.0,0.0,3.4781086648113426,1,Int64[]
35,depot,0.0,0.0,245.0,245.0,0.0,245.0,0.0,0,0,0.0,1258.1830678061926,0.0,0.0,1,Int64[]
