node,type_node,x,y,t_arr,t_begin_service,t_wait,t_departure,ride_time,num_passenger,qi,ei,li,service_or_chg_time,Li,lyr,cus_set
167,depot,0.0,0.0,0.0,0.0,0.0,0.0,0.0,0,0,0.0,1258.2329162830174,0.0,0.0,1,Int64[]
130,bus stop,2.27468,-3.85936,5.397379071811159,236.40393139228325,0.0,236.90393139228325,8.096068607716745,1,1,236.40393139228325,254.10262092818886,0.5,8.096068607716738,1,[265]
133,bus stop,2.47468,-4.25936,237.44274295312658,237.44274295312658,0.0,237.94274295312658,7.057257046873417,2,1,235.59745962410543,253.56497308273694,0.5,8.902540375894578,1,[217]
131,bus stop,2.27468,-3.45936,238.93626238098625,239.51179490893935,0.0,240.01179490893935,4.9882050910606495,3,1,237.01769236340903,254.51179490893935,0.5,7.482307636590974,1,[180]
165,transit stop,0.0,0.0,245.0,245.0,0.0,245.0,0.0,2,-1,245.0,260.0,0.0,7.482307636590974,1,Int64[]
165,transit stop,0.0,0.0,245.0,245.0,0.0,245.0,0.0,1,-1,245.0,260.0,0.0,8.096068607716738,1,Int64[]
165,transit stop,0.0,0.0,245.0,245.0,0.0,245.0,0.0,0,-1,245.0,260.0,0.0,8.902540375894578,1,Int64[]
167,depot,0.0,0.0,245.0,245.0,0.0,245.0,0.0,0,0,0.0,1258.2329162830174,0.0,0.0,1,Int64[]
