node,type_node,x,y,t_arr,t_begin_service,t_wait,t_departure,ride_time,num_passenger,qi,ei,li,service_or_chg_time,Li,lyr,cus_set
167,depot,0.0,0.0,0.0,0.0,0.0,0.0,0.0,0,0,0.0,1258.2329162830174,0.0,0.0,1,Int64[]
126,bus stop,2.07468,-0.85936,2.705562919214273,240.4416556211786,0.0,240.9416556211786,4.058344378821403,1,1,240.4416556211786,256.7944370807857,0.5,4.05834437882141,1,[202]
111,bus stop,1.47468,-0.25936,241.96397867831578,241.96397867831578,0.0,242.46397867831578,2.536021321684217,2,1,241.7940111466853,257.6960074311235,0.5,2.7059888533146843,1,[204]
112,bus stop,1.47468,-0.05936,242.70494253373747,242.72183828967118,0.0,243.22183828967118,1.778161710328817,3,1,241.83275743450676,257.72183828967115,0.5,2.667242565493244,1,[192]
165,transit stop,0.0,0.0,245.0,245.0,0.0,245.0,0.0,2,-1,245.0,260.0,0.0,2.667242565493244,1,Int64[]
165,transit stop,0.0,0.0,245.0,245.0,0.0,245.0,0.0,1,-1,245.0,260.0,0.0,4.05834437882141,1,Int64[]
165,transit stop,0.0,0.0,245.0,245.0,0.0,245.0,0.0,0,-1,245.0,260.0,0.0,2.7059888533146843,1,Int64[]
167,depot,0.0,0.0,245.0,245.0,0.0,245.0,0.0,0,0,0.0,1258.2329162830174,0.0,0.0,1,Int64[]
