node,type_node,x,y,t_arr,t_begin_service,t_wait,t_departure,ride_time,num_passenger,qi,ei,li,service_or_chg_time,Li,lyr,cus_set
339,depot,0.0,0.0,0.0,0.0,0.0,0.0,0.0,0,0,0.0,1258.409804883789,0.0,0.0,1,Int64[]
72,bus stop,-6.55084,-12.11539,16.594004357973922,219.60899346303913,0.0,220.10899346303913,24.891006536960873,1,1,219.60899346303913,242.90599564202608,0.5,24.891006536960884,1,[719]
61,bus stop,-7.95084,-3.71539,230.36907483944577,230.36907483944577,0.0,230.86907483944577,14.130925160554227,3,2,228.63957333522475,248.92638222348316,0.5,15.860426664775256,1,"[563, 798]"
77,bus stop,-6.55084,-3.71539,232.55582182739758,235.42637271603016,0.0,235.92637271603016,9.073627283969842,5,2,230.88955907404525,250.42637271603016,0.5,13.610440925954752,1,"[469, 485]"
337,transit stop,0.0,0.0,245.0,245.0,0.0,245.0,0.0,3,-2,245.0,260.0,0.0,13.610440925954752,1,Int64[]
337,transit stop,0.0,0.0,245.0,245.0,0.0,245.0,0.0,1,-2,245.0,260.0,0.0,15.860426664775256,1,Int64[]
337,transit stop,0.0,0.0,245.0,245.0,0.0,245.0,0.0,0,-1,245.0,260.0,0.0,24.891006536960884,1,Int64[]
339,depot,0.0,0.0,245.0,245.0,0.0,245.0,0.0,0,0,0.0,1258.409804883789,0.0,0.0,1,Int64[]
