node,type_node,x,y,t_arr,t_begin_service,t_wait,t_departure,ride_time,num_passenger,qi,ei,li,service_or_chg_time,Li,lyr,cus_set
119,depot,-0.11425,0.91828,0.0,0.0,0.0,0.0,0.0,0,0,0.0,1255.41218144389,0.0,0.0,1,Int64[]
2,bus stop,-23.23839,1.12345,27.861506231611404,202.45386053252997,0.0,202.95386053252997,42.04613946747003,1,1,202.45386053252997,231.46924035501996,0.5,42.04613946747004,1,[194]
6,bus stop,-21.83839,3.92345,206.72554145843324,206.72554145843324,0.0,207.22554145843324,37.77445854156676,2,1,204.40114806059228,232.76743204039485,0.5,40.09885193940772,1,[137]
10,bus stop,-19.03839,5.32345,210.9972223843365,220.6823527230427,0.0,221.1823527230427,23.817647276957302,3,1,208.77352908456405,235.6823527230427,0.5,35.72647091543595,1,[150]
117,transit stop,0.0,0.0,245.0,245.0,0.0,245.0,0.0,2,-1,245.0,260.0,0.0,35.72647091543595,1,Int64[]
117,transit stop,0.0,0.0,245.0,245.0,0.0,245.0,0.0,1,-1,245.0,260.0,0.0,42.04613946747004,1,Int64[]
117,transit stop,0.0,0.0,245.0,245.0,0.0,245.0,0.0,0,-1,245.0,260.0,0.0,40.09885193940772,1,Int64[]
119,depot,-0.11425,0.91828,246.11489162570138,246.11489162570138,0.0,246.11489162570138,0.0,0,0,0.0,1255.41218144389,0.0,0.0,1,Int64[]
