node,type_node,x,y,t_arr,t_begin_service,t_wait,t_departure,ride_time,num_passenger,qi,ei,li,service_or_chg_time,Li,lyr,cus_set
23,depot,0.0,0.0,0.0,0.0,0.0,0.0,0.0,0,0,0.0,1258.4321237552485,0.0,0.0,1,Int64[]
1,bus stop,-2.90221,-1.49602,3.933859243501821,238.59921113474726,0.0,239.09921113474726,5.900788865252736,4,4,238.59921113474726,255.56614075649816,0.5,5.900788865252731,1,"[27, 91, 92, 123]"
5,bus stop,-1.50221,-1.49602,240.78595812269907,241.94569483998362,0.0,242.44569483998362,2.5543051600163835,17,13,240.66854225997542,256.9456948399836,0.5,3.8314577400245633,1,"[29, 53, 59, 65, 71, 74, 79, 88, 102, 103, 107, 108, 113]"
21,transit stop,0.0,0.0,245.0,245.0,0.0,245.0,0.0,4,-13,245.0,260.0,0.0,3.8314577400245633,1,Int64[]
21,transit stop,0.0,0.0,245.0,245.0,0.0,245.0,0.0,0,-4,245.0,260.0,0.0,5.900788865252731,1,Int64[]
23,depot,0.0,0.0,245.0,245.0,0.0,245.0,0.0,0,0,0.0,1258.4321237552485,0.0,0.0,1,Int64[]
