node,type_node,x,y,t_arr,t_begin_service,t_wait,t_departure,ride_time,num_passenger,qi,ei,li,service_or_chg_time,Li,lyr,cus_set
219,depot,0.0,0.0,0.0,0.0,0.0,0.0,0.0,0,0,0.0,1258.2604102742332,0.0,0.0,1,Int64[]
18,bus stop,-2.15976,-0.73928,2.750340950901196,240.3744885736482,0.0,240.8744885736482,4.125511426351807,2,2,240.3744885736482,256.7496590490988,0.5,4.125511426351794,1,"[283, 352]"
28,bus stop,-1.95976,-0.73928,241.11545242906988,241.11545242906988,0.0,241.61545242906988,3.384547570930124,5,3,240.71464517423837,256.9764301161589,0.5,3.7853548257616247,1,"[280, 294, 350]"
71,bus stop,-1.35976,-0.73928,242.33834399533492,242.63525960215833,0.0,243.13525960215833,1.864740397841672,6,1,241.7028894032375,257.6352596021583,0.5,2.7971105967625096,1,[224]
217,transit stop,0.0,0.0,245.0,245.0,0.0,245.0,0.0,5,-1,245.0,260.0,0.0,2.7971105967625096,1,Int64[]
217,transit stop,0.0,0.0,245.0,245.0,0.0,245.0,0.0,2,-3,245.0,260.0,0.0,3.7853548257616247,1,Int64[]
217,transit stop,0.0,0.0,245.0,245.0,0.0,245.0,0.0,0,-2,245.0,260.0,0.0,4.125511426351794,1,Int64[]
219,depot,0.0,0.0,245.0,245.0,0.0,245.0,0.0,0,0,0.0,1258.2604102742332,0.0,0.0,1,Int64[]
