node,type_node,x,y,t_arr,t_begin_service,t_wait,t_departure,ride_time,num_passenger,qi,ei,li,service_or_chg_time,Li,lyr,cus_set
119,depot,-0.11425,0.91828,0.0,0.0,0.0,0.0,0.0,0,0,0.0,1255.41218144389,0.0,0.0,1,Int64[]
23,bus stop,-13.43839,1.12345,16.055083792615154,220.12903288643847,0.0,220.62903288643847,24.370967113561534,1,1,220.12903288643847,243.25268859095897,0.5,24.370967113561534,1,[195]
46,bus stop,-3.63839,1.12345,232.43626180210111,239.91218144388984,0.0,240.41218144388984,4.5878185561101645,2,1,237.61827216583478,254.91218144388984,0.5,6.881727834165229,1,[159]
117,transit stop,0.0,0.0,245.0,245.0,0.0,245.0,0.0,1,-1,245.0,260.0,0.0,6.881727834165229,1,Int64[]
117,transit stop,0.0,0.0,245.0,245.0,0.0,245.0,0.0,0,-1,245.0,260.0,0.0,24.370967113561534,1,Int64[]
119,depot,-0.11425,0.91828,246.11489162570138,246.11489162570138,0.0,246.11489162570138,0.0,0,0,0.0,1255.41218144389,0.0,0.0,1,Int64[]
