node,type_node,x,y,t_arr,t_begin_service,t_wait,t_departure,ride_time,num_passenger,qi,ei,li,service_or_chg_time,Li,lyr,cus_set
221,depot,0.0,0.0,0.0,0.0,0.0,0.0,0.0,0,0,0.0,1254.2244206131559,0.0,0.0,1,Int64[]
186,bus stop,17.12815,23.97344,35.498223759097456,191.25266436135382,0.0,191.75266436135382,53.24733563864618,3,3,191.25266436135382,224.00177624090253,0.5,53.247335638646184,1,"[246, 345, 362]"
183,bus stop,17.12815,5.77344,213.6803752047273,213.6803752047273,0.0,214.1803752047273,30.819624795272688,4,1,211.83431201040327,237.72287467360218,0.5,32.665687989596734,1,[318]
163,bus stop,12.92815,8.57344,220.262027958522,225.81011360465519,0.0,226.31011360465519,18.689886395344814,5,1,216.46517040698276,240.81011360465516,0.5,28.034829593017243,1,[347]
219,transit stop,0.0,0.0,245.0,245.0,0.0,245.0,0.0,4,-1,245.0,260.0,0.0,28.034829593017243,1,Int64[]
219,transit stop,0.0,0.0,245.0,245.0,0.0,245.0,0.0,3,-1,245.0,260.0,0.0,32.665687989596734,1,Int64[]
219,transit stop,0.0,0.0,245.0,245.0,0.0,245.0,0.0,0,-3,245.0,260.0,0.0,53.247335638646184,1,Int64[]
221,depot,0.0,0.0,245.0,245.0,0.0,245.0,0.0,0,0,0.0,1254.2244206131559,0.0,0.0,1,Int64[]
