node,type_node,x,y,t_arr,t_begin_service,t_wait,t_departure,ride_time,num_passenger,qi,ei,li,service_or_chg_time,Li,lyr,cus_set
87,depot,0.0,0.0,0.0,0.0,0.0,0.0,0.0,0,0,0.0,1258.2085667172048,0.0,0.0,1,Int64[]
8,bus stop,-2.33131,-1.1662,3.140635656988294,239.78904651451757,0.0,240.28904651451757,4.710953485482435,1,1,239.78904651451757,256.3593643430117,0.5,4.710953485482441,1,[94]
22,bus stop,-1.53131,-1.1662,241.25290193620432,241.25290193620432,0.0,241.75290193620432,3.2470980637956757,2,1,241.02140929881037,257.18093953254026,0.5,3.4785907011896304,1,[116]
23,bus stop,-1.53131,-0.7662,242.2348296470477,242.43698743601405,0.0,242.93698743601405,2.06301256398595,3,1,241.40548115402106,257.436987436014,0.5,3.094518845978926,1,[119]
85,transit stop,0.0,0.0,245.0,245.0,0.0,245.0,0.0,2,-1,245.0,260.0,0.0,3.094518845978926,1,Int64[]
85,transit stop,0.0,0.0,245.0,245.0,0.0,245.0,0.0,1,-1,245.0,260.0,0.0,4.710953485482441,1,Int64[]
85,transit stop,0.0,0.0,245.0,245.0,0.0,245.0,0.0,0,-1,245.0,260.0,0.0,3.4785907011896304,1,Int64[]
87,depot,0.0,0.0,245.0,245.0,0.0,245.0,0.0,0,0,0.0,1258.2085667172048,0.0,0.0,1,Int64[]
