node,type_node,x,y,t_arr,t_begin_service,t_wait,t_departure,ride_time,num_passenger,qi,ei,li,service_or_chg_time,Li,lyr,cus_set
87,depot,0.0,0.0,0.0,0.0,0.0,0.0,0.0,0,0,0.0,1258.2085667172048,0.0,0.0,1,Int64[]
15,bus stop,-1.93131,0.0338,2.327235837967834,241.00914624304824,0.0,241.50914624304824,3.490853756951765,1,1,241.00914624304824,257.17276416203214,0.5,3.4908537569517515,1,[128]
11,bus stop,-2.13131,0.2338,241.8499205954273,241.91675262233258,0.0,242.41675262233258,2.583247377667419,2,1,240.62512893349887,256.9167526223326,0.5,3.8748710665011235,1,[92]
85,transit stop,0.0,0.0,245.0,245.0,0.0,245.0,0.0,1,-1,245.0,260.0,0.0,3.8748710665011235,1,Int64[]
85,transit stop,0.0,0.0,245.0,245.0,0.0,245.0,0.0,0,-1,245.0,260.0,0.0,3.4908537569517515,1,Int64[]
87,depot,0.0,0.0,245.0,245.0,0.0,245.0,0.0,0,0,0.0,1258.2085667172048,0.0,0.0,1,Int64[]
