node,type_node,x,y,t_arr,t_begin_service,t_wait,t_departure,ride_time,num_passenger,qi,ei,li,service_or_chg_time,Li,lyr,cus_set
23,depot,0.0,0.0,0.0,0.0,0.0,0.0,0.0,0,0,0.0,1258.4940384520942,0.0,0.0,1,Int64[]
10,bus stop,-0.19835,-1.56589,1.9016896684281934,242.5983103315718,0.0,243.0983103315718,1.9016896684281903,14,14,241.6474654973577,257.5983103315718,0.5,2.85253450264229,1,"[26, 36, 43, 55, 57, 65, 68, 71, 78, 87, 109, 120, 154, 168]"
21,transit stop,0.0,0.0,245.0,245.0,0.0,245.0,0.0,0,-14,245.0,260.0,0.0,2.85253450264229,1,Int64[]
23,depot,0.0,0.0,245.0,245.0,0.0,245.0,0.0,0,0,0.0,1258.4940384520942,0.0,0.0,1,Int64[]
