node,type_node,x,y,t_arr,t_begin_service,t_wait,t_departure,ride_time,num_passenger,qi,ei,li,service_or_chg_time,Li,lyr,cus_set
472,depot,0.0,0.0,0.0,0.0,0.0,0.0,0.0,0,0,0.0,1257.9317269904277,0.0,0.0,1,Int64[]
436,bus stop,15.27423,-5.84966,19.706093641078184,214.9408595383827,0.0,215.4408595383827,29.55914046161729,1,1,214.9408595383827,239.79390635892182,0.5,29.559140461617275,1,[857]
437,bus stop,15.27423,-1.64966,220.50110050223813,220.50110050223813,0.0,221.00110050223813,23.99889949776187,2,1,216.73544151971691,240.99029434647795,0.5,27.76455848028308,1,[780]
408,bus stop,12.47423,3.95034,228.54446235404464,228.7351987163494,0.0,229.2351987163494,15.764801283650598,3,1,220.8527980745241,243.7351987163494,0.5,23.647201925475905,1,[969]
470,transit stop,0.0,0.0,245.0,245.0,0.0,245.0,0.0,2,-1,245.0,260.0,0.0,23.647201925475905,1,Int64[]
470,transit stop,0.0,0.0,245.0,245.0,0.0,245.0,0.0,1,-1,245.0,260.0,0.0,27.76455848028308,1,Int64[]
470,transit stop,0.0,0.0,245.0,245.0,0.0,245.0,0.0,0,-1,245.0,260.0,0.0,29.559140461617275,1,Int64[]
472,depot,0.0,0.0,245.0,245.0,0.0,245.0,0.0,0,0,0.0,1257.9317269904277,0.0,0.0,1,Int64[]
