node,type_node,x,y,t_arr,t_begin_service,t_wait,t_departure,ride_time,num_passenger,qi,ei,li,service_or_chg_time,Li,lyr,cus_set
33,depot,0.0,0.0,0.0,0.0,0.0,0.0,0.0,0,0,0.0,1256.861909702973,0.0,0.0,1,Int64[]
24,bus stop,2.77206,5.19319,7.092440556631691,237.4075594433683,0.0,237.9075594433683,7.092440556631686,1,1,233.86133916505247,252.4075594433683,0.5,10.638660834947537,1,[37]
31,transit stop,0.0,0.0,245.0,245.0,0.0,245.0,0.0,0,-1,245.0,260.0,0.0,10.638660834947537,1,Int64[]
33,depot,0.0,0.0,245.0,245.0,0.0,245.0,0.0,0,0,0.0,1256.861909702973,0.0,0.0,1,Int64[]
