node,type_node,x,y,t_arr,t_begin_service,t_wait,t_departure,ride_time,num_passenger,qi,ei,li,service_or_chg_time,Li,lyr,cus_set
53,depot,0.0,0.0,0.0,0.0,0.0,0.0,0.0,0,0,0.0,1257.6232743394971,0.0,0.0,1,Int64[]
6,bus stop,-3.50876,-1.84761,4.777690973111157,237.33346354033327,0.0,237.83346354033327,7.16653645966673,3,3,237.33346354033327,254.72230902688884,0.5,7.166536459666736,1,"[124, 169, 178]"
13,bus stop,-2.10876,-0.44761,240.21888400698668,241.90272051570247,0.0,242.40272051570247,2.5972794842975304,8,5,240.60408077355368,256.90272051570247,0.5,3.8959192264463156,1,"[67, 96, 103, 142, 165]"
51,transit stop,0.0,0.0,245.0,245.0,0.0,245.0,0.0,3,-5,245.0,260.0,0.0,3.8959192264463156,1,Int64[]
51,transit stop,0.0,0.0,245.0,245.0,0.0,245.0,0.0,0,-3,245.0,260.0,0.0,7.166536459666736,1,Int64[]
53,depot,0.0,0.0,245.0,245.0,0.0,245.0,0.0,0,0,0.0,1257.6232743394971,0.0,0.0,1,Int64[]
