node,type_node,x,y,t_arr,t_begin_service,t_wait,t_departure,ride_time,num_passenger,qi,ei,li,service_or_chg_time,Li,lyr,cus_set
628,depot,0.0,0.0,0.0,0.0,0.0,0.0,0.0,0,0,0.0,1257.924621082435,0.0,0.0,1,Int64[]
410,bus stop,8.1109,-3.13789,10.47798377970787,228.7830243304382,0.0,229.2830243304382,15.716975669561805,1,1,228.7830243304382,249.02201622029213,0.5,15.716975669561805,1,[735]
430,bus stop,9.5109,-3.13789,230.96977131839,230.96977131839,0.0,231.46977131839,13.530228681609998,2,1,226.40030038368616,247.43353358912412,0.5,18.099699616313835,1,[656]
411,bus stop,8.1109,-1.73789,233.85519178504342,234.50602878333697,0.0,235.00602878333697,9.993971216663027,5,3,229.50904317500544,249.50602878333697,0.5,14.990956824994544,1,"[733, 961, 1124]"
626,transit stop,0.0,0.0,245.0,245.0,0.0,245.0,0.0,2,-3,245.0,260.0,0.0,14.990956824994544,1,Int64[]
626,transit stop,0.0,0.0,245.0,245.0,0.0,245.0,0.0,1,-1,245.0,260.0,0.0,15.716975669561805,1,Int64[]
626,transit stop,0.0,0.0,245.0,245.0,0.0,245.0,0.0,0,-1,245.0,260.0,0.0,18.099699616313835,1,Int64[]
628,depot,0.0,0.0,245.0,245.0,0.0,245.0,0.0,0,0,0.0,1257.924621082435,0.0,0.0,1,Int64[]
