node,type_node,x,y,t_arr,t_begin_service,t_wait,t_departure,ride_time,num_passenger,qi,ei,li,service_or_chg_time,Li,lyr,cus_set
38,depot,0.0,0.0,0.0,0.0,0.0,0.0,0.0,0,0,0.0,1258.1542110940982,0.0,0.0,1,Int64[]
20,bus stop,-0.71582,4.7779,5.820751974841405,235.76887203773788,0.0,236.26887203773788,8.731127962262121,1,1,235.76887203773788,253.67924802515859,0.5,8.731127962262107,1,[42]
17,bus stop,-1.11582,4.1779,237.13767957399426,239.2899537231425,0.0,239.7899537231425,5.210046276857497,2,1,236.68493058471375,254.2899537231425,0.5,7.815069415286246,1,[47]
36,transit stop,0.0,0.0,245.0,245.0,0.0,245.0,0.0,1,-1,245.0,260.0,0.0,7.815069415286246,1,Int64[]
36,transit stop,0.0,0.0,245.0,245.0,0.0,245.0,0.0,0,-1,245.0,260.0,0.0,8.731127962262107,1,Int64[]
38,depot,0.0,0.0,245.0,245.0,0.0,245.0,0.0,0,0,0.0,1258.1542110940982,0.0,0.0,1,Int64[]
