node,type_node,x,y,t_arr,t_begin_service,t_wait,t_departure,ride_time,num_passenger,qi,ei,li,service_or_chg_time,Li,lyr,cus_set
37,depot,0.0,0.0,0.0,0.0,0.0,0.0,0.0,0,0,0.0,1259.1195293712517,0.0,0.0,1,Int64[]
9,bus stop,-6.31361,-8.55753,12.812673299770815,231.6873267002292,0.0,232.1873267002292,12.812673299770807,1,1,225.28099005034377,246.6873267002292,0.5,19.219009949656222,1,[54]
35,transit stop,0.0,0.0,245.0,245.0,0.0,245.0,0.0,0,-1,245.0,260.0,0.0,19.219009949656222,1,Int64[]
37,depot,0.0,0.0,245.0,245.0,0.0,245.0,0.0,0,0,0.0,1259.1195293712517,0.0,0.0,1,Int64[]
