node,type_node,x,y,t_arr,t_begin_service,t_wait,t_departure,ride_time,num_passenger,qi,ei,li,service_or_chg_time,Li,lyr,cus_set
32,depot,0.0,0.0,0.0,0.0,0.0,0.0,0.0,0,0,0.0,1256.861909702973,0.0,0.0,1,Int64[]
19,bus stop,-1.22794,9.59319,11.65236097788676,227.02145853316986,0.0,227.52145853316986,17.478541466830137,1,1,227.02145853316986,247.84763902211324,0.5,17.47854146683014,1,[48]
18,bus stop,-1.82794,9.79319,228.28345315007792,228.28345315007792,0.0,228.78345315007792,16.216546849922082,2,1,226.49579677652505,247.4971978510167,0.5,18.004203223474956,1,[33]
21,bus stop,-1.02794,2.39319,237.7510647481157,241.361909702973,0.0,241.861909702973,3.1380902970269915,3,1,239.7928645544595,256.361909702973,0.5,4.707135445540491,1,[37]
30,transit stop,0.0,0.0,245.0,245.0,0.0,245.0,0.0,2,-1,245.0,260.0,0.0,4.707135445540491,1,Int64[]
30,transit stop,0.0,0.0,245.0,245.0,0.0,245.0,0.0,1,-1,245.0,260.0,0.0,18.004203223474956,1,Int64[]
30,transit stop,0.0,0.0,245.0,245.0,0.0,245.0,0.0,0,-1,245.0,260.0,0.0,17.47854146683014,1,Int64[]
32,depot,0.0,0.0,245.0,245.0,0.0,245.0,0.0,0,0,0.0,1256.861909702973,0.0,0.0,1,Int64[]
