node,type_node,x,y,t_arr,t_begin_service,t_wait,t_departure,ride_time,num_passenger,qi,ei,li,service_or_chg_time,Li,lyr,cus_set
33,depot,0.0,0.0,0.0,0.0,0.0,0.0,0.0,0,0,0.0,1250.6506832431144,0.0,0.0,1,Int64[]
4,bus stop,-17.90246,3.48122,21.973240390965117,211.5401394135523,0.0,212.0401394135523,32.95986058644769,1,1,211.5401394135523,237.52675960903488,0.5,32.959860586447675,1,[53]
10,bus stop,-10.90246,4.88122,220.64089521961245,230.10808486405296,0.0,230.60808486405296,14.391915135947045,2,1,222.9121272960794,245.10808486405296,0.5,21.58787270392058,1,[52]
31,transit stop,0.0,0.0,245.0,245.0,0.0,245.0,0.0,1,-1,245.0,260.0,0.0,21.58787270392058,1,Int64[]
31,transit stop,0.0,0.0,245.0,245.0,0.0,245.0,0.0,0,-1,245.0,260.0,0.0,32.959860586447675,1,Int64[]
33,depot,0.0,0.0,245.0,245.0,0.0,245.0,0.0,0,0,0.0,1250.6506832431144,0.0,0.0,1,Int64[]
