node,type_node,x,y,t_arr,t_begin_service,t_wait,t_departure,ride_time,num_passenger,qi,ei,li,service_or_chg_time,Li,lyr,cus_set
14,depot,0.0,0.0,0.0,0.0,0.0,0.0,0.0,0,0,0.0,1258.0803296221973,0.0,0.0,1,Int64[]
10,bus stop,2.60891,-0.08439,3.1449090580343846,241.3550909419656,0.0,241.8550909419656,3.1449090580343864,2,2,239.78263641294842,256.3550909419656,0.5,4.717363587051577,1,"[18, 30]"
12,transit stop,0.0,0.0,245.0,245.0,0.0,245.0,0.0,0,-2,245.0,260.0,0.0,4.717363587051577,1,Int64[]
14,depot,0.0,0.0,245.0,245.0,0.0,245.0,0.0,0,0,0.0,1258.0803296221973,0.0,0.0,1,Int64[]
