node,type_node,x,y,t_arr,t_begin_service,t_wait,t_departure,ride_time,num_passenger,qi,ei,li,service_or_chg_time,Li,lyr,cus_set
135,depot,0.0,0.0,0.0,0.0,0.0,0.0,0.0,0,0,0.0,1258.4130427333303,0.0,0.0,1,Int64[]
35,bus stop,-4.28346,-2.75912,6.138760858931307,235.29185871160303,0.0,235.79185871160303,9.208141288396973,1,1,235.29185871160303,253.3612391410687,0.5,9.208141288396961,1,[224]
36,bus stop,-4.28346,-1.35912,237.47860569955483,239.08564930776615,0.0,239.58564930776615,5.414350692233853,4,3,236.3784739616492,254.08564930776615,0.5,8.121526038350787,1,"[140, 223, 262]"
133,transit stop,0.0,0.0,245.0,245.0,0.0,245.0,0.0,1,-3,245.0,260.0,0.0,8.121526038350787,1,Int64[]
133,transit stop,0.0,0.0,245.0,245.0,0.0,245.0,0.0,0,-1,245.0,260.0,0.0,9.208141288396961,1,Int64[]
135,depot,0.0,0.0,245.0,245.0,0.0,245.0,0.0,0,0,0.0,1258.4130427333303,0.0,0.0,1,Int64[]
