node,type_node,x,y,t_arr,t_begin_service,t_wait,t_departure,ride_time,num_passenger,qi,ei,li,service_or_chg_time,Li,lyr,cus_set
223,depot,0.0,0.0,0.0,0.0,0.0,0.0,0.0,0,0,0.0,1258.2604102742332,0.0,0.0,1,Int64[]
173,bus stop,1.64024,2.26072,3.365145042262701,239.45228243660594,0.0,239.95228243660594,5.047717563394059,1,1,239.45228243660594,256.1348549577373,0.5,5.047717563394052,1,[249]
179,bus stop,1.84024,1.86072,240.49109399744927,240.49109399744927,0.0,240.99109399744927,4.008906002550731,3,2,239.77045666110214,256.34697110740143,0.5,4.729543338897847,1,"[256, 269]"
171,bus stop,1.64024,1.66072,241.33186834982834,241.68773961011644,0.0,242.18773961011644,2.812260389883562,4,1,240.28160941517464,256.6877396101164,0.5,4.218390584825347,1,[287]
221,transit stop,0.0,0.0,245.0,245.0,0.0,245.0,0.0,3,-1,245.0,260.0,0.0,4.218390584825347,1,Int64[]
221,transit stop,0.0,0.0,245.0,245.0,0.0,245.0,0.0,1,-2,245.0,260.0,0.0,4.729543338897847,1,Int64[]
221,transit stop,0.0,0.0,245.0,245.0,0.0,245.0,0.0,0,-1,245.0,260.0,0.0,5.047717563394052,1,Int64[]
223,depot,0.0,0.0,245.0,245.0,0.0,245.0,0.0,0,0,0.0,1258.2604102742332,0.0,0.0,1,Int64[]
