node,type_node,x,y,t_arr,t_begin_service,t_wait,t_departure,ride_time,num_passenger,qi,ei,li,service_or_chg_time,Li,lyr,cus_set
24,depot,0.0,0.0,0.0,0.0,0.0,0.0,0.0,0,0,0.0,1258.5268456407596,0.0,0.0,1,Int64[]
18,bus stop,2.60938,-1.58011,3.6753133194437595,238.98703002083437,0.0,239.48703002083437,5.512969979165632,21,21,238.98703002083437,255.82468668055623,0.5,5.512969979165639,1,"[35, 73, 78, 106, 133, 207, 244, 269, 295, 337, 340, 341, 381, 403, 448, 461, 488, 510, 512, 515, 524]"
19,bus stop,2.60938,-0.18011,241.17377700878617,241.34868846320376,0.0,241.84868846320376,3.1513115367962428,47,26,239.77303269480564,256.34868846320376,0.5,4.726967305194372,1,"[31, 36, 50, 52, 60, 89, 140, 182, 224, 249, 250, 256, 257, 281, 320, 344, 345, 369, 377, 393, 423, 424, 440, 441, 465, 489]"
22,transit stop,0.0,0.0,245.0,245.0,0.0,245.0,0.0,21,-26,245.0,260.0,0.0,4.726967305194372,1,Int64[]
22,transit stop,0.0,0.0,245.0,245.0,0.0,245.0,0.0,0,-21,245.0,260.0,0.0,5.512969979165639,1,Int64[]
24,depot,0.0,0.0,245.0,245.0,0.0,245.0,0.0,0,0,0.0,1258.5268456407596,0.0,0.0,1,Int64[]
