node,type_node,x,y,t_arr,t_begin_service,t_wait,t_departure,ride_time,num_passenger,qi,ei,li,service_or_chg_time,Li,lyr,cus_set
288,depot,0.0,0.0,0.0,0.0,0.0,0.0,0.0,0,0,0.0,1256.414825873821,0.0,0.0,1,Int64[]
99,bus stop,-6.87903,3.63194,9.372227274068267,230.4416590888976,0.0,230.9416590888976,14.058340911102391,2,2,230.4416590888976,250.12777272593172,0.5,14.058340911102402,1,"[353, 458]"
98,bus stop,-6.87903,2.23194,232.62840607684942,232.62840607684942,0.0,233.12840607684942,11.871593923150584,3,1,231.43002228613113,250.7866815240874,0.5,13.06997771386888,1,[356]
97,bus stop,-6.87903,0.83194,234.81515306480122,236.15162144777207,0.0,236.65162144777207,8.348378552227928,5,2,231.9774321716581,251.15162144777207,0.5,12.522567828341884,1,"[317, 447]"
286,transit stop,0.0,0.0,245.0,245.0,0.0,245.0,0.0,3,-2,245.0,260.0,0.0,12.522567828341884,1,Int64[]
286,transit stop,0.0,0.0,245.0,245.0,0.0,245.0,0.0,1,-2,245.0,260.0,0.0,14.058340911102402,1,Int64[]
286,transit stop,0.0,0.0,245.0,245.0,0.0,245.0,0.0,0,-1,245.0,260.0,0.0,13.06997771386888,1,Int64[]
288,depot,0.0,0.0,245.0,245.0,0.0,245.0,0.0,0,0,0.0,1256.414825873821,0.0,0.0,1,Int64[]
