node,type_node,x,y,t_arr,t_begin_service,t_wait,t_departure,ride_time,num_passenger,qi,ei,li,service_or_chg_time,Li,lyr,cus_set
118,depot,-0.51733,1.38364,0.0,0.0,0.0,0.0,0.0,0,0,0.0,1252.136340565442,0.0,0.0,1,Int64[]
101,bus stop,19.78876,0.21494,24.505655385093338,208.73507119015122,0.0,209.23507119015122,35.76492880984878,1,1,208.73507119015122,235.65671412676747,0.5,35.76492880984879,1,[156]
95,bus stop,16.98876,5.81494,216.77843304195773,216.77843304195773,0.0,217.27843304195773,27.721566958042274,2,1,212.0487153303114,237.8658102202076,0.5,32.45128466968859,1,[190]
65,bus stop,5.78876,-3.98506,235.2087994730764,236.03273056538723,0.0,236.53273056538723,8.467269434612774,3,1,231.79909584808084,251.03273056538723,0.5,12.700904151919167,1,[152]
116,transit stop,0.0,0.0,245.0,245.0,0.0,245.0,0.0,2,-1,245.0,260.0,0.0,12.700904151919167,1,Int64[]
116,transit stop,0.0,0.0,245.0,245.0,0.0,245.0,0.0,1,-1,245.0,260.0,0.0,32.45128466968859,1,Int64[]
116,transit stop,0.0,0.0,245.0,245.0,0.0,245.0,0.0,0,-1,245.0,260.0,0.0,35.76492880984879,1,Int64[]
118,depot,-0.51733,1.38364,246.77974685843205,246.77974685843205,0.0,246.77974685843205,0.0,0,0,0.0,1252.136340565442,0.0,0.0,1,Int64[]
