node,type_node,x,y,t_arr,t_begin_service,t_wait,t_departure,ride_time,num_passenger,qi,ei,li,service_or_chg_time,Li,lyr,cus_set
41,depot,0.0,0.0,0.0,0.0,0.0,0.0,0.0,0,0,0.0,1258.4800206879172,0.0,0.0,1,Int64[]
2,bus stop,-4.88684,1.04067,6.019781494983922,235.4703277575241,0.0,235.9703277575241,9.029672242475897,1,1,235.4703277575241,253.48021850501607,0.5,9.029672242475883,1,[54]
5,bus stop,-3.48684,-1.75933,239.74200868342737,239.79452201601438,0.0,240.29452201601438,4.705477983985617,3,2,237.4417830240216,254.79452201601438,0.5,7.058216975978413,1,"[74, 91]"
39,transit stop,0.0,0.0,245.0,245.0,0.0,245.0,0.0,1,-2,245.0,260.0,0.0,7.058216975978413,1,Int64[]
39,transit stop,0.0,0.0,245.0,245.0,0.0,245.0,0.0,0,-1,245.0,260.0,0.0,9.029672242475883,1,Int64[]
41,depot,0.0,0.0,245.0,245.0,0.0,245.0,0.0,0,0,0.0,1258.4800206879172,0.0,0.0,1,Int64[]
