node,type_node,x,y,t_arr,t_begin_service,t_wait,t_departure,ride_time,num_passenger,qi,ei,li,service_or_chg_time,Li,lyr,cus_set
340,depot,0.0,0.0,0.0,0.0,0.0,0.0,0.0,0,0,0.0,1257.6968595922744,0.0,0.0,1,Int64[]
248,bus stop,6.04916,3.28461,8.293235858636098,232.06014621204585,0.0,232.56014621204585,12.43985378795415,3,3,232.06014621204585,251.2067641413639,0.5,12.439853787954148,1,"[562, 576, 644]"
247,bus stop,6.04916,1.88461,234.24689319999766,234.24689319999766,0.0,234.74689319999766,10.253106800002342,5,2,233.04951231721344,251.86634154480896,0.5,11.450487682786544,1,"[402, 483]"
230,bus stop,4.64916,3.28461,237.13231366665107,237.6416937529826,0.0,238.1416937529826,6.858306247017396,8,3,234.21254062947392,252.6416937529826,0.5,10.287459370526088,1,"[685, 753, 767]"
338,transit stop,0.0,0.0,245.0,245.0,0.0,245.0,0.0,5,-3,245.0,260.0,0.0,10.287459370526088,1,Int64[]
338,transit stop,0.0,0.0,245.0,245.0,0.0,245.0,0.0,3,-2,245.0,260.0,0.0,11.450487682786544,1,Int64[]
338,transit stop,0.0,0.0,245.0,245.0,0.0,245.0,0.0,0,-3,245.0,260.0,0.0,12.439853787954148,1,Int64[]
340,depot,0.0,0.0,245.0,245.0,0.0,245.0,0.0,0,0,0.0,1257.6968595922744,0.0,0.0,1,Int64[]
