node,type_node,x,y,t_arr,t_begin_service,t_wait,t_departure,ride_time,num_passenger,qi,ei,li,service_or_chg_time,Li,lyr,cus_set
73,depot,0.0,0.0,0.0,0.0,0.0,0.0,0.0,0,0,0.0,1258.207374125869,0.0,0.0,1,Int64[]
28,bus stop,-0.53724,-2.15869,2.680166270545609,241.8198337294544,0.0,242.3198337294544,2.6801662705456124,12,12,240.47975059418158,256.8198337294544,0.5,4.020249405818413,1,"[87, 92, 98, 117, 137, 160, 175, 176, 181, 189, 209, 221]"
71,transit stop,0.0,0.0,245.0,245.0,0.0,245.0,0.0,0,-12,245.0,260.0,0.0,4.020249405818413,1,Int64[]
73,depot,0.0,0.0,245.0,245.0,0.0,245.0,0.0,0,0,0.0,1258.207374125869,0.0,0.0,1,Int64[]
