node,type_node,x,y,t_arr,t_begin_service,t_wait,t_departure,ride_time,num_passenger,qi,ei,li,service_or_chg_time,Li,lyr,cus_set
76,depot,0.0,0.0,0.0,0.0,0.0,0.0,0.0,0,0,0.0,1257.865725490487,0.0,0.0,1,Int64[]
45,bus stop,2.33499,13.8954,16.976169521723097,219.03574571741535,0.0,219.53574571741535,25.464254282584648,2,2,219.03574571741535,242.5238304782769,0.5,25.464254282584648,1,"[100, 110]"
29,bus stop,-0.46501,9.6954,225.61739847121004,226.95805123990849,0.0,227.45805123990849,17.541948760091515,3,1,226.95805123990849,247.8053674932723,0.5,17.541948760091522,1,[86]
43,bus stop,2.33499,8.2954,231.22973216581175,234.11715298856552,0.0,234.61715298856552,10.382847011434478,4,1,228.92572948284828,249.11715298856552,0.5,15.574270517151714,1,[109]
74,transit stop,0.0,0.0,245.0,245.0,0.0,245.0,0.0,3,-1,245.0,260.0,0.0,15.574270517151714,1,Int64[]
74,transit stop,0.0,0.0,245.0,245.0,0.0,245.0,0.0,2,-1,245.0,260.0,0.0,17.541948760091522,1,Int64[]
74,transit stop,0.0,0.0,245.0,245.0,0.0,245.0,0.0,0,-2,245.0,260.0,0.0,25.464254282584648,1,Int64[]
76,depot,0.0,0.0,245.0,245.0,0.0,245.0,0.0,0,0,0.0,1257.865725490487,0.0,0.0,1,Int64[]
