node,type_node,x,y,t_arr,t_begin_service,t_wait,t_departure,ride_time,num_passenger,qi,ei,li,service_or_chg_time,Li,lyr,cus_set
160,depot,1.56197,0.52761,0.0,0.0,0.0,0.0,0.0,0,0,0.0,1254.3979213816408,0.0,0.0,1,Int64[]
124,bus stop,18.81675,-11.18959,25.129082018326034,204.9354288203257,0.0,205.4354288203257,39.56457117967429,1,1,204.9354288203257,233.12361921355046,0.5,39.564571179674296,1,[188]
108,bus stop,13.21675,-13.98959,212.97879067213222,212.97879067213222,0.0,213.47879067213222,31.52120932786778,3,2,209.71888957401472,236.31259304934315,0.5,34.78111042598527,1,"[193, 263]"
92,bus stop,6.21675,-12.58959,222.07954647819233,227.58330088771552,0.0,228.08330088771552,16.916699112284476,4,1,219.12495133157327,242.5833008877155,0.5,25.375048668426736,1,[229]
158,transit stop,0.0,0.0,245.0,245.0,0.0,245.0,0.0,3,-1,245.0,260.0,0.0,25.375048668426736,1,Int64[]
158,transit stop,0.0,0.0,245.0,245.0,0.0,245.0,0.0,1,-2,245.0,260.0,0.0,34.78111042598527,1,Int64[]
158,transit stop,0.0,0.0,245.0,245.0,0.0,245.0,0.0,0,-1,245.0,260.0,0.0,39.564571179674296,1,Int64[]
160,depot,1.56197,0.52761,246.98635298722758,246.98635298722758,0.0,246.98635298722758,0.0,0,0,0.0,1254.3979213816408,0.0,0.0,1,Int64[]
