node,type_node,x,y,t_arr,t_begin_service,t_wait,t_departure,ride_time,num_passenger,qi,ei,li,service_or_chg_time,Li,lyr,cus_set
229,depot,0.0,0.0,0.0,0.0,0.0,0.0,0.0,0,0,0.0,1257.1841706139196,0.0,0.0,1,Int64[]
224,bus stop,28.32815,-2.62656,34.276693411341846,193.08495988298722,0.0,193.58495988298722,51.41504011701278,1,1,193.08495988298722,225.22330658865815,0.5,51.415040117012765,1,[250]
206,bus stop,19.92815,-8.22656,205.7482653905766,218.52482700314158,0.0,219.02482700314158,25.97517299685842,2,1,205.53724050471237,233.52482700314158,0.5,38.962759495287614,1,[312]
227,transit stop,0.0,0.0,245.0,245.0,0.0,245.0,0.0,1,-1,245.0,260.0,0.0,38.962759495287614,1,Int64[]
227,transit stop,0.0,0.0,245.0,245.0,0.0,245.0,0.0,0,-1,245.0,260.0,0.0,51.415040117012765,1,Int64[]
229,depot,0.0,0.0,245.0,245.0,0.0,245.0,0.0,0,0,0.0,1257.1841706139196,0.0,0.0,1,Int64[]
