node,type_node,x,y,t_arr,t_begin_service,t_wait,t_departure,ride_time,num_passenger,qi,ei,li,service_or_chg_time,Li,lyr,cus_set
55,depot,0.0,0.0,0.0,0.0,0.0,0.0,0.0,0,0,0.0,1258.654754884809,0.0,0.0,1,Int64[]
51,bus stop,5.00412,0.77465,6.100872152194232,235.34869177170864,0.0,235.84869177170864,9.151308228291356,3,3,235.34869177170864,253.39912784780577,0.5,9.151308228291349,1,"[95, 144, 204]"
46,bus stop,3.60412,0.77465,237.53543875966045,237.83777773299727,0.0,238.33777773299727,6.662222267002733,12,9,237.83777773299727,255.05851848866484,0.5,6.662222267002733,1,"[56, 68, 108, 185, 213, 220, 233, 246, 256]"
39,bus stop,2.20412,0.77465,240.02452472094907,241.6851987962959,0.0,242.1851987962959,2.814801203704093,21,9,240.27779819444387,256.68519879629594,0.5,4.222201805556118,1,"[63, 113, 119, 121, 149, 203, 211, 296, 302]"
53,transit stop,0.0,0.0,245.0,245.0,0.0,245.0,0.0,12,-9,245.0,260.0,0.0,4.222201805556118,1,Int64[]
53,transit stop,0.0,0.0,245.0,245.0,0.0,245.0,0.0,9,-3,245.0,260.0,0.0,9.151308228291349,1,Int64[]
53,transit stop,0.0,0.0,245.0,245.0,0.0,245.0,0.0,0,-9,245.0,260.0,0.0,6.662222267002733,1,Int64[]
55,depot,0.0,0.0,245.0,245.0,0.0,245.0,0.0,0,0,0.0,1258.654754884809,0.0,0.0,1,Int64[]
