node,type_node,x,y,t_arr,t_begin_service,t_wait,t_departure,ride_time,num_passenger,qi,ei,li,service_or_chg_time,Li,lyr,cus_set
55,depot,0.0,0.0,0.0,0.0,0.0,0.0,0.0,0,0,0.0,1258.8648301815297,0.0,0.0,1,Int64[]
2,bus stop,-4.91475,-0.75335,5.990545580751288,235.51418162887308,0.0,236.01418162887308,8.985818371126925,3,3,235.51418162887308,253.5094544192487,0.5,8.985818371126932,1,"[174, 208, 279]"
7,bus stop,-3.51475,-0.75335,237.70092861682488,238.00377148438744,0.0,238.50377148438744,6.496228515612557,7,4,238.00377148438744,255.16918098959164,0.5,6.49622851561255,1,"[157, 185, 195, 213]"
14,bus stop,-2.11475,-0.75335,240.19051847233925,241.79526691714335,0.0,242.29526691714335,2.7047330828566487,12,5,240.44290037571503,256.79526691714335,0.5,4.057099624284965,1,"[77, 99, 100, 141, 210]"
53,transit stop,0.0,0.0,245.0,245.0,0.0,245.0,0.0,7,-5,245.0,260.0,0.0,4.057099624284965,1,Int64[]
53,transit stop,0.0,0.0,245.0,245.0,0.0,245.0,0.0,3,-4,245.0,260.0,0.0,6.49622851561255,1,Int64[]
53,transit stop,0.0,0.0,245.0,245.0,0.0,245.0,0.0,0,-3,245.0,260.0,0.0,8.985818371126932,1,Int64[]
55,depot,0.0,0.0,245.0,245.0,0.0,245.0,0.0,0,0,0.0,1258.8648301815297,0.0,0.0,1,Int64[]
