node,type_node,x,y,t_arr,t_begin_service,t_wait,t_departure,ride_time,num_passenger,qi,ei,li,service_or_chg_time,Li,lyr,cus_set
198,depot,-0.28468,3.56877,0.0,0.0,0.0,0.0,0.0,0,0,0.0,1255.986803336924,0.0,0.0,1,Int64[]
147,bus stop,13.71532,25.05698,30.899402446800057,210.08427356715507,0.0,210.58427356715507,34.415726432844934,1,1,192.8764103507326,225.08427356715507,0.5,51.62358964926739,1,[247]
196,transit stop,0.0,0.0,245.0,245.0,0.0,245.0,0.0,0,-1,245.0,260.0,0.0,51.62358964926739,1,Int64[]
198,depot,-0.28468,3.56877,249.3133812351036,249.3133812351036,0.0,249.3133812351036,0.0,0,0,0.0,1255.986803336924,0.0,0.0,1,Int64[]
