node,type_node,x,y,t_arr,t_begin_service,t_wait,t_departure,ride_time,num_passenger,qi,ei,li,service_or_chg_time,Li,lyr,cus_set
71,depot,0.0,0.0,0.0,0.0,0.0,0.0,0.0,0,0,0.0,1257.643255661839,0.0,0.0,1,Int64[]
38,bus stop,-0.67357,7.43647,8.996280146552262,231.00557978017162,0.0,231.50557978017162,13.494420219828385,1,1,231.00557978017162,250.50371985344773,0.5,13.494420219828394,1,[108]
37,bus stop,-0.67357,6.03647,233.19232676812342,237.1820079857103,0.0,237.6820079857103,7.3179920142897,2,1,233.52301197856545,252.1820079857103,0.5,10.97698802143454,1,[98]
69,transit stop,0.0,0.0,245.0,245.0,0.0,245.0,0.0,1,-1,245.0,260.0,0.0,10.97698802143454,1,Int64[]
69,transit stop,0.0,0.0,245.0,245.0,0.0,245.0,0.0,0,-1,245.0,260.0,0.0,13.494420219828394,1,Int64[]
71,depot,0.0,0.0,245.0,245.0,0.0,245.0,0.0,0,0,0.0,1257.643255661839,0.0,0.0,1,Int64[]
