node,type_node,x,y,t_arr,t_begin_service,t_wait,t_departure,ride_time,num_passenger,qi,ei,li,service_or_chg_time,Li,lyr,cus_set
357,depot,0.0,0.0,0.0,0.0,0.0,0.0,0.0,0,0,0.0,1257.2007316465879,0.0,0.0,1,Int64[]
101,bus stop,-10.13453,4.34582,13.285548767661743,227.5301529335376,0.0,228.0301529335376,16.969847066462393,2,2,224.5716768485074,246.21445123233826,0.5,19.928323151492613,1,"[469, 543]"
102,bus stop,-10.13453,5.74582,229.71689992148941,229.71689992148941,0.0,230.21689992148941,17.7415761635408,3,1,223.44573304261866,245.46382202841244,0.5,21.054266957381337,1,[486]
114,bus stop,-8.73453,5.74582,231.90364690944122,231.90364690944122,0.0,232.40364690944122,12.596353090558779,4,1,225.60547036416185,246.90364690944125,0.5,18.894529635838147,1,[521]
355,transit stop,0.0,0.0,245.0,245.0,0.0,245.0,0.0,2,-2,245.0,260.0,0.0,19.928323151492613,1,Int64[]
355,transit stop,0.0,0.0,245.0,245.0,0.0,245.0,0.0,1,-1,245.0,260.0,0.0,18.894529635838147,1,Int64[]
355,transit stop,0.0,0.0,245.0,245.0,0.0,245.0,0.0,0,-1,245.0,260.0,0.0,21.054266957381337,1,Int64[]
357,depot,0.0,0.0,245.0,245.0,0.0,245.0,0.0,0,0,0.0,1257.2007316465879,0.0,0.0,1,Int64[]
