node,type_node,x,y,t_arr,t_begin_service,t_wait,t_departure,ride_time,num_passenger,qi,ei,li,service_or_chg_time,Li,lyr,cus_set
54,depot,0.0,0.0,0.0,0.0,0.0,0.0,0.0,0,0,0.0,1257.3996148590247,0.0,0.0,1,Int64[]
27,bus stop,0.68525,-4.95335,6.02472813374169,235.46290779938747,0.0,235.96290779938747,9.037092200612534,4,4,235.46290779938747,253.4752718662583,0.5,9.037092200612536,1,"[140, 196, 230, 302]"
28,bus stop,0.68525,-3.55335,237.64965478733927,237.9599624589572,0.0,238.4599624589572,6.540037541042807,8,4,237.9599624589572,255.13997497263813,0.5,6.5400375410428175,1,"[144, 152, 198, 298]"
21,bus stop,-0.71475,-2.15335,240.8453829256106,241.76641831261043,0.0,242.26641831261043,2.7335816873895737,20,12,240.39962746891564,256.7664183126104,0.5,4.100372531084348,1,"[55, 57, 62, 78, 100, 114, 129, 227, 253, 275, 287, 295]"
52,transit stop,0.0,0.0,245.0,245.0,0.0,245.0,0.0,8,-12,245.0,260.0,0.0,4.100372531084348,1,Int64[]
52,transit stop,0.0,0.0,245.0,245.0,0.0,245.0,0.0,4,-4,245.0,260.0,0.0,6.5400375410428175,1,Int64[]
52,transit stop,0.0,0.0,245.0,245.0,0.0,245.0,0.0,0,-4,245.0,260.0,0.0,9.037092200612536,1,Int64[]
54,depot,0.0,0.0,245.0,245.0,0.0,245.0,0.0,0,0,0.0,1257.3996148590247,0.0,0.0,1,Int64[]
