node,type_node,x,y,t_arr,t_begin_service,t_wait,t_departure,ride_time,num_passenger,qi,ei,li,service_or_chg_time,Li,lyr,cus_set
39,depot,0.0,0.0,0.0,0.0,0.0,0.0,0.0,0,0,0.0,1258.4800206879172,0.0,0.0,1,Int64[]
36,bus stop,4.91316,1.04067,6.05080047879373,235.4237992818094,0.0,235.9237992818094,9.076200718190591,1,1,235.4237992818094,253.44919952120628,0.5,9.076200718190595,1,[58]
32,bus stop,3.51316,2.44067,238.30921974846282,238.30921974846282,0.0,238.80921974846282,6.190780251537177,2,1,236.7691226674459,254.34608177829728,0.5,7.730877332554094,1,[54]
26,bus stop,2.11316,1.04067,241.19464021511624,241.66203310776285,0.0,242.16203310776285,2.837966892237148,3,1,240.24304966164428,256.66203310776285,0.5,4.256950338355721,1,[65]
37,transit stop,0.0,0.0,245.0,245.0,0.0,245.0,0.0,2,-1,245.0,260.0,0.0,4.256950338355721,1,Int64[]
37,transit stop,0.0,0.0,245.0,245.0,0.0,245.0,0.0,1,-1,245.0,260.0,0.0,7.730877332554094,1,Int64[]
37,transit stop,0.0,0.0,245.0,245.0,0.0,245.0,0.0,0,-1,245.0,260.0,0.0,9.076200718190595,1,Int64[]
39,depot,0.0,0.0,245.0,245.0,0.0,245.0,0.0,0,0,0.0,1258.4800206879172,0.0,0.0,1,Int64[]
