node,type_node,x,y,t_arr,t_begin_service,t_wait,t_departure,ride_time,num_passenger,qi,ei,li,service_or_chg_time,Li,lyr,cus_set
83,depot,0.0,0.0,0.0,0.0,0.0,0.0,0.0,0,0,0.0,1258.2235190995252,0.0,0.0,1,Int64[]
5,bus stop,-2.73131,0.0338,3.290986903293361,239.56351964505996,0.0,240.06351964505996,4.936480354940045,2,2,239.56351964505996,256.20901309670666,0.5,4.936480354940041,1,"[111, 120]"
4,bus stop,-2.73131,-0.1662,240.30448350048164,240.30448350048164,0.0,240.80448350048164,4.195516499518362,4,2,239.55476754878475,256.2031783658565,0.5,4.945232451215259,1,"[91, 106]"
25,bus stop,-1.53131,-0.3662,242.27020941139688,242.60302639355456,0.0,243.10302639355456,1.8969736064454423,5,1,241.65453959033186,257.60302639355456,0.5,2.8454604096681475,1,[108]
81,transit stop,0.0,0.0,245.0,245.0,0.0,245.0,0.0,4,-1,245.0,260.0,0.0,2.8454604096681475,1,Int64[]
81,transit stop,0.0,0.0,245.0,245.0,0.0,245.0,0.0,2,-2,245.0,260.0,0.0,4.936480354940041,1,Int64[]
81,transit stop,0.0,0.0,245.0,245.0,0.0,245.0,0.0,0,-2,245.0,260.0,0.0,4.945232451215259,1,Int64[]
83,depot,0.0,0.0,245.0,245.0,0.0,245.0,0.0,0,0,0.0,1258.2235190995252,0.0,0.0,1,Int64[]
