node,type_node,x,y,t_arr,t_begin_service,t_wait,t_departure,ride_time,num_passenger,qi,ei,li,service_or_chg_time,Li,lyr,cus_set
129,depot,0.0,0.0,0.0,0.0,0.0,0.0,0.0,0,0,0.0,1258.4130427333303,0.0,0.0,1,Int64[]
19,bus stop,-7.08346,5.64088,10.909765471709244,228.13535179243613,0.0,228.63535179243613,16.364648207563874,1,1,228.13535179243613,248.59023452829075,0.5,16.364648207563867,1,[169]
28,bus stop,-5.68346,7.04088,231.02077225908954,233.5981690371624,0.0,234.0981690371624,10.901830962837607,3,2,228.1472535557436,248.5981690371624,0.5,16.35274644425641,1,"[241, 248]"
127,transit stop,0.0,0.0,245.0,245.0,0.0,245.0,0.0,1,-2,245.0,260.0,0.0,16.35274644425641,1,Int64[]
127,transit stop,0.0,0.0,245.0,245.0,0.0,245.0,0.0,0,-1,245.0,260.0,0.0,16.364648207563867,1,Int64[]
129,depot,0.0,0.0,245.0,245.0,0.0,245.0,0.0,0,0,0.0,1258.4130427333303,0.0,0.0,1,Int64[]
