node,type_node,x,y,t_arr,t_begin_service,t_wait,t_departure,ride_time,num_passenger,qi,ei,li,service_or_chg_time,Li,lyr,cus_set
136,depot,0.0,0.0,0.0,0.0,0.0,0.0,0.0,0,0,0.0,1257.7047359964197,0.0,0.0,1,Int64[]
111,bus stop,8.25927,2.82952,10.518681192666271,228.7219782110006,0.0,229.2219782110006,15.77802178899941,1,1,228.7219782110006,248.98131880733374,0.5,15.778021788999407,1,[191]
102,bus stop,6.85927,1.42952,231.607398677654,231.83738362680305,0.0,232.33738362680305,12.662616373196954,2,1,231.83738362680305,251.05825575120204,0.5,12.662616373196947,1,[144]
92,bus stop,5.45927,2.82952,234.72280409345646,237.0916043393968,0.0,237.5916043393968,7.40839566060319,4,2,233.38740650909523,252.0916043393968,0.5,11.11259349090478,1,"[219, 234]"
134,transit stop,0.0,0.0,245.0,245.0,0.0,245.0,0.0,2,-2,245.0,260.0,0.0,11.11259349090478,1,Int64[]
134,transit stop,0.0,0.0,245.0,245.0,0.0,245.0,0.0,1,-1,245.0,260.0,0.0,12.662616373196947,1,Int64[]
134,transit stop,0.0,0.0,245.0,245.0,0.0,245.0,0.0,0,-1,245.0,260.0,0.0,15.778021788999407,1,Int64[]
136,depot,0.0,0.0,245.0,245.0,0.0,245.0,0.0,0,0,0.0,1257.7047359964197,0.0,0.0,1,Int64[]
