node,type_node,x,y,t_arr,t_begin_service,t_wait,t_departure,ride_time,num_passenger,qi,ei,li,service_or_chg_time,Li,lyr,cus_set
24,depot,0.0,0.0,0.0,0.0,0.0,0.0,0.0,0,0,0.0,1258.5305904094564,0.0,0.0,1,Int64[]
10,bus stop,-0.07695,-2.98282,3.5949547021276684,239.1075679468085,0.0,239.6075679468085,5.392432053191499,7,7,239.1075679468085,255.90504529787233,0.5,5.392432053191502,1,"[29, 47, 59, 61, 99, 101, 118]"
11,bus stop,-0.07695,-1.58282,241.2943149347603,242.59073567769377,0.0,243.09073567769377,1.9092643223062282,13,6,241.6361035165407,257.5907356776938,0.5,2.8638964834593232,1,"[31, 41, 94, 102, 107, 112]"
22,transit stop,0.0,0.0,245.0,245.0,0.0,245.0,0.0,7,-6,245.0,260.0,0.0,2.8638964834593232,1,Int64[]
22,transit stop,0.0,0.0,245.0,245.0,0.0,245.0,0.0,0,-7,245.0,260.0,0.0,5.392432053191502,1,Int64[]
24,depot,0.0,0.0,245.0,245.0,0.0,245.0,0.0,0,0,0.0,1258.5305904094564,0.0,0.0,1,Int64[]
