node,type_node,x,y,t_arr,t_begin_service,t_wait,t_departure,ride_time,num_passenger,qi,ei,li,service_or_chg_time,Li,lyr,cus_set
242,depot,0.0,0.0,0.0,0.0,0.0,0.0,0.0,0,0,0.0,1258.2371672226416,0.0,0.0,1,Int64[]
185,bus stop,2.33867,0.67298,2.932016133714335,240.1019757994285,0.0,240.6019757994285,4.398024200571513,1,1,240.1019757994285,256.56798386628566,0.5,4.398024200571503,1,[244]
167,bus stop,1.53867,0.47298,241.59549522728815,241.59549522728815,0.0,242.09549522728815,2.904504772711846,2,1,241.59085794330005,257.5605719622,0.5,2.9091420566999453,1,[290]
164,bus stop,1.33867,0.67298,242.43626957966723,242.6948045780595,0.0,243.1948045780595,1.8051954219405104,3,1,241.79220686708922,257.69480457805946,0.5,2.707793132910766,1,[340]
240,transit stop,0.0,0.0,245.0,245.0,0.0,245.0,0.0,2,-1,245.0,260.0,0.0,2.707793132910766,1,Int64[]
240,transit stop,0.0,0.0,245.0,245.0,0.0,245.0,0.0,1,-1,245.0,260.0,0.0,2.9091420566999453,1,Int64[]
240,transit stop,0.0,0.0,245.0,245.0,0.0,245.0,0.0,0,-1,245.0,260.0,0.0,4.398024200571503,1,Int64[]
242,depot,0.0,0.0,245.0,245.0,0.0,245.0,0.0,0,0,0.0,1258.2371672226416,0.0,0.0,1,Int64[]
