node,type_node,x,y,t_arr,t_begin_service,t_wait,t_departure,ride_time,num_passenger,qi,ei,li,service_or_chg_time,Li,lyr,cus_set
51,depot,0.0,0.0,0.0,0.0,0.0,0.0,0.0,0,0,0.0,1257.6232743394971,0.0,0.0,1,Int64[]
4,bus stop,-3.50876,-3.24761,5.760292176599289,235.85956173510107,0.0,236.35956173510107,8.640438264898933,2,2,235.85956173510107,253.73970782340072,0.5,8.640438264898933,1,"[57, 58]"
5,bus stop,-3.50876,-1.84761,238.04630872305287,238.04630872305287,0.0,238.54630872305287,6.453691276947126,5,3,237.33346354033327,254.72230902688884,0.5,7.166536459666736,1,"[124, 167, 174]"
11,bus stop,-2.10876,-1.84761,240.23305571100468,241.1220916468816,0.0,241.6220916468816,3.377908353118414,10,5,239.4331374703224,256.1220916468816,0.5,5.066862529677601,1,"[69, 70, 76, 108, 143]"
49,transit stop,0.0,0.0,245.0,245.0,0.0,245.0,0.0,5,-5,245.0,260.0,0.0,5.066862529677601,1,Int64[]
49,transit stop,0.0,0.0,245.0,245.0,0.0,245.0,0.0,3,-2,245.0,260.0,0.0,8.640438264898933,1,Int64[]
49,transit stop,0.0,0.0,245.0,245.0,0.0,245.0,0.0,0,-3,245.0,260.0,0.0,7.166536459666736,1,Int64[]
51,depot,0.0,0.0,245.0,245.0,0.0,245.0,0.0,0,0,0.0,1257.6232743394971,0.0,0.0,1,Int64[]
