node,type_node,x,y,t_arr,t_begin_service,t_wait,t_departure,ride_time,num_passenger,qi,ei,li,service_or_chg_time,Li,lyr,cus_set
24,depot,0.0,0.0,0.0,0.0,0.0,0.0,0.0,0,0,0.0,1258.4183561142493,0.0,0.0,1,Int64[]
17,bus stop,1.30334,2.64298,3.550444891661742,239.1743326625074,0.0,239.6743326625074,5.325667337492604,4,4,239.1743326625074,255.94955510833825,0.5,5.325667337492613,1,"[31, 42, 49, 82]"
16,bus stop,1.30334,1.24298,241.3610796504592,242.3300892291006,0.0,242.8300892291006,2.1699107708994063,9,5,241.24513384365088,257.33008922910057,0.5,3.254866156349112,1,"[35, 56, 62, 80, 89]"
22,transit stop,0.0,0.0,245.0,245.0,0.0,245.0,0.0,4,-5,245.0,260.0,0.0,3.254866156349112,1,Int64[]
22,transit stop,0.0,0.0,245.0,245.0,0.0,245.0,0.0,0,-4,245.0,260.0,0.0,5.325667337492613,1,Int64[]
24,depot,0.0,0.0,245.0,245.0,0.0,245.0,0.0,0,0,0.0,1258.4183561142493,0.0,0.0,1,Int64[]
