node,type_node,x,y,t_arr,t_begin_service,t_wait,t_departure,ride_time,num_passenger,qi,ei,li,service_or_chg_time,Li,lyr,cus_set
131,depot,-0.24944,0.86474,0.0,0.0,0.0,0.0,0.0,0,0,0.0,1251.8092535725605,0.0,0.0,1,Int64[]
67,bus stop,4.90212,-35.23995,43.940193628359125,180.20010422874725,0.0,180.70010422874725,64.29989577125275,1,1,180.20010422874725,216.63340281916481,0.5,64.29989577125276,1,[175]
59,bus stop,0.70212,-29.63995,189.13383916850628,190.9187984674776,0.0,191.4187984674776,53.581201532522414,2,1,190.9187984674776,223.7791989783184,0.5,53.58120153252243,1,[139]
40,bus stop,-14.69788,-19.83995,213.4112885091251,214.75166544067687,0.0,215.25166544067687,29.748334559323126,3,1,199.8774981610153,229.75166544067687,0.5,44.62250183898469,1,[159]
129,transit stop,0.0,0.0,245.0,245.0,0.0,245.0,0.0,2,-1,245.0,260.0,0.0,44.62250183898469,1,Int64[]
129,transit stop,0.0,0.0,245.0,245.0,0.0,245.0,0.0,1,-1,245.0,260.0,0.0,53.58120153252243,1,Int64[]
129,transit stop,0.0,0.0,245.0,245.0,0.0,245.0,0.0,0,-1,245.0,260.0,0.0,64.29989577125276,1,Int64[]
131,depot,-0.24944,0.86474,246.0843343916961,246.0843343916961,0.0,246.0843343916961,0.0,0,0,0.0,1251.8092535725605,0.0,0.0,1,Int64[]
