node,type_node,x,y,t_arr,t_begin_service,t_wait,t_departure,ride_time,num_passenger,qi,ei,li,service_or_chg_time,Li,lyr,cus_set
23,depot,0.0,0.0,0.0,0.0,0.0,0.0,0.0,0,0,0.0,1258.497912404444,0.0,0.0,1,Int64[]
8,bus stop,-1.49666,2.64298,3.6594259814310175,239.01086102785348,0.0,239.51086102785348,5.48913897214652,6,6,239.01086102785348,255.840574018569,0.5,5.4891389721465265,1,"[33, 45, 69, 72, 74, 86]"
12,bus stop,-0.09666,2.64298,241.1976080158053,241.31355789009353,0.0,241.81355789009353,3.1864421099064657,11,5,239.7203368351403,256.31355789009353,0.5,4.7796631648596986,1,"[28, 50, 52, 77, 79]"
21,transit stop,0.0,0.0,245.0,245.0,0.0,245.0,0.0,6,-5,245.0,260.0,0.0,4.7796631648596986,1,Int64[]
21,transit stop,0.0,0.0,245.0,245.0,0.0,245.0,0.0,0,-6,245.0,260.0,0.0,5.4891389721465265,1,Int64[]
23,depot,0.0,0.0,245.0,245.0,0.0,245.0,0.0,0,0,0.0,1258.497912404444,0.0,0.0,1,Int64[]
