node,type_node,x,y,t_arr,t_begin_service,t_wait,t_departure,ride_time,num_passenger,qi,ei,li,service_or_chg_time,Li,lyr,cus_set
292,depot,0.0,0.0,0.0,0.0,0.0,0.0,0.0,0,0,0.0,1256.9006685279924,0.0,0.0,1,Int64[]
205,bus stop,5.72097,9.23194,13.085369831265373,224.87194525310196,0.0,225.37194525310196,19.628054746898044,1,1,224.87194525310196,246.41463016873462,0.5,19.62805474689806,1,[416]
217,bus stop,7.12097,10.63194,227.75736571975537,227.75736571975537,0.0,228.25736571975537,16.74263428024463,3,2,221.37408119435048,244.08272079623364,0.5,23.125918805649523,1,"[340, 516]"
216,bus stop,7.12097,9.23194,229.94411270770718,230.45277184569383,0.0,230.95277184569383,14.047228154306168,4,1,223.42915776854073,245.45277184569383,0.5,21.07084223145926,1,[300]
290,transit stop,0.0,0.0,245.0,245.0,0.0,245.0,0.0,3,-1,245.0,260.0,0.0,21.07084223145926,1,Int64[]
290,transit stop,0.0,0.0,245.0,245.0,0.0,245.0,0.0,1,-2,245.0,260.0,0.0,23.125918805649523,1,Int64[]
290,transit stop,0.0,0.0,245.0,245.0,0.0,245.0,0.0,0,-1,245.0,260.0,0.0,19.62805474689806,1,Int64[]
292,depot,0.0,0.0,245.0,245.0,0.0,245.0,0.0,0,0,0.0,1256.9006685279924,0.0,0.0,1,Int64[]
