node,type_node,x,y,t_arr,t_begin_service,t_wait,t_departure,ride_time,num_passenger,qi,ei,li,service_or_chg_time,Li,lyr,cus_set
219,depot,0.0,0.0,0.0,0.0,0.0,0.0,0.0,0,0,0.0,1258.2265607918357,0.0,0.0,1,Int64[]
115,bus stop,-0.75976,2.46072,3.102819759066048,239.90469421403114,0.0,240.40469421403114,4.595305785968861,1,1,239.84577036140092,256.39718024093395,0.5,4.654229638599072,1,[307]
127,bus stop,-0.35976,2.46072,240.8866219248745,240.8866219248745,0.0,241.3866219248745,3.613378075125496,2,1,240.00563926580676,256.50375951053786,0.5,4.494360734193231,1,[289]
119,bus stop,-0.55976,1.46072,242.61530132574023,242.61530132574023,0.0,243.11530132574023,1.9436225268899818,3,1,241.67295198861032,257.61530132574023,0.5,2.8270480113896688,1,[323]
217,transit stop,0.0,0.0,245.0,245.0,0.0,245.0,0.0,2,-1,245.0,260.0,0.0,4.654229638599072,1,Int64[]
217,transit stop,0.0,0.0,245.0,245.0,0.0,245.0,0.0,1,-1,245.0,260.0,0.0,4.494360734193231,1,Int64[]
217,transit stop,0.0,0.0,245.0,245.0,0.0,245.0,0.0,0,-1,245.0,260.0,0.0,2.8270480113896688,1,Int64[]
219,depot,0.0,0.0,245.0,245.0,0.0,245.0,0.0,0,0,0.0,1258.2265607918357,0.0,0.0,1,Int64[]
