node,type_node,x,y,t_arr,t_begin_service,t_wait,t_departure,ride_time,num_passenger,qi,ei,li,service_or_chg_time,Li,lyr,cus_set
91,depot,-0.24905,0.61165,0.0,0.0,0.0,0.0,0.0,0,0,0.0,1254.6298633567537,0.0,0.0,1,Int64[]
36,bus stop,-1.68087,23.12301,27.176926526139244,215.4400907458851,0.0,215.9400907458851,29.0599092541149,1,1,202.6011635276947,231.56744235179647,0.5,41.8988364723053,1,[104]
43,bus stop,-0.28087,21.72301,218.32551121253852,218.32551121253852,0.0,218.82551121253852,26.174488787461485,2,1,205.23826681880777,233.32551121253852,0.5,39.261733181192234,1,[106]
89,transit stop,0.0,0.0,245.0,245.0,0.0,245.0,0.0,1,-1,245.0,260.0,0.0,41.8988364723053,1,Int64[]
89,transit stop,0.0,0.0,245.0,245.0,0.0,245.0,0.0,0,-1,245.0,260.0,0.0,39.261733181192234,1,Int64[]
91,depot,-0.24905,0.61165,245.79567493313297,245.79567493313297,0.0,245.79567493313297,0.0,0,0,0.0,1254.6298633567537,0.0,0.0,1,Int64[]
