node,type_node,x,y,t_arr,t_begin_service,t_wait,t_departure,ride_time,num_passenger,qi,ei,li,service_or_chg_time,Li,lyr,cus_set
23,depot,0.0,0.0,0.0,0.0,0.0,0.0,0.0,0,0,0.0,1258.5384979924204,0.0,0.0,1,Int64[]
19,bus stop,2.60165,-0.16589,3.1408837213471257,239.7886744179793,0.0,240.2886744179793,4.711325582020692,16,16,239.7886744179793,256.3591162786529,0.5,4.711325582020688,1,"[34, 42, 65, 72, 86, 102, 106, 108, 125, 128, 135, 137, 147, 162, 167, 173]"
15,bus stop,1.20165,-0.16589,241.97542140593112,243.03849799242033,0.0,243.53849799242033,1.4615020075796679,20,4,242.3077469886305,258.03849799242033,0.5,2.1922530113694947,1,"[71, 119, 127, 151]"
21,transit stop,0.0,0.0,245.0,245.0,0.0,245.0,0.0,16,-4,245.0,260.0,0.0,2.1922530113694947,1,Int64[]
21,transit stop,0.0,0.0,245.0,245.0,0.0,245.0,0.0,0,-16,245.0,260.0,0.0,4.711325582020688,1,Int64[]
23,depot,0.0,0.0,245.0,245.0,0.0,245.0,0.0,0,0,0.0,1258.5384979924204,0.0,0.0,1,Int64[]
