node,type_node,x,y,t_arr,t_begin_service,t_wait,t_departure,ride_time,num_passenger,qi,ei,li,service_or_chg_time,Li,lyr,cus_set
148,depot,0.0,0.0,0.0,0.0,0.0,0.0,0.0,0,0,0.0,1256.9494634339696,0.0,0.0,1,Int64[]
13,bus stop,-15.83212,-11.7034,23.720734396662916,208.91889840500562,0.0,209.41889840500562,35.58110159499438,1,1,208.91889840500562,235.77926560333708,0.5,35.58110159499437,1,[151]
1,bus stop,-18.63212,-7.5034,215.5005511588003,215.5005511588003,0.0,216.0005511588003,28.999448841199694,2,1,208.1995721170798,235.29971474471986,0.5,36.30042788292019,1,[237]
6,bus stop,-17.23212,-4.7034,219.77223208470357,222.9789485442291,0.0,223.4789485442291,21.521051455770902,3,1,212.21842281634363,237.9789485442291,0.5,32.28157718365637,1,[163]
146,transit stop,0.0,0.0,245.0,245.0,0.0,245.0,0.0,2,-1,245.0,260.0,0.0,32.28157718365637,1,Int64[]
146,transit stop,0.0,0.0,245.0,245.0,0.0,245.0,0.0,1,-1,245.0,260.0,0.0,36.30042788292019,1,Int64[]
146,transit stop,0.0,0.0,245.0,245.0,0.0,245.0,0.0,0,-1,245.0,260.0,0.0,35.58110159499437,1,Int64[]
148,depot,0.0,0.0,245.0,245.0,0.0,245.0,0.0,0,0,0.0,1256.9494634339696,0.0,0.0,1,Int64[]
