node,type_node,x,y,t_arr,t_begin_service,t_wait,t_departure,ride_time,num_passenger,qi,ei,li,service_or_chg_time,Li,lyr,cus_set
203,depot,0.0,0.0,0.0,0.0,0.0,0.0,0.0,0,0,0.0,1256.9434814759945,0.0,0.0,1,Int64[]
8,bus stop,-18.3219,-1.13398,22.11681763001307,211.3247735549804,0.0,211.8247735549804,33.175226445019604,3,3,211.3247735549804,237.38318236998694,0.5,33.175226445019604,1,"[204, 234, 267]"
6,bus stop,-18.3219,-3.93398,215.198267530884,215.198267530884,0.0,215.698267530884,29.30173246911599,4,1,210.63346469202963,236.9223097946864,0.5,33.866535307970366,1,[237]
10,bus stop,-16.9219,-6.73398,219.46994845678728,222.55716177002444,0.0,223.05716177002444,21.942838229975564,5,1,211.58574265503663,237.55716177002444,0.5,32.91425734496337,1,[321]
201,transit stop,0.0,0.0,245.0,245.0,0.0,245.0,0.0,4,-1,245.0,260.0,0.0,32.91425734496337,1,Int64[]
201,transit stop,0.0,0.0,245.0,245.0,0.0,245.0,0.0,3,-1,245.0,260.0,0.0,33.866535307970366,1,Int64[]
201,transit stop,0.0,0.0,245.0,245.0,0.0,245.0,0.0,0,-3,245.0,260.0,0.0,33.175226445019604,1,Int64[]
203,depot,0.0,0.0,245.0,245.0,0.0,245.0,0.0,0,0,0.0,1256.9434814759945,0.0,0.0,1,Int64[]
