node,type_node,x,y,t_arr,t_begin_service,t_wait,t_departure,ride_time,num_passenger,qi,ei,li,service_or_chg_time,Li,lyr,cus_set
46,depot,0.0,0.0,0.0,0.0,0.0,0.0,0.0,0,0,0.0,1257.7941229306825,0.0,0.0,1,Int64[]
41,bus stop,3.01894,0.16922,3.6429866348129063,239.03552004778064,0.0,239.53552004778064,5.464479952219364,6,6,239.03552004778064,255.85701336518707,0.5,5.464479952219359,1,"[104, 106, 126, 160, 161, 191]"
35,bus stop,2.01894,0.16922,240.74033932488908,242.05901291296632,0.0,242.55901291296632,2.440987087033676,16,10,240.83851936944947,257.0590129129663,0.5,3.661480630550522,1,"[54, 60, 125, 138, 141, 155, 166, 169, 175, 189]"
44,transit stop,0.0,0.0,245.0,245.0,0.0,245.0,0.0,6,-10,245.0,260.0,0.0,3.661480630550522,1,Int64[]
44,transit stop,0.0,0.0,245.0,245.0,0.0,245.0,0.0,0,-6,245.0,260.0,0.0,5.464479952219359,1,Int64[]
46,depot,0.0,0.0,245.0,245.0,0.0,245.0,0.0,0,0,0.0,1257.7941229306825,0.0,0.0,1,Int64[]
