node,type_node,x,y,t_arr,t_begin_service,t_wait,t_departure,ride_time,num_passenger,qi,ei,li,service_or_chg_time,Li,lyr,cus_set
139,depot,0.0,0.0,0.0,0.0,0.0,0.0,0.0,0,0,0.0,1257.7047359964197,0.0,0.0,1,Int64[]
5,bus stop,-12.74073,-2.77048,15.70900279166443,220.93649581250335,0.0,221.43649581250335,23.563504187496648,1,1,220.93649581250335,243.79099720833557,0.5,23.563504187496644,1,[206]
2,bus stop,-14.14073,-1.37048,223.82191627915677,223.82191627915677,0.0,224.32191627915677,20.678083720843233,2,1,218.82472351383421,242.3831490092228,0.5,25.6752764861658,1,[188]
6,bus stop,-12.74073,1.42952,228.09359720506004,229.05340263206148,0.0,229.55340263206148,15.446597367938523,3,1,221.3301039480922,244.05340263206148,0.5,23.1698960519078,1,[191]
137,transit stop,0.0,0.0,245.0,245.0,0.0,245.0,0.0,2,-1,245.0,260.0,0.0,23.1698960519078,1,Int64[]
137,transit stop,0.0,0.0,245.0,245.0,0.0,245.0,0.0,1,-1,245.0,260.0,0.0,25.6752764861658,1,Int64[]
137,transit stop,0.0,0.0,245.0,245.0,0.0,245.0,0.0,0,-1,245.0,260.0,0.0,23.563504187496644,1,Int64[]
139,depot,0.0,0.0,245.0,245.0,0.0,245.0,0.0,0,0,0.0,1257.7047359964197,0.0,0.0,1,Int64[]
