node,type_node,x,y,t_arr,t_begin_service,t_wait,t_departure,ride_time,num_passenger,qi,ei,li,service_or_chg_time,Li,lyr,cus_set
36,depot,0.0,0.0,0.0,0.0,0.0,0.0,0.0,0,0,0.0,1255.7382440289034,0.0,0.0,1,Int64[]
21,bus stop,1.7637,16.08149,19.49146477005823,215.26280284491264,0.0,215.76280284491264,29.237197155087358,1,1,215.26280284491264,240.00853522994177,0.5,29.237197155087344,1,[49]
25,bus stop,3.1637,17.48149,218.14822331156606,218.14822331156606,0.0,218.64822331156606,26.351776688433944,2,1,212.39375099099016,238.09583399399344,0.5,32.106249009009844,1,[40]
22,bus stop,3.1637,11.88149,225.39521126337328,229.68616995444722,0.0,230.18616995444722,14.813830045552777,3,1,222.27925493167083,244.68616995444722,0.5,22.220745068329173,1,[54]
34,transit stop,0.0,0.0,245.0,245.0,0.0,245.0,0.0,2,-1,245.0,260.0,0.0,22.220745068329173,1,Int64[]
34,transit stop,0.0,0.0,245.0,245.0,0.0,245.0,0.0,1,-1,245.0,260.0,0.0,32.106249009009844,1,Int64[]
34,transit stop,0.0,0.0,245.0,245.0,0.0,245.0,0.0,0,-1,245.0,260.0,0.0,29.237197155087344,1,Int64[]
36,depot,0.0,0.0,245.0,245.0,0.0,245.0,0.0,0,0,0.0,1255.7382440289034,0.0,0.0,1,Int64[]
