node,type_node,x,y,t_arr,t_begin_service,t_wait,t_departure,ride_time,num_passenger,qi,ei,li,service_or_chg_time,Li,lyr,cus_set
147,depot,0.0,0.0,0.0,0.0,0.0,0.0,0.0,0,0,0.0,1258.2747269040033,0.0,0.0,1,Int64[]
46,bus stop,-1.15736,-2.41127,3.222459194620747,239.9609972511596,0.0,240.4609972511596,4.539002748840403,1,1,239.6663112080689,256.27754080537926,0.5,4.83368879193112,1,[206]
57,bus stop,-0.75736,-2.41127,240.94292496200296,240.94292496200296,0.0,241.44292496200296,3.5570750379970377,2,1,239.93238589075992,256.4549239271733,0.5,4.567614109240077,1,[204]
58,bus stop,-0.75736,-2.21127,241.68388881742464,241.68388881742464,0.0,242.18388881742464,3.1107972256660616,3,1,240.27583322613697,256.68388881742464,0.5,4.224166773863022,1,[170]
145,transit stop,0.0,0.0,245.0,245.0,0.0,245.0,0.0,2,-1,245.0,260.0,0.0,4.83368879193112,1,Int64[]
145,transit stop,0.0,0.0,245.0,245.0,0.0,245.0,0.0,1,-1,245.0,260.0,0.0,4.567614109240077,1,Int64[]
145,transit stop,0.0,0.0,245.0,245.0,0.0,245.0,0.0,0,-1,245.0,260.0,0.0,4.224166773863022,1,Int64[]
147,depot,0.0,0.0,245.0,245.0,0.0,245.0,0.0,0,0,0.0,1258.2747269040033,0.0,0.0,1,Int64[]
