node,type_node,x,y,t_arr,t_begin_service,t_wait,t_departure,ride_time,num_passenger,qi,ei,li,service_or_chg_time,Li,lyr,cus_set
147,depot,0.0,0.0,0.0,0.0,0.0,0.0,0.0,0,0,0.0,1258.2747269040033,0.0,0.0,1,Int64[]
73,bus stop,-0.15736,-2.01127,2.4306222437770293,240.85406663433446,0.0,241.35406663433446,3.6459333656655417,1,1,240.85406663433446,257.069377756223,0.5,3.645933365665544,1,[160]
75,bus stop,0.04264,-1.81127,241.69484098671353,241.69484098671353,0.0,242.19484098671353,2.8051590132864703,2,1,241.22571355100496,257.31714236733666,0.5,3.2742864489950443,1,[209]
81,bus stop,0.24264,-1.41127,242.73365254755686,242.7747269040033,0.0,243.2747269040033,1.7252730959966982,3,1,241.91209035600494,257.7747269040033,0.5,2.5879096439950633,1,[153]
145,transit stop,0.0,0.0,245.0,245.0,0.0,245.0,0.0,2,-1,245.0,260.0,0.0,2.5879096439950633,1,Int64[]
145,transit stop,0.0,0.0,245.0,245.0,0.0,245.0,0.0,1,-1,245.0,260.0,0.0,3.645933365665544,1,Int64[]
145,transit stop,0.0,0.0,245.0,245.0,0.0,245.0,0.0,0,-1,245.0,260.0,0.0,3.2742864489950443,1,Int64[]
147,depot,0.0,0.0,245.0,245.0,0.0,245.0,0.0,0,0,0.0,1258.2747269040033,0.0,0.0,1,Int64[]
