node,type_node,x,y,t_arr,t_begin_service,t_wait,t_departure,ride_time,num_passenger,qi,ei,li,service_or_chg_time,Li,lyr,cus_set
90,depot,-1.07695,0.99395,0.0,0.0,0.0,0.0,0.0,0,0,0.0,1255.7807652103675,0.0,0.0,1,Int64[]
87,bus stop,17.28397,-4.02674,22.933718683158734,214.10158881053718,0.0,214.60158881053718,30.39841118946282,1,1,212.42740145990004,238.11826763993338,0.5,32.07259854009995,1,[99]
85,bus stop,15.88397,-8.22674,219.93555112889348,219.93555112889348,0.0,220.43555112889348,24.56444887110652,2,1,212.1723290641765,237.94821937611766,0.5,32.32767093582352,1,[108]
84,bus stop,15.88397,-9.62674,222.1222981168453,222.1222981168453,0.0,222.6222981168453,24.051889233791854,3,1,210.93344717526793,237.1222981168453,0.5,33.56655282473206,1,[147]
88,transit stop,0.0,0.0,245.0,245.0,0.0,245.0,0.0,2,-1,245.0,260.0,0.0,32.07259854009995,1,Int64[]
88,transit stop,0.0,0.0,245.0,245.0,0.0,245.0,0.0,1,-1,245.0,260.0,0.0,32.32767093582352,1,Int64[]
88,transit stop,0.0,0.0,245.0,245.0,0.0,245.0,0.0,0,-1,245.0,260.0,0.0,33.56655282473206,1,Int64[]
90,depot,-1.07695,0.99395,246.7656904607035,246.7656904607035,0.0,246.7656904607035,0.0,0,0,0.0,1255.7807652103675,0.0,0.0,1,Int64[]
