node,type_node,x,y,t_arr,t_begin_service,t_wait,t_departure,ride_time,num_passenger,qi,ei,li,service_or_chg_time,Li,lyr,cus_set
173,depot,1.45029,0.77632,0.0,0.0,0.0,0.0,0.0,0,0,0.0,1255.3112138511117,0.0,0.0,1,Int64[]
83,bus stop,1.195,29.89632,35.08568556641182,190.4273612815403,0.0,190.9273612815403,54.0726387184597,1,1,190.4273612815403,223.45157418769355,0.5,54.072638718459686,1,[232]
87,bus stop,2.595,34.09632,196.2613235998966,199.22544793177204,0.0,199.72544793177204,45.27455206822796,2,1,182.7019383636778,218.30129224245186,0.5,61.7980616363222,1,[216]
75,bus stop,-1.605,32.69632,205.05941025012834,205.05941025012834,0.0,205.55941025012834,39.44058974987166,3,1,185.33911537519253,220.05941025012834,0.5,59.16088462480747,1,[198]
171,transit stop,0.0,0.0,245.0,245.0,0.0,245.0,0.0,2,-1,245.0,260.0,0.0,61.7980616363222,1,Int64[]
171,transit stop,0.0,0.0,245.0,245.0,0.0,245.0,0.0,1,-1,245.0,260.0,0.0,59.16088462480747,1,Int64[]
171,transit stop,0.0,0.0,245.0,245.0,0.0,245.0,0.0,0,-1,245.0,260.0,0.0,54.072638718459686,1,Int64[]
173,depot,1.45029,0.77632,246.9819236190312,246.9819236190312,0.0,246.9819236190312,0.0,0,0,0.0,1255.3112138511117,0.0,0.0,1,Int64[]
