node,type_node,x,y,t_arr,t_begin_service,t_wait,t_departure,ride_time,num_passenger,qi,ei,li,service_or_chg_time,Li,lyr,cus_set
25,depot,0.0,0.0,0.0,0.0,0.0,0.0,0.0,0,0,0.0,1258.5097036425177,0.0,0.0,1,Int64[]
13,bus stop,1.22697,-2.95678,3.8569280470824974,238.71460792937626,0.0,239.21460792937626,5.785392070623743,9,9,238.71460792937626,255.64307195291752,0.5,5.785392070623746,1,"[57, 63, 67, 79, 107, 130, 175, 206, 238]"
14,bus stop,1.22697,-1.55678,240.90135491732806,242.11183685746053,0.0,242.61183685746053,2.3881631425394687,25,16,240.9177552861908,257.11183685746056,0.5,3.582244713809189,1,"[27, 28, 52, 104, 117, 121, 134, 140, 142, 196, 234, 250, 252, 259, 264, 271]"
23,transit stop,0.0,0.0,245.0,245.0,0.0,245.0,0.0,9,-16,245.0,260.0,0.0,3.582244713809189,1,Int64[]
23,transit stop,0.0,0.0,245.0,245.0,0.0,245.0,0.0,0,-9,245.0,260.0,0.0,5.785392070623746,1,Int64[]
25,depot,0.0,0.0,245.0,245.0,0.0,245.0,0.0,0,0,0.0,1258.5097036425177,0.0,0.0,1,Int64[]
