node,type_node,x,y,t_arr,t_begin_service,t_wait,t_departure,ride_time,num_passenger,qi,ei,li,service_or_chg_time,Li,lyr,cus_set
24,depot,-0.04742,0.0376,0.0,0.0,0.0,0.0,0.0,0,0,0.0,1258.4251851698803,0.0,0.0,1,Int64[]
19,bus stop,2.88591,-1.49573,3.9878472992166647,238.62562061511431,0.0,239.12562061511431,5.874379384885685,5,5,238.62562061511431,255.5837470767429,0.5,5.874379384885696,1,"[28, 80, 99, 119, 150]"
20,bus stop,2.88591,-0.09573,240.81236760306612,241.02108756877007,0.0,241.52108756877007,3.4789124312299293,12,7,239.28163135315512,256.0210875687701,0.5,5.218368646844877,1,"[42, 48, 118, 134, 135, 155, 168]"
22,transit stop,0.0,0.0,245.0,245.0,0.0,245.0,0.0,5,-7,245.0,260.0,0.0,5.218368646844877,1,Int64[]
22,transit stop,0.0,0.0,245.0,245.0,0.0,245.0,0.0,0,-5,245.0,260.0,0.0,5.874379384885696,1,Int64[]
24,depot,-0.04742,0.0376,245.07291313431782,245.07291313431782,0.0,245.07291313431782,0.0,0,0,0.0,1258.4251851698803,0.0,0.0,1,Int64[]
