node,type_node,x,y,t_arr,t_begin_service,t_wait,t_departure,ride_time,num_passenger,qi,ei,li,service_or_chg_time,Li,lyr,cus_set
149,depot,0.0,0.0,0.0,0.0,0.0,0.0,0.0,0,0,0.0,1258.4521524081765,0.0,0.0,1,Int64[]
116,bus stop,5.47829,-7.12831,10.831617776195129,229.53324715138658,0.0,230.03324715138658,14.966752848613424,2,2,228.2525733357073,248.66838222380488,0.5,16.247426664292693,1,"[190, 352]"
102,bus stop,4.07829,-8.52831,232.41866761804,232.41866761804,0.0,232.91866761804,13.362006197639289,3,1,227.41575731348766,248.11050487565845,0.5,17.08424268651234,1,[303]
103,bus stop,4.07829,-7.12831,234.6054146059918,234.6054146059918,0.0,235.1054146059918,9.894585394008203,5,2,229.65812190898768,249.6054146059918,0.5,14.84187809101232,1,"[278, 389]"
147,transit stop,0.0,0.0,245.0,245.0,0.0,245.0,0.0,3,-2,245.0,260.0,0.0,16.247426664292693,1,Int64[]
147,transit stop,0.0,0.0,245.0,245.0,0.0,245.0,0.0,1,-2,245.0,260.0,0.0,14.84187809101232,1,Int64[]
147,transit stop,0.0,0.0,245.0,245.0,0.0,245.0,0.0,0,-1,245.0,260.0,0.0,17.08424268651234,1,Int64[]
149,depot,0.0,0.0,245.0,245.0,0.0,245.0,0.0,0,0,0.0,1258.4521524081765,0.0,0.0,1,Int64[]
