node,type_node,x,y,t_arr,t_begin_service,t_wait,t_departure,ride_time,num_passenger,qi,ei,li,service_or_chg_time,Li,lyr,cus_set
74,depot,0.0,0.0,0.0,0.0,0.0,0.0,0.0,0,0,0.0,1252.9450332778447,0.0,0.0,1,Int64[]
44,bus stop,8.1217,26.7484,33.679793856637204,193.9803092150442,0.0,194.4803092150442,50.5196907849558,1,1,193.9803092150442,225.82020614336278,0.5,50.519690784955806,1,[76]
36,bus stop,2.5217,25.3484,201.43494521006195,213.80900892045645,0.0,214.30900892045645,30.69099107954355,2,1,198.46351338068467,228.80900892045645,0.5,46.03648661931534,1,[101]
72,transit stop,0.0,0.0,245.0,245.0,0.0,245.0,0.0,1,-1,245.0,260.0,0.0,46.03648661931534,1,Int64[]
72,transit stop,0.0,0.0,245.0,245.0,0.0,245.0,0.0,0,-1,245.0,260.0,0.0,50.519690784955806,1,Int64[]
74,depot,0.0,0.0,245.0,245.0,0.0,245.0,0.0,0,0,0.0,1252.9450332778447,0.0,0.0,1,Int64[]
