node,type_node,x,y,t_arr,t_begin_service,t_wait,t_departure,ride_time,num_passenger,qi,ei,li,service_or_chg_time,Li,lyr,cus_set
292,depot,0.0,0.0,0.0,0.0,0.0,0.0,0.0,0,0,0.0,1256.414825873821,0.0,0.0,1,Int64[]
232,bus stop,9.92097,10.63194,17.520234611766966,218.21964808234955,0.0,218.71964808234955,26.28035191765045,2,2,218.21964808234955,241.97976538823303,0.5,26.28035191765045,1,"[450, 483]"
233,bus stop,9.92097,13.43194,222.09314205825316,222.09314205825316,0.0,222.59314205825316,22.406857941746836,3,1,214.32183883403647,239.38122588935764,0.5,30.17816116596353,1,[331]
228,bus stop,8.52097,12.03194,224.97856252490658,226.73659508770234,0.0,227.23659508770234,17.76340491229766,4,1,217.8548926315535,241.73659508770234,0.5,26.645107368446496,1,[501]
290,transit stop,0.0,0.0,245.0,245.0,0.0,245.0,0.0,3,-1,245.0,260.0,0.0,26.645107368446496,1,Int64[]
290,transit stop,0.0,0.0,245.0,245.0,0.0,245.0,0.0,2,-1,245.0,260.0,0.0,30.17816116596353,1,Int64[]
290,transit stop,0.0,0.0,245.0,245.0,0.0,245.0,0.0,0,-2,245.0,260.0,0.0,26.28035191765045,1,Int64[]
292,depot,0.0,0.0,245.0,245.0,0.0,245.0,0.0,0,0,0.0,1256.414825873821,0.0,0.0,1,Int64[]
