node,type_node,x,y,t_arr,t_begin_service,t_wait,t_departure,ride_time,num_passenger,qi,ei,li,service_or_chg_time,Li,lyr,cus_set
203,depot,0.0,0.0,0.0,0.0,0.0,0.0,0.0,0,0,0.0,1257.2813226314356,0.0,0.0,1,Int64[]
174,bus stop,11.0781,14.26602,21.76170533770526,211.8574419934421,0.0,212.3574419934421,32.64255800655789,1,1,211.8574419934421,237.73829466229475,0.5,32.64255800655789,1,[287]
170,bus stop,9.6781,17.06602,216.12912291934538,216.12912291934538,0.0,216.62912291934538,28.370877080654623,2,1,209.04353848071656,235.86235898714438,0.5,35.45646151928345,1,[295]
125,bus stop,2.6781,8.66602,229.80303803533252,233.57180948101833,0.0,234.07180948101833,10.928190518981665,3,1,228.1077142215275,248.57180948101833,0.5,16.392285778472512,1,[225]
201,transit stop,0.0,0.0,245.0,245.0,0.0,245.0,0.0,2,-1,245.0,260.0,0.0,16.392285778472512,1,Int64[]
201,transit stop,0.0,0.0,245.0,245.0,0.0,245.0,0.0,1,-1,245.0,260.0,0.0,32.64255800655789,1,Int64[]
201,transit stop,0.0,0.0,245.0,245.0,0.0,245.0,0.0,0,-1,245.0,260.0,0.0,35.45646151928345,1,Int64[]
203,depot,0.0,0.0,245.0,245.0,0.0,245.0,0.0,0,0,0.0,1257.2813226314356,0.0,0.0,1,Int64[]
