node,type_node,x,y,t_arr,t_begin_service,t_wait,t_departure,ride_time,num_passenger,qi,ei,li,service_or_chg_time,Li,lyr,cus_set
31,depot,0.0,0.0,0.0,0.0,0.0,0.0,0.0,0,0,0.0,1256.8049839326711,0.0,0.0,1,Int64[]
24,bus stop,9.00089,-2.88199,11.386777975399971,227.41983303690006,0.0,227.91983303690006,17.08016696309994,1,1,227.41983303690006,248.11322202460002,0.5,17.080166963099956,1,[43]
25,bus stop,9.00089,-1.48199,229.60658002485187,229.60658002485187,0.0,230.10658002485187,14.893419975148134,2,1,228.0143160637021,248.50954404246806,0.5,16.485683936297896,1,[40]
22,bus stop,7.60089,1.31801,233.87826095075513,235.2056427640541,0.0,235.7056427640541,9.29435723594591,3,1,230.55846414608112,250.2056427640541,0.5,13.94153585391887,1,[44]
29,transit stop,0.0,0.0,245.0,245.0,0.0,245.0,0.0,2,-1,245.0,260.0,0.0,13.94153585391887,1,Int64[]
29,transit stop,0.0,0.0,245.0,245.0,0.0,245.0,0.0,1,-1,245.0,260.0,0.0,16.485683936297896,1,Int64[]
29,transit stop,0.0,0.0,245.0,245.0,0.0,245.0,0.0,0,-1,245.0,260.0,0.0,17.080166963099956,1,Int64[]
31,depot,0.0,0.0,245.0,245.0,0.0,245.0,0.0,0,0,0.0,1256.8049839326711,0.0,0.0,1,Int64[]
