node,type_node,x,y,t_arr,t_begin_service,t_wait,t_departure,ride_time,num_passenger,qi,ei,li,service_or_chg_time,Li,lyr,cus_set
137,depot,0.17248,0.56241,0.0,0.0,0.0,0.0,0.0,0,0,0.0,1257.31733288619,0.0,0.0,1,Int64[]
85,bus stop,3.90233,-10.3346,13.876704866892547,224.53587528357002,0.0,225.03587528357002,19.96412471642998,2,2,224.53587528357002,246.19058352238002,0.5,19.964124716429975,1,"[158, 163]"
68,bus stop,1.10233,-11.7346,228.8075562094733,230.29968450825206,0.0,230.79968450825206,14.200315491747943,3,1,223.1995267623781,245.29968450825206,0.5,21.3004732376219,1,[225]
135,transit stop,0.0,0.0,245.0,245.0,0.0,245.0,0.0,2,-1,245.0,260.0,0.0,21.3004732376219,1,Int64[]
135,transit stop,0.0,0.0,245.0,245.0,0.0,245.0,0.0,0,-2,245.0,260.0,0.0,19.964124716429975,1,Int64[]
137,depot,0.17248,0.56241,245.70875162782005,245.70875162782005,0.0,245.70875162782005,0.0,0,0,0.0,1257.31733288619,0.0,0.0,1,Int64[]
