node,type_node,x,y,t_arr,t_begin_service,t_wait,t_departure,ride_time,num_passenger,qi,ei,li,service_or_chg_time,Li,lyr,cus_set
143,depot,-0.58001,1.0176,0.0,0.0,0.0,0.0,0.0,0,0,0.0,1257.4088813770968,0.0,0.0,1,Int64[]
61,bus stop,-2.05001,-7.0524,9.882882177753238,235.65143394951454,0.0,236.15143394951454,8.84856605048546,1,1,231.2271509242718,250.65143394951454,0.5,13.272849075728205,1,[250]
141,transit stop,0.0,0.0,245.0,245.0,0.0,245.0,0.0,0,-1,245.0,260.0,0.0,13.272849075728205,1,Int64[]
143,depot,-0.58001,1.0176,246.41119333477124,246.41119333477124,0.0,246.41119333477124,0.0,0,0,0.0,1257.4088813770968,0.0,0.0,1,Int64[]
