node,type_node,x,y,t_arr,t_begin_service,t_wait,t_departure,ride_time,num_passenger,qi,ei,li,service_or_chg_time,Li,lyr,cus_set
143,depot,-0.58001,1.0176,0.0,0.0,0.0,0.0,0.0,0,0,0.0,1257.4088813770968,0.0,0.0,1,Int64[]
48,bus stop,-4.85001,11.1476,13.244783864150856,222.5295973246974,0.0,223.0295973246974,21.97040267530261,1,1,222.5295973246974,244.8530648831316,0.5,21.970402675302616,1,[237]
60,bus stop,-3.45001,12.5476,225.4150177913508,225.4150177913508,0.0,225.9150177913508,19.084982208649194,2,1,220.98206725888772,243.8213781725918,0.5,23.517932741112283,1,[228]
59,bus stop,-3.45001,11.1476,227.6017647793026,230.44065443223872,0.0,230.94065443223872,14.059345567761284,3,1,223.41098164835807,245.44065443223872,0.5,21.08901835164194,1,[253]
141,transit stop,0.0,0.0,245.0,245.0,0.0,245.0,0.0,2,-1,245.0,260.0,0.0,21.08901835164194,1,Int64[]
141,transit stop,0.0,0.0,245.0,245.0,0.0,245.0,0.0,1,-1,245.0,260.0,0.0,23.517932741112283,1,Int64[]
141,transit stop,0.0,0.0,245.0,245.0,0.0,245.0,0.0,0,-1,245.0,260.0,0.0,21.970402675302616,1,Int64[]
143,depot,-0.58001,1.0176,246.41119333477124,246.41119333477124,0.0,246.41119333477124,0.0,0,0,0.0,1257.4088813770968,0.0,0.0,1,Int64[]
