node,type_node,x,y,t_arr,t_begin_service,t_wait,t_departure,ride_time,num_passenger,qi,ei,li,service_or_chg_time,Li,lyr,cus_set
177,depot,0.0,0.0,0.0,0.0,0.0,0.0,0.0,0,0,0.0,1256.8958692144954,0.0,0.0,1,Int64[]
170,bus stop,12.47485,7.28853,17.407222581495933,218.38916612775608,0.0,218.88916612775608,26.110833872243916,1,1,218.38916612775608,242.09277741850406,0.5,26.1108338722439,1,[205]
164,bus stop,11.47485,7.28853,220.09398540486453,220.09398540486453,0.0,220.59398540486453,24.406014595135474,2,1,219.93266199487758,243.1217746632517,0.5,24.56733800512243,1,[186]
163,bus stop,10.87485,7.48853,221.35598002177258,228.59180222655039,0.0,229.09180222655039,15.908197773449615,3,1,220.63770333982558,243.59180222655039,0.5,23.862296660174415,1,[256]
175,transit stop,0.0,0.0,245.0,245.0,0.0,245.0,0.0,2,-1,245.0,260.0,0.0,23.862296660174415,1,Int64[]
175,transit stop,0.0,0.0,245.0,245.0,0.0,245.0,0.0,1,-1,245.0,260.0,0.0,24.56733800512243,1,Int64[]
175,transit stop,0.0,0.0,245.0,245.0,0.0,245.0,0.0,0,-1,245.0,260.0,0.0,26.1108338722439,1,Int64[]
177,depot,0.0,0.0,245.0,245.0,0.0,245.0,0.0,0,0,0.0,1256.8958692144954,0.0,0.0,1,Int64[]
