node,type_node,x,y,t_arr,t_begin_service,t_wait,t_departure,ride_time,num_passenger,qi,ei,li,service_or_chg_time,Li,lyr,cus_set
25,depot,0.0,0.0,0.0,0.0,0.0,0.0,0.0,0,0,0.0,1256.6614958755329,0.0,0.0,1,Int64[]
4,bus stop,-3.16394,2.06301,4.550729617844255,239.94927038215573,0.0,240.44927038215573,4.550729617844269,1,1,237.6739055732336,254.94927038215573,0.5,6.8260944267663834,1,[29]
23,transit stop,0.0,0.0,245.0,245.0,0.0,245.0,0.0,0,-1,245.0,260.0,0.0,6.8260944267663834,1,Int64[]
25,depot,0.0,0.0,245.0,245.0,0.0,245.0,0.0,0,0,0.0,1256.6614958755329,0.0,0.0,1,Int64[]
