node,type_node,x,y,t_arr,t_begin_service,t_wait,t_departure,ride_time,num_passenger,qi,ei,li,service_or_chg_time,Li,lyr,cus_set
25,depot,0.0,0.0,0.0,0.0,0.0,0.0,0.0,0,0,0.0,1256.6614958755329,0.0,0.0,1,Int64[]
16,bus stop,1.03606,4.86301,5.99054349669815,235.51418475495277,0.0,236.01418475495277,8.985815245047235,1,1,235.51418475495277,253.50945650330186,0.5,8.985815245047224,1,[28]
9,bus stop,-1.76394,3.46301,239.78586568085603,239.81761863068533,0.0,240.31761863068533,4.682381369314669,2,1,237.476427946028,254.81761863068533,0.5,7.023572053971991,1,[38]
23,transit stop,0.0,0.0,245.0,245.0,0.0,245.0,0.0,1,-1,245.0,260.0,0.0,7.023572053971991,1,Int64[]
23,transit stop,0.0,0.0,245.0,245.0,0.0,245.0,0.0,0,-1,245.0,260.0,0.0,8.985815245047224,1,Int64[]
25,depot,0.0,0.0,245.0,245.0,0.0,245.0,0.0,0,0,0.0,1256.6614958755329,0.0,0.0,1,Int64[]
