node,type_node,x,y,t_arr,t_begin_service,t_wait,t_departure,ride_time,num_passenger,qi,ei,li,service_or_chg_time,Li,lyr,cus_set
265,depot,0.0,0.0,0.0,0.0,0.0,0.0,0.0,0,0,0.0,1138.9773380720962,0.0,0.0,1,Int64[]
259,bus stop,15.93673,-3.45757,19.647575479818308,95.02863678027254,0.0,95.52863678027254,29.471363219727465,1,1,95.02863678027254,119.8524245201817,0.5,29.47136321972746,2,[351]
253,bus stop,13.13673,-6.25757,100.29947771357936,100.29947771357936,0.0,100.79947771357936,24.200522286420636,2,1,98.2030582257949,121.96870548386327,0.5,26.296941774205088,2,[336]
251,bus stop,11.73673,-0.65757,107.7541137085971,110.33718518245388,0.0,110.83718518245388,14.16281481754612,3,1,103.25577777368082,125.33718518245388,0.5,21.24422222631918,2,[342]
261,transit stop,0.0,0.0,125.0,125.0,0.0,125.0,0.0,2,-1,125.0,140.0,0.0,21.24422222631918,2,Int64[]
261,transit stop,0.0,0.0,125.0,125.0,0.0,125.0,0.0,1,-1,125.0,140.0,0.0,26.296941774205088,2,Int64[]
261,transit stop,0.0,0.0,125.0,125.0,0.0,125.0,0.0,0,-1,125.0,140.0,0.0,29.47136321972746,2,Int64[]
265,depot,0.0,0.0,125.0,125.0,0.0,125.0,0.0,0,0,0.0,1138.9773380720962,0.0,0.0,1,Int64[]
