node,type_node,x,y,t_arr,t_begin_service,t_wait,t_departure,ride_time,num_passenger,qi,ei,li,service_or_chg_time,Li,lyr,cus_set
234,depot,0.0,0.0,0.0,0.0,0.0,0.0,0.0,0,0,0.0,1256.12870968382,0.0,0.0,1,Int64[]
198,bus stop,18.32287,6.97063,23.61929037206812,209.07106444189782,0.0,209.57106444189782,35.42893555810218,1,1,209.07106444189782,235.88070962793188,0.5,35.42893555810218,1,[379]
213,bus stop,21.12287,5.57063,213.3427453678011,213.3427453678011,0.0,213.8427453678011,31.157254632198914,3,2,205.0209382935936,233.18062552906238,0.5,39.479061706406426,1,"[265, 369]"
208,bus stop,19.72287,4.17063,216.2281658344545,220.2120340093348,0.0,220.7120340093348,24.287965990665214,4,1,208.06805101400215,235.2120340093348,0.5,36.431948985997835,1,[349]
232,transit stop,0.0,0.0,245.0,245.0,0.0,245.0,0.0,3,-1,245.0,260.0,0.0,36.431948985997835,1,Int64[]
232,transit stop,0.0,0.0,245.0,245.0,0.0,245.0,0.0,1,-2,245.0,260.0,0.0,39.479061706406426,1,Int64[]
232,transit stop,0.0,0.0,245.0,245.0,0.0,245.0,0.0,0,-1,245.0,260.0,0.0,35.42893555810218,1,Int64[]
234,depot,0.0,0.0,245.0,245.0,0.0,245.0,0.0,0,0,0.0,1256.12870968382,0.0,0.0,1,Int64[]
