node,type_node,x,y,t_arr,t_begin_service,t_wait,t_departure,ride_time,num_passenger,qi,ei,li,service_or_chg_time,Li,lyr,cus_set
207,depot,0.0,0.0,0.0,0.0,0.0,0.0,0.0,0,0,0.0,1257.8544875457383,0.0,0.0,1,Int64[]
31,bus stop,-12.70471,7.44763,17.743059331766137,217.8854110023508,0.0,218.3854110023508,26.614588997649207,1,1,217.8854110023508,241.75694066823385,0.5,26.614588997649207,1,[350]
48,bus stop,-9.90471,4.64763,223.15625193565762,224.72725182649674,0.0,225.22725182649674,19.77274817350326,3,2,224.72725182649674,246.31816788433116,0.5,19.77274817350327,1,"[240, 264]"
75,bus stop,-4.30471,1.84763,232.77061367830325,238.85605951823487,0.0,239.35605951823487,5.643940481765128,5,2,236.03408927735234,253.85605951823487,0.5,8.465910722647678,1,"[224, 338]"
205,transit stop,0.0,0.0,245.0,245.0,0.0,245.0,0.0,3,-2,245.0,260.0,0.0,8.465910722647678,1,Int64[]
205,transit stop,0.0,0.0,245.0,245.0,0.0,245.0,0.0,1,-2,245.0,260.0,0.0,19.77274817350327,1,Int64[]
205,transit stop,0.0,0.0,245.0,245.0,0.0,245.0,0.0,0,-1,245.0,260.0,0.0,26.614588997649207,1,Int64[]
207,depot,0.0,0.0,245.0,245.0,0.0,245.0,0.0,0,0,0.0,1257.8544875457383,0.0,0.0,1,Int64[]
