node,type_node,x,y,t_arr,t_begin_service,t_wait,t_departure,ride_time,num_passenger,qi,ei,li,service_or_chg_time,Li,lyr,cus_set
207,depot,0.0,0.0,0.0,0.0,0.0,0.0,0.0,0,0,0.0,1257.8544875457383,0.0,0.0,1,Int64[]
146,bus stop,6.89529,7.44763,12.228305332327297,226.15754200150906,0.0,226.65754200150906,18.342457998490943,2,2,226.15754200150906,247.2716946676727,0.5,18.342457998490946,1,"[236, 339]"
151,bus stop,8.29529,7.44763,228.34428898946086,228.34428898946086,0.0,228.84428898946086,16.155711010539136,5,3,224.3529208763103,246.06861391754018,0.5,20.14707912368972,1,"[229, 257, 341]"
149,bus stop,8.29529,4.64763,232.21778296536448,233.0439297464645,0.0,233.5439297464645,11.4560702535355,6,1,227.31589461969673,248.0439297464645,0.5,17.184105380303258,1,[269]
205,transit stop,0.0,0.0,245.0,245.0,0.0,245.0,0.0,5,-1,245.0,260.0,0.0,17.184105380303258,1,Int64[]
205,transit stop,0.0,0.0,245.0,245.0,0.0,245.0,0.0,2,-3,245.0,260.0,0.0,20.14707912368972,1,Int64[]
205,transit stop,0.0,0.0,245.0,245.0,0.0,245.0,0.0,0,-2,245.0,260.0,0.0,18.342457998490946,1,Int64[]
207,depot,0.0,0.0,245.0,245.0,0.0,245.0,0.0,0,0,0.0,1257.8544875457383,0.0,0.0,1,Int64[]
