node,type_node,x,y,t_arr,t_begin_service,t_wait,t_departure,ride_time,num_passenger,qi,ei,li,service_or_chg_time,Li,lyr,cus_set
102,depot,0.0,0.0,0.0,0.0,0.0,0.0,0.0,0,0,0.0,1258.2019310089624,0.0,0.0,1,Int64[]
15,bus stop,-6.49782,-1.40537,8.00971336478083,232.48542995282875,0.0,232.98542995282875,12.014570047171247,1,1,232.48542995282875,251.49028663521918,0.5,12.014570047171244,1,[154]
23,bus stop,-5.09782,1.39463,236.75711087873202,238.13235497507526,0.0,238.63235497507526,6.367645024924741,4,3,234.94853246261286,253.13235497507526,0.5,9.551467537387131,1,"[158, 168, 187]"
100,transit stop,0.0,0.0,245.0,245.0,0.0,245.0,0.0,1,-3,245.0,260.0,0.0,9.551467537387131,1,Int64[]
100,transit stop,0.0,0.0,245.0,245.0,0.0,245.0,0.0,0,-1,245.0,260.0,0.0,12.014570047171244,1,Int64[]
102,depot,0.0,0.0,245.0,245.0,0.0,245.0,0.0,0,0,0.0,1258.2019310089624,0.0,0.0,1,Int64[]
