node,type_node,x,y,t_arr,t_begin_service,t_wait,t_departure,ride_time,num_passenger,qi,ei,li,service_or_chg_time,Li,lyr,cus_set
225,depot,-0.37247,-0.5279,0.0,0.0,0.0,0.0,0.0,0,0,0.0,1257.2211418258448,0.0,0.0,1,Int64[]
218,bus stop,31.32303,11.5676,40.87349780255862,188.60865028572925,0.0,189.10865028572925,55.891349714270746,1,1,184.15528752227343,219.27019168151563,0.5,60.344712477726574,1,[245]
201,bus stop,25.72303,17.1676,198.6503321523429,198.6503321523429,0.0,199.1503321523429,45.84966784765709,2,1,188.61012691193244,222.24008460795497,0.5,55.88987308806756,1,[240]
203,bus stop,25.72303,21.3676,204.21057311619833,204.21057311619833,0.0,204.71057311619833,44.742789647257496,3,1,184.0658596742975,219.21057311619833,0.5,60.43414032570249,1,[235]
223,transit stop,0.0,0.0,245.0,245.0,0.0,245.0,0.0,2,-1,245.0,260.0,0.0,60.344712477726574,1,Int64[]
223,transit stop,0.0,0.0,245.0,245.0,0.0,245.0,0.0,1,-1,245.0,260.0,0.0,55.88987308806756,1,Int64[]
223,transit stop,0.0,0.0,245.0,245.0,0.0,245.0,0.0,0,-1,245.0,260.0,0.0,60.43414032570249,1,Int64[]
225,depot,-0.37247,-0.5279,245.77840305992748,245.77840305992748,0.0,245.77840305992748,0.0,0,0,0.0,1257.2211418258448,0.0,0.0,1,Int64[]
