node,type_node,x,y,t_arr,t_begin_service,t_wait,t_departure,ride_time,num_passenger,qi,ei,li,service_or_chg_time,Li,lyr,cus_set
150,depot,0.0,0.0,0.0,0.0,0.0,0.0,0.0,0,0,0.0,1258.291207243486,0.0,0.0,1,Int64[]
117,bus stop,1.64264,1.38873,2.5915763983211124,240.61263540251832,0.0,241.11263540251832,3.887364597481678,1,1,240.61263540251832,256.90842360167886,0.5,3.8873645974816684,1,[227]
116,bus stop,1.64264,1.18873,241.35359925794,241.35359925794,0.0,241.85359925794,3.1464007420599955,2,1,240.8355809079637,257.05705393864247,0.5,3.664419092036299,1,[244]
93,bus stop,1.04264,0.98873,242.61559387484806,242.7687936829795,0.0,243.2687936829795,1.7312063170205079,3,1,241.90319052446924,257.7687936829795,0.5,2.5968094755307742,1,[237]
148,transit stop,0.0,0.0,245.0,245.0,0.0,245.0,0.0,2,-1,245.0,260.0,0.0,2.5968094755307742,1,Int64[]
148,transit stop,0.0,0.0,245.0,245.0,0.0,245.0,0.0,1,-1,245.0,260.0,0.0,3.664419092036299,1,Int64[]
148,transit stop,0.0,0.0,245.0,245.0,0.0,245.0,0.0,0,-1,245.0,260.0,0.0,3.8873645974816684,1,Int64[]
150,depot,0.0,0.0,245.0,245.0,0.0,245.0,0.0,0,0,0.0,1258.291207243486,0.0,0.0,1,Int64[]
