node,type_node,x,y,t_arr,t_begin_service,t_wait,t_departure,ride_time,num_passenger,qi,ei,li,service_or_chg_time,Li,lyr,cus_set
82,depot,0.0,0.0,0.0,0.0,0.0,0.0,0.0,0,0,0.0,1258.145264568117,0.0,0.0,1,Int64[]
22,bus stop,-5.58664,13.12327,17.184235686715734,218.7236464699264,0.0,219.2236464699264,25.776353530073607,1,1,218.7236464699264,242.31576431328426,0.5,25.7763535300736,1,[120]
15,bus stop,-8.78664,11.12327,223.770143401038,223.770143401038,0.0,224.270143401038,20.729856598961987,2,1,218.8824311226175,242.42162074841167,0.5,25.617568877382503,1,[93]
26,bus stop,-4.58664,5.72327,232.51237538970648,235.66340120446026,0.0,236.16340120446026,8.836598795539743,3,1,231.2451018066904,250.66340120446026,0.5,13.254898193309604,1,[126]
80,transit stop,0.0,0.0,245.0,245.0,0.0,245.0,0.0,2,-1,245.0,260.0,0.0,13.254898193309604,1,Int64[]
80,transit stop,0.0,0.0,245.0,245.0,0.0,245.0,0.0,1,-1,245.0,260.0,0.0,25.617568877382503,1,Int64[]
80,transit stop,0.0,0.0,245.0,245.0,0.0,245.0,0.0,0,-1,245.0,260.0,0.0,25.7763535300736,1,Int64[]
82,depot,0.0,0.0,245.0,245.0,0.0,245.0,0.0,0,0,0.0,1258.145264568117,0.0,0.0,1,Int64[]
