node,type_node,x,y,t_arr,t_begin_service,t_wait,t_departure,ride_time,num_passenger,qi,ei,li,service_or_chg_time,Li,lyr,cus_set
225,depot,-0.37247,-0.5279,0.0,0.0,0.0,0.0,0.0,0,0,0.0,1257.2211418258448,0.0,0.0,1,Int64[]
16,bus stop,-26.07697,1.7676,31.092523450435714,197.2648033771883,0.0,197.7648033771883,47.23519662281171,1,1,197.2648033771883,228.00986891812553,0.5,47.2351966228117,1,[322]
22,bus stop,-23.27697,-1.0324,202.53564431049512,202.53564431049512,0.0,203.03564431049512,41.964355689504885,2,1,202.39183067430474,231.42788711620315,0.5,42.108169325695265,1,[272]
38,bus stop,-19.07697,-2.4324,208.36960662885141,221.3296195033997,0.0,221.8296195033997,23.170380496600302,3,1,209.74442925509953,236.3296195033997,0.5,34.75557074490047,1,[328]
223,transit stop,0.0,0.0,245.0,245.0,0.0,245.0,0.0,2,-1,245.0,260.0,0.0,34.75557074490047,1,Int64[]
223,transit stop,0.0,0.0,245.0,245.0,0.0,245.0,0.0,1,-1,245.0,260.0,0.0,47.2351966228117,1,Int64[]
223,transit stop,0.0,0.0,245.0,245.0,0.0,245.0,0.0,0,-1,245.0,260.0,0.0,42.108169325695265,1,Int64[]
225,depot,-0.37247,-0.5279,245.77840305992748,245.77840305992748,0.0,245.77840305992748,0.0,0,0,0.0,1257.2211418258448,0.0,0.0,1,Int64[]
