node,type_node,x,y,t_arr,t_begin_service,t_wait,t_departure,ride_time,num_passenger,qi,ei,li,service_or_chg_time,Li,lyr,cus_set
24,depot,0.0,0.0,0.0,0.0,0.0,0.0,0.0,0,0,0.0,1258.5268456407596,0.0,0.0,1,Int64[]
14,bus stop,1.20938,-1.58011,2.397362584233872,242.10263741576614,0.0,242.60263741576614,2.3973625842338606,36,36,240.90395612364918,257.10263741576614,0.5,3.5960438763508082,1,"[33, 34, 60, 65, 84, 128, 129, 135, 157, 159, 178, 186, 193, 195, 218, 246, 272, 308, 323, 367, 368, 371, 374, 382, 389, 391, 399, 433, 436, 462, 476, 489, 493, 500, 504, 511]"
22,transit stop,0.0,0.0,245.0,245.0,0.0,245.0,0.0,0,-36,245.0,260.0,0.0,3.5960438763508082,1,Int64[]
24,depot,0.0,0.0,245.0,245.0,0.0,245.0,0.0,0,0,0.0,1258.5268456407596,0.0,0.0,1,Int64[]
