node,type_node,x,y,t_arr,t_begin_service,t_wait,t_departure,ride_time,num_passenger,qi,ei,li,service_or_chg_time,Li,lyr,cus_set
86,depot,0.0,0.0,0.0,0.0,0.0,0.0,0.0,0,0,0.0,1258.2235190995252,0.0,0.0,1,Int64[]
12,bus stop,-1.93131,-1.9662,3.3205616555600463,239.51915751665993,0.0,240.01915751665993,4.980842483340069,1,1,239.51915751665993,256.17943834444,0.5,4.980842483340069,1,[124]
36,bus stop,-0.93131,-1.5662,241.31678759066824,242.30460875591217,0.0,242.80460875591217,2.19539124408783,2,1,241.20691313386826,257.30460875591217,0.5,3.293086866131744,1,[125]
84,transit stop,0.0,0.0,245.0,245.0,0.0,245.0,0.0,1,-1,245.0,260.0,0.0,3.293086866131744,1,Int64[]
84,transit stop,0.0,0.0,245.0,245.0,0.0,245.0,0.0,0,-1,245.0,260.0,0.0,4.980842483340069,1,Int64[]
86,depot,0.0,0.0,245.0,245.0,0.0,245.0,0.0,0,0,0.0,1258.2235190995252,0.0,0.0,1,Int64[]
