node,type_node,x,y,t_arr,t_begin_service,t_wait,t_departure,ride_time,num_passenger,qi,ei,li,service_or_chg_time,Li,lyr,cus_set
91,depot,0.0,0.0,0.0,0.0,0.0,0.0,0.0,0,0,0.0,1258.2235190995252,0.0,0.0,1,Int64[]
5,bus stop,-2.33131,-1.1662,3.140635656988294,239.78904651451757,0.0,240.28904651451757,4.710953485482435,1,1,239.78904651451757,256.3593643430117,0.5,4.710953485482441,1,[101]
16,bus stop,-1.93131,-0.5662,241.15785405077395,241.15785405077395,0.0,241.65785405077395,3.342145949226051,2,1,240.86277916771328,257.0751861118089,0.5,3.637220832286712,1,[113]
29,bus stop,-1.53131,-0.7662,242.19666561161728,242.43698743601405,0.0,242.93698743601405,2.06301256398595,3,1,241.40548115402106,257.436987436014,0.5,3.094518845978926,1,[123]
89,transit stop,0.0,0.0,245.0,245.0,0.0,245.0,0.0,2,-1,245.0,260.0,0.0,3.094518845978926,1,Int64[]
89,transit stop,0.0,0.0,245.0,245.0,0.0,245.0,0.0,1,-1,245.0,260.0,0.0,4.710953485482441,1,Int64[]
89,transit stop,0.0,0.0,245.0,245.0,0.0,245.0,0.0,0,-1,245.0,260.0,0.0,3.637220832286712,1,Int64[]
91,depot,0.0,0.0,245.0,245.0,0.0,245.0,0.0,0,0,0.0,1258.2235190995252,0.0,0.0,1,Int64[]
