node,type_node,x,y,t_arr,t_begin_service,t_wait,t_departure,ride_time,num_passenger,qi,ei,li,service_or_chg_time,Li,lyr,cus_set
145,depot,0.0,0.0,0.0,0.0,0.0,0.0,0.0,0,0,0.0,1257.6110045646124,0.0,0.0,1,Int64[]
138,bus stop,16.57189,9.60049,23.074630930017914,209.88805360497312,0.0,210.38805360497312,34.61194639502688,1,1,209.88805360497312,236.42536906998208,0.5,34.61194639502687,1,[194]
117,bus stop,10.97189,11.00049,217.34268959999088,217.34268959999088,0.0,217.84268959999088,27.157310400009123,2,1,216.42138784619095,240.78092523079397,0.5,28.078612153809036,1,[202]
115,bus stop,10.97189,4.00049,226.2764245397499,230.42957336078427,0.0,230.92957336078427,14.070426639215725,3,1,223.3943600411764,245.42957336078427,0.5,21.105639958823584,1,[195]
143,transit stop,0.0,0.0,245.0,245.0,0.0,245.0,0.0,2,-1,245.0,260.0,0.0,21.105639958823584,1,Int64[]
143,transit stop,0.0,0.0,245.0,245.0,0.0,245.0,0.0,1,-1,245.0,260.0,0.0,28.078612153809036,1,Int64[]
143,transit stop,0.0,0.0,245.0,245.0,0.0,245.0,0.0,0,-1,245.0,260.0,0.0,34.61194639502687,1,Int64[]
145,depot,0.0,0.0,245.0,245.0,0.0,245.0,0.0,0,0,0.0,1257.6110045646124,0.0,0.0,1,Int64[]
