node,type_node,x,y,t_arr,t_begin_service,t_wait,t_departure,ride_time,num_passenger,qi,ei,li,service_or_chg_time,Li,lyr,cus_set
24,depot,0.0,0.0,0.0,0.0,0.0,0.0,0.0,0,0,0.0,1258.5386218801111,0.0,0.0,1,Int64[]
20,bus stop,2.60703,1.28037,3.4993628513645496,239.25095572295317,0.0,239.75095572295317,5.249044277046835,7,7,239.25095572295317,256.00063714863546,0.5,5.249044277046824,1,"[36, 60, 64, 86, 120, 142, 150]"
16,bus stop,1.20703,1.28037,241.43770271090497,242.37997377644487,0.0,242.87997377644487,2.1200262235551293,22,15,241.3199606646673,257.37997377644484,0.5,3.1800393353327117,1,"[27, 39, 43, 50, 72, 78, 99, 113, 118, 138, 139, 155, 167, 171, 174]"
22,transit stop,0.0,0.0,245.0,245.0,0.0,245.0,0.0,7,-15,245.0,260.0,0.0,3.1800393353327117,1,Int64[]
22,transit stop,0.0,0.0,245.0,245.0,0.0,245.0,0.0,0,-7,245.0,260.0,0.0,5.249044277046824,1,Int64[]
24,depot,0.0,0.0,245.0,245.0,0.0,245.0,0.0,0,0,0.0,1258.5386218801111,0.0,0.0,1,Int64[]
