node,type_node,x,y,t_arr,t_begin_service,t_wait,t_departure,ride_time,num_passenger,qi,ei,li,service_or_chg_time,Li,lyr,cus_set
246,depot,0.0,0.0,0.0,0.0,0.0,0.0,0.0,0,0,0.0,1258.2371672226416,0.0,0.0,1,Int64[]
58,bus stop,-2.26133,-2.52702,4.085642086320335,238.3715368705195,0.0,238.8715368705195,6.128463129480508,1,1,238.3715368705195,255.41435791367965,0.5,6.128463129480503,1,[251]
59,bus stop,-2.26133,-1.72702,239.83539229220625,239.83539229220625,0.0,240.33539229220625,4.664607707793749,2,1,239.357739332904,256.071826221936,0.5,5.142260667096001,1,[370]
51,bus stop,-2.46133,-1.32702,240.87420385304958,241.1309996690083,0.0,241.6309996690083,3.369000330991696,3,1,239.44649950351248,256.1309996690083,0.5,5.05350049648753,1,[358]
244,transit stop,0.0,0.0,245.0,245.0,0.0,245.0,0.0,2,-1,245.0,260.0,0.0,5.05350049648753,1,Int64[]
244,transit stop,0.0,0.0,245.0,245.0,0.0,245.0,0.0,1,-1,245.0,260.0,0.0,5.142260667096001,1,Int64[]
244,transit stop,0.0,0.0,245.0,245.0,0.0,245.0,0.0,0,-1,245.0,260.0,0.0,6.128463129480503,1,Int64[]
246,depot,0.0,0.0,245.0,245.0,0.0,245.0,0.0,0,0,0.0,1258.2371672226416,0.0,0.0,1,Int64[]
