node,type_node,x,y,t_arr,t_begin_service,t_wait,t_departure,ride_time,num_passenger,qi,ei,li,service_or_chg_time,Li,lyr,cus_set
161,depot,0.0,0.0,0.0,0.0,0.0,0.0,0.0,0,0,0.0,1258.583194845799,0.0,0.0,1,Int64[]
25,bus stop,-15.63217,0.13794,18.834672996475497,216.24799050528677,0.0,216.74799050528677,28.252009494713235,1,1,216.24799050528677,240.6653270035245,0.5,28.252009494713246,1,[258]
37,bus stop,-12.83217,-2.66206,221.5188314385936,221.5188314385936,0.0,222.0188314385936,22.981168561406406,2,1,220.8155669083861,243.71037793892407,0.5,23.68443309161389,1,[184]
43,bus stop,-11.43217,-1.26206,224.404251905247,230.6426242157183,0.0,231.1426242157183,13.857375784281686,4,2,223.71393632357749,245.6426242157183,0.5,20.786063676422522,1,"[165, 236]"
159,transit stop,0.0,0.0,245.0,245.0,0.0,245.0,0.0,2,-2,245.0,260.0,0.0,20.786063676422522,1,Int64[]
159,transit stop,0.0,0.0,245.0,245.0,0.0,245.0,0.0,1,-1,245.0,260.0,0.0,28.252009494713246,1,Int64[]
159,transit stop,0.0,0.0,245.0,245.0,0.0,245.0,0.0,0,-1,245.0,260.0,0.0,23.68443309161389,1,Int64[]
161,depot,0.0,0.0,245.0,245.0,0.0,245.0,0.0,0,0,0.0,1258.583194845799,0.0,0.0,1,Int64[]
