node,type_node,x,y,t_arr,t_begin_service,t_wait,t_departure,ride_time,num_passenger,qi,ei,li,service_or_chg_time,Li,lyr,cus_set
139,depot,0.0,0.0,0.0,0.0,0.0,0.0,0.0,0,0,0.0,1257.7047359964197,0.0,0.0,1,Int64[]
93,bus stop,6.85927,-12.57048,17.253186727732704,218.62021990840094,0.0,219.12021990840094,25.87978009159906,2,2,218.62021990840094,242.2468132722673,0.5,25.879780091599056,1,"[144, 229]"
120,bus stop,11.05927,-9.77048,225.20187266219563,225.20187266219563,0.0,225.70187266219563,19.298127337804374,3,1,217.8306810472569,241.7204540315046,0.5,26.669318952743108,1,[141]
97,bus stop,6.85927,-4.17048,234.13560760195466,234.82818327048506,0.0,235.32818327048506,9.671816729514944,5,2,229.99227490572758,249.82818327048506,0.5,14.507725094272406,1,"[153, 159]"
137,transit stop,0.0,0.0,245.0,245.0,0.0,245.0,0.0,3,-2,245.0,260.0,0.0,14.507725094272406,1,Int64[]
137,transit stop,0.0,0.0,245.0,245.0,0.0,245.0,0.0,2,-1,245.0,260.0,0.0,26.669318952743108,1,Int64[]
137,transit stop,0.0,0.0,245.0,245.0,0.0,245.0,0.0,0,-2,245.0,260.0,0.0,25.879780091599056,1,Int64[]
139,depot,0.0,0.0,245.0,245.0,0.0,245.0,0.0,0,0,0.0,1257.7047359964197,0.0,0.0,1,Int64[]
