node,type_node,x,y,t_arr,t_begin_service,t_wait,t_departure,ride_time,num_passenger,qi,ei,li,service_or_chg_time,Li,lyr,cus_set
222,depot,0.0,0.0,0.0,0.0,0.0,0.0,0.0,0,0,0.0,1258.2375959885571,0.0,0.0,1,Int64[]
36,bus stop,-1.95976,2.06072,3.4262709356258036,239.3605935965613,0.0,239.8605935965613,5.139406403438699,1,1,239.3605935965613,256.0737290643742,0.5,5.139406403438706,1,[328]
34,bus stop,-1.95976,1.66072,240.34252130740467,240.34252130740467,0.0,240.84252130740467,4.157478692595333,3,2,239.85761965091618,256.40507976727747,0.5,4.642380349083818,1,"[292, 306]"
24,bus stop,-2.15976,1.66072,241.08348516282635,241.21754640025335,0.0,241.71754640025335,3.2824535997466455,4,1,239.57631960038003,256.21754640025335,0.5,4.923680399619981,1,[274]
220,transit stop,0.0,0.0,245.0,245.0,0.0,245.0,0.0,3,-1,245.0,260.0,0.0,4.923680399619981,1,Int64[]
220,transit stop,0.0,0.0,245.0,245.0,0.0,245.0,0.0,2,-1,245.0,260.0,0.0,5.139406403438706,1,Int64[]
220,transit stop,0.0,0.0,245.0,245.0,0.0,245.0,0.0,0,-2,245.0,260.0,0.0,4.642380349083818,1,Int64[]
222,depot,0.0,0.0,245.0,245.0,0.0,245.0,0.0,0,0,0.0,1258.2375959885571,0.0,0.0,1,Int64[]
