node,type_node,x,y,t_arr,t_begin_service,t_wait,t_departure,ride_time,num_passenger,qi,ei,li,service_or_chg_time,Li,lyr,cus_set
254,depot,0.0,0.0,0.0,0.0,0.0,0.0,0.0,0,0,0.0,1258.2300865461273,0.0,0.0,1,Int64[]
127,bus stop,-0.93465,-6.69611,8.145813315736461,232.2812800263953,0.0,232.7812800263953,12.218719973604692,1,1,232.2812800263953,251.35418668426354,0.5,12.218719973604692,1,[338]
136,bus stop,-0.53465,-6.69611,233.26320773723867,233.26320773723867,0.0,233.76320773723867,11.236792262761327,2,1,232.3600832210915,251.40672214739433,0.5,12.139916778908505,1,[331]
145,bus stop,0.66535,-6.69611,235.2089908697688,236.3926691386643,0.0,236.8926691386643,8.107330861335697,3,1,232.33900370799645,251.3926691386643,0.5,12.160996292003546,1,[295]
252,transit stop,0.0,0.0,245.0,245.0,0.0,245.0,0.0,2,-1,245.0,260.0,0.0,12.160996292003546,1,Int64[]
252,transit stop,0.0,0.0,245.0,245.0,0.0,245.0,0.0,1,-1,245.0,260.0,0.0,12.218719973604692,1,Int64[]
252,transit stop,0.0,0.0,245.0,245.0,0.0,245.0,0.0,0,-1,245.0,260.0,0.0,12.139916778908505,1,Int64[]
254,depot,0.0,0.0,245.0,245.0,0.0,245.0,0.0,0,0,0.0,1258.2300865461273,0.0,0.0,1,Int64[]
