node,type_node,x,y,t_arr,t_begin_service,t_wait,t_departure,ride_time,num_passenger,qi,ei,li,service_or_chg_time,Li,lyr,cus_set
60,depot,-1.05346,-2.30394,0.0,0.0,0.0,0.0,0.0,0,0,0.0,1256.2100946585285,0.0,0.0,1,Int64[]
44,bus stop,5.25882,-16.9671,19.233879993898356,212.3975059641721,0.0,212.8975059641721,32.1024940358279,1,1,212.3975059641721,238.09833730944806,0.5,32.1024940358279,1,[70]
48,bus stop,8.05882,-15.5671,216.66918689007537,223.38026440667386,0.0,223.88026440667386,21.11973559332614,2,1,212.82039661001076,238.38026440667386,0.5,31.679603389989232,1,[62]
58,transit stop,0.0,0.0,245.0,245.0,0.0,245.0,0.0,1,-1,245.0,260.0,0.0,31.679603389989232,1,Int64[]
58,transit stop,0.0,0.0,245.0,245.0,0.0,245.0,0.0,0,-1,245.0,260.0,0.0,32.1024940358279,1,Int64[]
60,depot,-1.05346,-2.30394,248.05224205902442,248.05224205902442,0.0,248.05224205902442,0.0,0,0,0.0,1256.2100946585285,0.0,0.0,1,Int64[]
