node,type_node,x,y,t_arr,t_begin_service,t_wait,t_departure,ride_time,num_passenger,qi,ei,li,service_or_chg_time,Li,lyr,cus_set
309,depot,0.0,0.0,0.0,0.0,0.0,0.0,0.0,0,0,0.0,1258.1786084088396,0.0,0.0,1,Int64[]
66,bus stop,-10.14188,-7.07259,14.89690994906758,222.15463507639862,0.0,222.65463507639862,22.34536492360138,2,2,222.15463507639862,244.60309005093242,0.5,22.34536492360137,1,"[495, 506]"
90,bus stop,-5.94188,-8.47259,227.98859739475492,230.72906304016772,0.0,231.22906304016772,13.770936959832284,3,1,225.79795557141634,247.03197038094424,0.5,18.70204442858365,1,[371]
91,bus stop,-5.94188,-5.67259,234.60255701607133,234.60255701607133,0.0,235.10255701607133,12.637908629341467,4,1,229.65383552410697,249.60255701607133,0.5,14.84616447589302,1,[352]
307,transit stop,0.0,0.0,245.0,245.0,0.0,245.0,0.0,3,-1,245.0,260.0,0.0,18.70204442858365,1,Int64[]
307,transit stop,0.0,0.0,245.0,245.0,0.0,245.0,0.0,1,-2,245.0,260.0,0.0,22.34536492360137,1,Int64[]
307,transit stop,0.0,0.0,245.0,245.0,0.0,245.0,0.0,0,-1,245.0,260.0,0.0,14.84616447589302,1,Int64[]
309,depot,0.0,0.0,245.0,245.0,0.0,245.0,0.0,0,0,0.0,1258.1786084088396,0.0,0.0,1,Int64[]
