node,type_node,x,y,t_arr,t_begin_service,t_wait,t_departure,ride_time,num_passenger,qi,ei,li,service_or_chg_time,Li,lyr,cus_set
24,depot,0.0,0.0,0.0,0.0,0.0,0.0,0.0,0,0,0.0,1258.5097036425177,0.0,0.0,1,Int64[]
11,bus stop,-0.17303,1.24322,1.512293144513544,242.98770685548646,0.0,243.48770685548646,1.512293144513535,7,7,242.2315602832297,257.98770685548646,0.5,2.268439716770316,1,"[42, 120, 125, 140, 174, 212, 255]"
22,transit stop,0.0,0.0,245.0,245.0,0.0,245.0,0.0,0,-7,245.0,260.0,0.0,2.268439716770316,1,Int64[]
24,depot,0.0,0.0,245.0,245.0,0.0,245.0,0.0,0,0,0.0,1258.5097036425177,0.0,0.0,1,Int64[]
