node,type_node,x,y,t_arr,t_begin_service,t_wait,t_departure,ride_time,num_passenger,qi,ei,li,service_or_chg_time,Li,lyr,cus_set
39,depot,0.0,0.0,0.0,0.0,0.0,0.0,0.0,0,0,0.0,1258.497718754822,0.0,0.0,1,Int64[]
5,bus stop,-3.48684,1.04067,4.384126481833016,237.92381027725048,0.0,238.42381027725048,6.576189722749518,2,2,237.92381027725048,255.11587351816698,0.5,6.5761897227495245,1,"[54, 84]"
11,bus stop,-2.08684,1.04067,240.1105572652023,241.69044637481375,0.0,242.19044637481375,2.809553625186254,4,2,240.28566956222062,256.69044637481375,0.5,4.214330437779379,1,"[58, 85]"
37,transit stop,0.0,0.0,245.0,245.0,0.0,245.0,0.0,2,-2,245.0,260.0,0.0,4.214330437779379,1,Int64[]
37,transit stop,0.0,0.0,245.0,245.0,0.0,245.0,0.0,0,-2,245.0,260.0,0.0,6.5761897227495245,1,Int64[]
39,depot,0.0,0.0,245.0,245.0,0.0,245.0,0.0,0,0,0.0,1258.497718754822,0.0,0.0,1,Int64[]
