node,type_node,x,y,t_arr,t_begin_service,t_wait,t_departure,ride_time,num_passenger,qi,ei,li,service_or_chg_time,Li,lyr,cus_set
92,depot,-1.38058,2.04004,0.0,0.0,0.0,0.0,0.0,0,0,0.0,1251.4520874212778,0.0,0.0,1,Int64[]
87,bus stop,33.82391,-15.82962,47.5664247363029,177.0094055753973,0.0,177.5094055753973,67.4905944246027,1,1,177.0094055753973,214.50627038359818,0.5,67.49059442460272,1,[110]
57,bus stop,4.42391,-15.82962,212.93109232238524,214.7960692550145,0.0,215.2960692550145,29.703930744985513,2,1,214.7960692550145,239.69737950334297,0.5,29.70393074498552,1,[137]
47,bus stop,0.22391,-15.82962,220.3563102188699,225.42626081391788,0.0,225.92626081391788,19.073739186082122,3,1,215.8893912208768,240.42626081391788,0.5,28.610608779123194,1,[122]
90,transit stop,0.0,0.0,245.0,245.0,0.0,245.0,0.0,2,-1,245.0,260.0,0.0,28.610608779123194,1,Int64[]
90,transit stop,0.0,0.0,245.0,245.0,0.0,245.0,0.0,1,-1,245.0,260.0,0.0,29.70393074498552,1,Int64[]
90,transit stop,0.0,0.0,245.0,245.0,0.0,245.0,0.0,0,-1,245.0,260.0,0.0,67.49059442460272,1,Int64[]
92,depot,-1.38058,2.04004,247.96781113681843,247.96781113681843,0.0,247.96781113681843,0.0,0,0,0.0,1251.4520874212778,0.0,0.0,1,Int64[]
