node,type_node,x,y,t_arr,t_begin_service,t_wait,t_departure,ride_time,num_passenger,qi,ei,li,service_or_chg_time,Li,lyr,cus_set
37,depot,0.0,0.0,0.0,0.0,0.0,0.0,0.0,0,0,0.0,1256.1698888349483,0.0,0.0,1,Int64[]
6,bus stop,-9.4664,8.23856,15.11971868824903,221.82042196762646,0.0,222.32042196762646,22.67957803237354,1,1,221.82042196762646,244.38028131175096,0.5,22.679578032373545,1,[45]
12,bus stop,-4.4664,5.83856,229.00255431647562,231.2150220321037,0.0,231.7150220321037,13.28497796789631,2,1,231.2150220321037,250.64334802140246,0.5,13.284977967896305,1,[42]
20,bus stop,-3.0664,0.83856,237.97080756740354,240.66988883494844,0.0,241.16988883494844,3.8301111650515622,3,1,238.75483325242266,255.66988883494844,0.5,5.745166747577343,1,[52]
35,transit stop,0.0,0.0,245.0,245.0,0.0,245.0,0.0,2,-1,245.0,260.0,0.0,5.745166747577343,1,Int64[]
35,transit stop,0.0,0.0,245.0,245.0,0.0,245.0,0.0,1,-1,245.0,260.0,0.0,22.679578032373545,1,Int64[]
35,transit stop,0.0,0.0,245.0,245.0,0.0,245.0,0.0,0,-1,245.0,260.0,0.0,13.284977967896305,1,Int64[]
37,depot,0.0,0.0,245.0,245.0,0.0,245.0,0.0,0,0,0.0,1256.1698888349483,0.0,0.0,1,Int64[]
