node,type_node,x,y,t_arr,t_begin_service,t_wait,t_departure,ride_time,num_passenger,qi,ei,li,service_or_chg_time,Li,lyr,cus_set
225,depot,0.0,0.0,0.0,0.0,0.0,0.0,0.0,0,0,0.0,1257.706226641491,0.0,0.0,1,Int64[]
136,bus stop,7.32815,-11.02656,15.951316187256175,220.57302571911575,0.0,221.07302571911575,23.926974280884252,1,1,220.57302571911575,243.54868381274383,0.5,23.926974280884263,1,[301]
135,bus stop,7.32815,-12.42656,222.75977270706755,222.75977270706755,0.0,223.25977270706755,21.740227292932445,2,1,218.42818281844293,242.11878854562863,0.5,26.071817181557062,1,[319]
127,bus stop,5.92815,-9.62656,227.03145363297082,230.87895351579527,0.0,231.37895351579527,13.621046484204726,4,2,224.0684302736929,245.87895351579527,0.5,20.431569726307075,1,"[229, 341]"
223,transit stop,0.0,0.0,245.0,245.0,0.0,245.0,0.0,2,-2,245.0,260.0,0.0,20.431569726307075,1,Int64[]
223,transit stop,0.0,0.0,245.0,245.0,0.0,245.0,0.0,1,-1,245.0,260.0,0.0,23.926974280884263,1,Int64[]
223,transit stop,0.0,0.0,245.0,245.0,0.0,245.0,0.0,0,-1,245.0,260.0,0.0,26.071817181557062,1,Int64[]
225,depot,0.0,0.0,245.0,245.0,0.0,245.0,0.0,0,0,0.0,1257.706226641491,0.0,0.0,1,Int64[]
