node,type_node,x,y,t_arr,t_begin_service,t_wait,t_departure,ride_time,num_passenger,qi,ei,li,service_or_chg_time,Li,lyr,cus_set
35,depot,0.0,0.0,0.0,0.0,0.0,0.0,0.0,0,0,0.0,1257.9848137792185,0.0,0.0,1,Int64[]
29,bus stop,1.59155,-1.29785,2.4742676343935868,240.78859854840962,0.0,241.28859854840962,3.711401451590376,1,1,240.78859854840962,257.0257323656064,0.5,3.71140145159038,1,[41]
27,bus stop,1.39155,-1.09785,241.6293729007887,242.36448169843575,0.0,242.86448169843575,2.1355183015642467,2,1,241.29672254765362,257.3644816984357,0.5,3.203277452346378,1,[42]
33,transit stop,0.0,0.0,245.0,245.0,0.0,245.0,0.0,1,-1,245.0,260.0,0.0,3.203277452346378,1,Int64[]
33,transit stop,0.0,0.0,245.0,245.0,0.0,245.0,0.0,0,-1,245.0,260.0,0.0,3.71140145159038,1,Int64[]
35,depot,0.0,0.0,245.0,245.0,0.0,245.0,0.0,0,0,0.0,1257.9848137792185,0.0,0.0,1,Int64[]
