node,type_node,x,y,t_arr,t_begin_service,t_wait,t_departure,ride_time,num_passenger,qi,ei,li,service_or_chg_time,Li,lyr,cus_set
25,depot,0.0,0.0,0.0,0.0,0.0,0.0,0.0,0,0,0.0,1257.6967338495854,0.0,0.0,1,Int64[]
3,bus stop,-3.16394,-2.13699,4.60001871027202,237.59997193459196,0.0,238.09997193459196,6.900028065408037,1,1,237.59997193459196,254.89998128972798,0.5,6.90002806540803,1,[35]
8,bus stop,-1.76394,-0.73699,240.48539240124538,242.19673384958537,0.0,242.69673384958537,2.303266150414629,2,1,241.04510077437806,257.19673384958537,0.5,3.4548992256219395,1,[26]
23,transit stop,0.0,0.0,245.0,245.0,0.0,245.0,0.0,1,-1,245.0,260.0,0.0,3.4548992256219395,1,Int64[]
23,transit stop,0.0,0.0,245.0,245.0,0.0,245.0,0.0,0,-1,245.0,260.0,0.0,6.90002806540803,1,Int64[]
25,depot,0.0,0.0,245.0,245.0,0.0,245.0,0.0,0,0,0.0,1257.6967338495854,0.0,0.0,1,Int64[]
