node,type_node,x,y,t_arr,t_begin_service,t_wait,t_departure,ride_time,num_passenger,qi,ei,li,service_or_chg_time,Li,lyr,cus_set
33,depot,0.0,0.0,0.0,0.0,0.0,0.0,0.0,0,0,0.0,1256.5475304952706,0.0,0.0,1,Int64[]
30,bus stop,7.77206,-4.40681,10.764430913145054,228.3533536302824,0.0,228.8533536302824,16.146646369717587,1,1,228.3533536302824,248.73556908685495,0.5,16.14664636971758,1,[43]
26,bus stop,5.97206,-3.20681,231.45977623905156,232.24955632263706,0.0,232.74955632263706,12.250443677362938,2,1,232.24955632263706,251.33303754842473,0.5,12.250443677362925,1,[48]
23,bus stop,3.97206,-1.80681,235.69089502522348,239.24253766773296,0.0,239.74253766773296,5.257462332267039,3,1,236.61380650159944,254.24253766773296,0.5,7.886193498400571,1,[45]
31,transit stop,0.0,0.0,245.0,245.0,0.0,245.0,0.0,2,-1,245.0,260.0,0.0,7.886193498400571,1,Int64[]
31,transit stop,0.0,0.0,245.0,245.0,0.0,245.0,0.0,1,-1,245.0,260.0,0.0,16.14664636971758,1,Int64[]
31,transit stop,0.0,0.0,245.0,245.0,0.0,245.0,0.0,0,-1,245.0,260.0,0.0,12.250443677362925,1,Int64[]
33,depot,0.0,0.0,245.0,245.0,0.0,245.0,0.0,0,0,0.0,1256.5475304952706,0.0,0.0,1,Int64[]
