node,type_node,x,y,t_arr,t_begin_service,t_wait,t_departure,ride_time,num_passenger,qi,ei,li,service_or_chg_time,Li,lyr,cus_set
24,depot,0.0,0.0,0.0,0.0,0.0,0.0,0.0,0,0,0.0,1258.5064145196313,0.0,0.0,1,Int64[]
18,bus stop,2.63193,-1.57177,3.6934179464107397,238.9598730803839,0.0,239.4598730803839,5.540126919616114,8,8,238.9598730803839,255.80658205358924,0.5,5.540126919616109,1,"[33, 34, 112, 121, 125, 174, 194, 217]"
19,bus stop,2.63193,-0.17177,241.1466200683357,241.322253935489,0.0,241.822253935489,3.1777460645110125,18,10,239.73338090323347,256.32225393548896,0.5,4.766619096766539,1,"[36, 92, 133, 181, 182, 215, 222, 237, 252, 272]"
22,transit stop,0.0,0.0,245.0,245.0,0.0,245.0,0.0,8,-10,245.0,260.0,0.0,4.766619096766539,1,Int64[]
22,transit stop,0.0,0.0,245.0,245.0,0.0,245.0,0.0,0,-8,245.0,260.0,0.0,5.540126919616109,1,Int64[]
24,depot,0.0,0.0,245.0,245.0,0.0,245.0,0.0,0,0,0.0,1258.5064145196313,0.0,0.0,1,Int64[]
