node,type_node,x,y,t_arr,t_begin_service,t_wait,t_departure,ride_time,num_passenger,qi,ei,li,service_or_chg_time,Li,lyr,cus_set
230,depot,0.0,0.0,0.0,0.0,0.0,0.0,0.0,0,0,0.0,1256.12870968382,0.0,0.0,1,Int64[]
138,bus stop,8.52287,2.77063,10.797473376503476,228.3037899352448,0.0,228.8037899352448,16.196210064755206,1,1,228.3037899352448,248.7025266234965,0.5,16.196210064755213,1,[350]
133,bus stop,5.72287,5.57063,233.57463086855162,233.57463086855162,0.0,234.07463086855162,10.925369131448377,2,1,230.0666819671183,249.87778797807889,0.5,14.43331803288168,1,[295]
126,bus stop,4.32287,2.77063,237.8463117944549,238.31379612738093,0.0,238.81379612738093,6.186203872619075,4,2,235.2206941910714,253.31379612738093,0.5,9.279305808928608,1,"[264, 272]"
228,transit stop,0.0,0.0,245.0,245.0,0.0,245.0,0.0,2,-2,245.0,260.0,0.0,9.279305808928608,1,Int64[]
228,transit stop,0.0,0.0,245.0,245.0,0.0,245.0,0.0,1,-1,245.0,260.0,0.0,14.43331803288168,1,Int64[]
228,transit stop,0.0,0.0,245.0,245.0,0.0,245.0,0.0,0,-1,245.0,260.0,0.0,16.196210064755213,1,Int64[]
230,depot,0.0,0.0,245.0,245.0,0.0,245.0,0.0,0,0,0.0,1256.12870968382,0.0,0.0,1,Int64[]
