node,type_node,x,y,t_arr,t_begin_service,t_wait,t_departure,ride_time,num_passenger,qi,ei,li,service_or_chg_time,Li,lyr,cus_set
24,depot,0.0,0.0,0.0,0.0,0.0,0.0,0.0,0,0,0.0,1258.5268456407596,0.0,0.0,1,Int64[]
20,bus stop,2.60938,1.21989,3.4704223965590324,239.29436640516144,0.0,239.79436640516144,5.2056335948385595,29,29,239.29436640516144,256.02957760344094,0.5,5.205633594838549,1,"[27, 43, 57, 123, 147, 155, 163, 176, 180, 195, 207, 213, 220, 222, 237, 273, 274, 292, 304, 306, 308, 330, 343, 376, 419, 469, 491, 509, 514]"
15,bus stop,1.20938,-0.18011,242.17978687181485,243.02684564075963,0.0,243.52684564075963,1.4731543592403682,42,13,242.29026846113942,258.02684564075963,0.5,2.209731538860569,1,"[38, 39, 65, 121, 140, 154, 234, 256, 261, 355, 401, 429, 485]"
22,transit stop,0.0,0.0,245.0,245.0,0.0,245.0,0.0,29,-13,245.0,260.0,0.0,2.209731538860569,1,Int64[]
22,transit stop,0.0,0.0,245.0,245.0,0.0,245.0,0.0,0,-29,245.0,260.0,0.0,5.205633594838549,1,Int64[]
24,depot,0.0,0.0,245.0,245.0,0.0,245.0,0.0,0,0,0.0,1258.5268456407596,0.0,0.0,1,Int64[]
