node,type_node,x,y,t_arr,t_begin_service,t_wait,t_departure,ride_time,num_passenger,qi,ei,li,service_or_chg_time,Li,lyr,cus_set
24,depot,0.0,0.0,0.0,0.0,0.0,0.0,0.0,0,0,0.0,1258.5268456407596,0.0,0.0,1,Int64[]
10,bus stop,-0.19062,-1.58011,1.917549876070321,242.58245012392968,0.0,243.08245012392968,1.917549876070325,23,23,241.6236751858945,257.5824501239297,0.5,2.876324814105481,1,"[35, 42, 50, 82, 88, 120, 170, 174, 175, 179, 193, 280, 286, 319, 324, 337, 359, 361, 397, 441, 499, 500, 521]"
22,transit stop,0.0,0.0,245.0,245.0,0.0,245.0,0.0,0,-23,245.0,260.0,0.0,2.876324814105481,1,Int64[]
24,depot,0.0,0.0,245.0,245.0,0.0,245.0,0.0,0,0,0.0,1258.5268456407596,0.0,0.0,1,Int64[]
