node,type_node,x,y,t_arr,t_begin_service,t_wait,t_departure,ride_time,num_passenger,qi,ei,li,service_or_chg_time,Li,lyr,cus_set
24,depot,0.0,0.0,0.0,0.0,0.0,0.0,0.0,0,0,0.0,1258.5268456407596,0.0,0.0,1,Int64[]
3,bus stop,-2.99062,1.21989,3.8913871413324688,238.6629192880013,0.0,239.1629192880013,5.837080711998709,14,14,238.6629192880013,255.60861285866753,0.5,5.837080711998703,1,"[32, 61, 87, 116, 185, 230, 300, 320, 366, 451, 455, 463, 483, 501]"
6,bus stop,-1.59062,-0.18011,241.5483397546547,242.57134375723834,0.0,243.07134375723834,1.9286562427616616,48,34,241.60701563585752,257.57134375723837,0.5,2.8929843641424826,1,"[53, 74, 85, 89, 95, 102, 128, 146, 149, 153, 162, 178, 192, 223, 225, 231, 236, 258, 271, 305, 311, 315, 325, 338, 339, 352, 357, 372, 392, 400, 423, 432, 480, 481]"
22,transit stop,0.0,0.0,245.0,245.0,0.0,245.0,0.0,14,-34,245.0,260.0,0.0,2.8929843641424826,1,Int64[]
22,transit stop,0.0,0.0,245.0,245.0,0.0,245.0,0.0,0,-14,245.0,260.0,0.0,5.837080711998703,1,Int64[]
24,depot,0.0,0.0,245.0,245.0,0.0,245.0,0.0,0,0,0.0,1258.5268456407596,0.0,0.0,1,Int64[]
