node,type_node,x,y,t_arr,t_begin_service,t_wait,t_departure,ride_time,num_passenger,qi,ei,li,service_or_chg_time,Li,lyr,cus_set
107,depot,0.0,0.0,0.0,0.0,0.0,0.0,0.0,0,0,0.0,1258.2476554979448,0.0,0.0,1,Int64[]
88,bus stop,5.81222,7.03888,10.998075352731654,228.00288697090252,0.0,228.50288697090252,16.497113029097477,1,1,228.00288697090252,248.50192464726834,0.5,16.49711302909748,1,[185]
74,bus stop,3.01222,5.63888,232.2745678968058,232.94638724073218,0.0,233.44638724073218,11.553612759267821,3,2,232.94638724073218,251.79759149382144,0.5,11.553612759267825,1,"[164, 175]"
50,bus stop,0.21222,1.43888,239.52803999452686,242.74765549794483,0.0,243.24765549794483,1.7523445020551662,4,1,241.87148324691725,257.74765549794483,0.5,2.6285167530827636,1,[116]
105,transit stop,0.0,0.0,245.0,245.0,0.0,245.0,0.0,3,-1,245.0,260.0,0.0,2.6285167530827636,1,Int64[]
105,transit stop,0.0,0.0,245.0,245.0,0.0,245.0,0.0,1,-2,245.0,260.0,0.0,11.553612759267825,1,Int64[]
105,transit stop,0.0,0.0,245.0,245.0,0.0,245.0,0.0,0,-1,245.0,260.0,0.0,16.49711302909748,1,Int64[]
107,depot,0.0,0.0,245.0,245.0,0.0,245.0,0.0,0,0,0.0,1258.2476554979448,0.0,0.0,1,Int64[]
