node,type_node,x,y,t_arr,t_begin_service,t_wait,t_departure,ride_time,num_passenger,qi,ei,li,service_or_chg_time,Li,lyr,cus_set
259,depot,0.0,0.0,0.0,0.0,0.0,0.0,0.0,0,0,0.0,1138.6281782543904,0.0,0.0,1,Int64[]
136,bus stop,-10.66327,-3.45757,13.505810075247194,104.24128488712921,0.0,104.74128488712921,20.25871511287079,1,1,104.24128488712921,125.9941899247528,0.5,20.25871511287079,2,[351]
130,bus stop,-12.06327,-4.85757,107.12670535378263,108.83186058187015,0.0,109.33186058187015,15.668139418129854,2,1,100.99779087280523,123.83186058187015,0.5,23.502209127194774,2,[317]
255,transit stop,0.0,0.0,125.0,125.0,0.0,125.0,0.0,1,-1,125.0,140.0,0.0,23.502209127194774,2,Int64[]
255,transit stop,0.0,0.0,125.0,125.0,0.0,125.0,0.0,0,-1,125.0,140.0,0.0,20.25871511287079,2,Int64[]
259,depot,0.0,0.0,125.0,125.0,0.0,125.0,0.0,0,0,0.0,1138.6281782543904,0.0,0.0,1,Int64[]
