node,type_node,x,y,t_arr,t_begin_service,t_wait,t_departure,ride_time,num_passenger,qi,ei,li,service_or_chg_time,Li,lyr,cus_set
630,depot,0.0,0.0,0.0,0.0,0.0,0.0,0.0,0,0,0.0,1257.924621082435,0.0,0.0,1,Int64[]
361,bus stop,3.9109,-11.53789,14.677945140263061,222.48308228960542,0.0,222.98308228960542,22.01691771039458,1,1,222.48308228960542,244.82205485973694,0.5,22.01691771039459,1,[830]
376,bus stop,5.3109,-12.93789,225.36850275625883,227.64998077992803,0.0,228.14998077992803,16.85001922007197,2,1,219.22497116989203,242.64998077992803,0.5,25.275028830107964,1,[1116]
628,transit stop,0.0,0.0,245.0,245.0,0.0,245.0,0.0,1,-1,245.0,260.0,0.0,25.275028830107964,1,Int64[]
628,transit stop,0.0,0.0,245.0,245.0,0.0,245.0,0.0,0,-1,245.0,260.0,0.0,22.01691771039459,1,Int64[]
630,depot,0.0,0.0,245.0,245.0,0.0,245.0,0.0,0,0,0.0,1257.924621082435,0.0,0.0,1,Int64[]
