node,type_node,x,y,t_arr,t_begin_service,t_wait,t_departure,ride_time,num_passenger,qi,ei,li,service_or_chg_time,Li,lyr,cus_set
27,depot,0.0,0.0,0.0,0.0,0.0,0.0,0.0,0,0,0.0,1257.6967338495854,0.0,0.0,1,Int64[]
1,bus stop,-4.56394,-2.13699,6.0716525990335,235.39252110144974,0.0,235.89252110144974,9.107478898550255,1,1,235.39252110144974,253.4283474009665,0.5,9.107478898550252,1,[46]
4,bus stop,-3.16394,-2.13699,237.57926808940155,237.59997193459196,0.0,238.09997193459196,6.900028065408037,3,2,237.59997193459196,254.89998128972798,0.5,6.90002806540803,1,"[33, 45]"
11,bus stop,-1.76394,-0.73699,240.48539240124538,242.19673384958537,0.0,242.69673384958537,2.303266150414629,4,1,241.04510077437806,257.19673384958537,0.5,3.4548992256219395,1,[28]
25,transit stop,0.0,0.0,245.0,245.0,0.0,245.0,0.0,3,-1,245.0,260.0,0.0,3.4548992256219395,1,Int64[]
25,transit stop,0.0,0.0,245.0,245.0,0.0,245.0,0.0,1,-2,245.0,260.0,0.0,6.90002806540803,1,Int64[]
25,transit stop,0.0,0.0,245.0,245.0,0.0,245.0,0.0,0,-1,245.0,260.0,0.0,9.107478898550252,1,Int64[]
27,depot,0.0,0.0,245.0,245.0,0.0,245.0,0.0,0,0,0.0,1257.6967338495854,0.0,0.0,1,Int64[]
