node,type_node,x,y,t_arr,t_begin_service,t_wait,t_departure,ride_time,num_passenger,qi,ei,li,service_or_chg_time,Li,lyr,cus_set
117,depot,-0.32082,0.80268,0.0,0.0,0.0,0.0,0.0,0,0,0.0,1256.17849697915,0.0,0.0,1,Int64[]
59,bus stop,2.8476,-16.62364,21.33977842394446,214.01969090035834,0.0,214.51969090035834,30.48030909964166,1,1,214.01969090035834,239.17979393357223,0.5,30.480309099641644,1,[161]
68,bus stop,4.2476,-15.22364,216.90511136701176,216.90511136701176,0.0,217.40511136701176,27.594888632988244,2,1,215.93655856968797,240.4577057131253,0.5,28.563441430312025,1,[167]
83,bus stop,8.4476,-15.22364,222.46535233086718,223.5236444755849,0.0,224.0236444755849,20.976355524415112,4,2,213.03546671337733,238.5236444755849,0.5,31.464533286622654,1,"[119, 153]"
115,transit stop,0.0,0.0,245.0,245.0,0.0,245.0,0.0,2,-2,245.0,260.0,0.0,31.464533286622654,1,Int64[]
115,transit stop,0.0,0.0,245.0,245.0,0.0,245.0,0.0,1,-1,245.0,260.0,0.0,28.563441430312025,1,Int64[]
115,transit stop,0.0,0.0,245.0,245.0,0.0,245.0,0.0,0,-1,245.0,260.0,0.0,30.480309099641644,1,Int64[]
117,depot,-0.32082,0.80268,246.04146898637757,246.04146898637757,0.0,246.04146898637757,0.0,0,0,0.0,1256.17849697915,0.0,0.0,1,Int64[]
