node,type_node,x,y,t_arr,t_begin_service,t_wait,t_departure,ride_time,num_passenger,qi,ei,li,service_or_chg_time,Li,lyr,cus_set
24,depot,0.0,0.0,0.0,0.0,0.0,0.0,0.0,0,0,0.0,1258.5384979924204,0.0,0.0,1,Int64[]
13,bus stop,1.20165,-2.96589,3.8555094520507485,238.7167358219239,0.0,239.2167358219239,5.783264178076109,8,8,238.7167358219239,255.64449054794926,0.5,5.783264178076123,1,"[33, 35, 98, 125, 147, 158, 164, 174]"
14,bus stop,1.20165,-1.56589,240.9034828098757,242.12190092192492,0.0,242.62190092192492,2.3780990780750813,19,11,240.93285138288738,257.1219009219249,0.5,3.567148617112615,1,"[37, 50, 53, 66, 68, 71, 75, 105, 113, 120, 173]"
22,transit stop,0.0,0.0,245.0,245.0,0.0,245.0,0.0,8,-11,245.0,260.0,0.0,3.567148617112615,1,Int64[]
22,transit stop,0.0,0.0,245.0,245.0,0.0,245.0,0.0,0,-8,245.0,260.0,0.0,5.783264178076123,1,Int64[]
24,depot,0.0,0.0,245.0,245.0,0.0,245.0,0.0,0,0,0.0,1258.5384979924204,0.0,0.0,1,Int64[]
