node,type_node,x,y,t_arr,t_begin_service,t_wait,t_departure,ride_time,num_passenger,qi,ei,li,service_or_chg_time,Li,lyr,cus_set
231,depot,0.0,0.0,0.0,0.0,0.0,0.0,0.0,0,0,0.0,1256.12870968382,0.0,0.0,1,Int64[]
29,bus stop,-22.27713,-0.02937,26.839938988656286,204.24009151701557,0.0,204.74009151701557,40.25990848298443,1,1,204.24009151701557,232.6600610113437,0.5,40.25990848298443,1,[364]
19,bus stop,-23.67713,2.77063,208.51177244291884,210.98617288207046,0.0,211.48617288207046,33.51382711792954,2,1,201.41804017610787,230.7786934507386,0.5,43.08195982389213,1,[355]
14,bus stop,-25.07713,4.17063,213.87159334872388,213.87159334872388,0.0,214.37159334872388,30.628406651276123,3,1,198.55739002308582,228.87159334872388,0.5,45.94260997691419,1,[242]
229,transit stop,0.0,0.0,245.0,245.0,0.0,245.0,0.0,2,-1,245.0,260.0,0.0,43.08195982389213,1,Int64[]
229,transit stop,0.0,0.0,245.0,245.0,0.0,245.0,0.0,1,-1,245.0,260.0,0.0,45.94260997691419,1,Int64[]
229,transit stop,0.0,0.0,245.0,245.0,0.0,245.0,0.0,0,-1,245.0,260.0,0.0,40.25990848298443,1,Int64[]
231,depot,0.0,0.0,245.0,245.0,0.0,245.0,0.0,0,0,0.0,1256.12870968382,0.0,0.0,1,Int64[]
