node,type_node,x,y,t_arr,t_begin_service,t_wait,t_departure,ride_time,num_passenger,qi,ei,li,service_or_chg_time,Li,lyr,cus_set
231,depot,0.0,0.0,0.0,0.0,0.0,0.0,0.0,0,0,0.0,1256.12870968382,0.0,0.0,1,Int64[]
95,bus stop,-2.67713,-18.22937,22.198675209621705,211.20198718556745,0.0,211.70198718556745,33.29801281443255,1,1,211.20198718556745,237.3013247903783,0.5,33.29801281443255,1,[378]
120,bus stop,2.92287,-16.82937,218.6566231805852,218.6566231805852,0.0,219.1566231805852,25.8433768194148,2,1,213.63017786922146,238.92011857948097,0.5,30.869822130778555,1,[360]
136,bus stop,5.72287,-9.82937,228.2400336986434,230.79639191721492,0.0,231.29639191721492,13.703608082785081,3,1,223.94458787582238,245.79639191721492,0.5,20.555412124177636,1,[339]
229,transit stop,0.0,0.0,245.0,245.0,0.0,245.0,0.0,2,-1,245.0,260.0,0.0,20.555412124177636,1,Int64[]
229,transit stop,0.0,0.0,245.0,245.0,0.0,245.0,0.0,1,-1,245.0,260.0,0.0,30.869822130778555,1,Int64[]
229,transit stop,0.0,0.0,245.0,245.0,0.0,245.0,0.0,0,-1,245.0,260.0,0.0,33.29801281443255,1,Int64[]
231,depot,0.0,0.0,245.0,245.0,0.0,245.0,0.0,0,0,0.0,1256.12870968382,0.0,0.0,1,Int64[]
