node,type_node,x,y,t_arr,t_begin_service,t_wait,t_departure,ride_time,num_passenger,qi,ei,li,service_or_chg_time,Li,lyr,cus_set
89,depot,0.0,0.0,0.0,0.0,0.0,0.0,0.0,0,0,0.0,1258.068564990414,0.0,0.0,1,Int64[]
12,bus stop,-3.1506,-1.98349,4.485507208407848,237.77173918738822,0.0,238.27173918738822,6.728260812611779,1,1,237.77173918738822,255.01449279159215,0.5,6.728260812611771,1,[116]
29,bus stop,-1.9506,-1.98349,239.71752231991834,239.71752231991834,0.0,240.21752231991834,4.782477680081655,2,1,239.4724356663985,256.1482904442657,0.5,5.027564333601506,1,[123]
37,bus stop,-1.3506,-2.18349,240.9795169368264,241.4066986106408,0.0,241.9066986106408,3.0933013893591976,3,1,239.86004791596122,256.40669861064083,0.5,4.639952084038793,1,[90]
87,transit stop,0.0,0.0,245.0,245.0,0.0,245.0,0.0,2,-1,245.0,260.0,0.0,4.639952084038793,1,Int64[]
87,transit stop,0.0,0.0,245.0,245.0,0.0,245.0,0.0,1,-1,245.0,260.0,0.0,5.027564333601506,1,Int64[]
87,transit stop,0.0,0.0,245.0,245.0,0.0,245.0,0.0,0,-1,245.0,260.0,0.0,6.728260812611771,1,Int64[]
89,depot,0.0,0.0,245.0,245.0,0.0,245.0,0.0,0,0,0.0,1258.068564990414,0.0,0.0,1,Int64[]
