node,type_node,x,y,t_arr,t_begin_service,t_wait,t_departure,ride_time,num_passenger,qi,ei,li,service_or_chg_time,Li,lyr,cus_set
258,depot,0.0,0.0,0.0,0.0,0.0,0.0,0.0,0,0,0.0,1258.459270962247,0.0,0.0,1,Int64[]
50,bus stop,-8.81186,10.38826,16.412310810103783,224.71847496112176,0.0,225.21847496112176,19.781525038878243,2,2,219.88153378484432,243.08768918989622,0.5,24.618466215155674,1,"[462, 498]"
35,bus stop,-10.21186,8.98826,227.60389542777517,227.60389542777517,0.0,228.10389542777517,21.733045748502263,4,2,219.91431924159536,243.10954616106358,0.5,24.585680758404635,1,"[448, 449]"
48,bus stop,-8.81186,7.58826,230.4893158944286,230.4893158944286,0.0,230.9893158944286,14.010684105571414,6,2,223.4839738416429,245.4893158944286,0.5,21.016026158357107,1,"[481, 490]"
256,transit stop,0.0,0.0,245.0,245.0,0.0,245.0,0.0,4,-2,245.0,260.0,0.0,24.618466215155674,1,Int64[]
256,transit stop,0.0,0.0,245.0,245.0,0.0,245.0,0.0,2,-2,245.0,260.0,0.0,21.016026158357107,1,Int64[]
256,transit stop,0.0,0.0,245.0,245.0,0.0,245.0,0.0,0,-2,245.0,260.0,0.0,24.585680758404635,1,Int64[]
258,depot,0.0,0.0,245.0,245.0,0.0,245.0,0.0,0,0,0.0,1258.459270962247,0.0,0.0,1,Int64[]
