node,type_node,x,y,t_arr,t_begin_service,t_wait,t_departure,ride_time,num_passenger,qi,ei,li,service_or_chg_time,Li,lyr,cus_set
81,depot,0.0,0.0,0.0,0.0,0.0,0.0,0.0,0,0,0.0,1258.2235190995252,0.0,0.0,1,Int64[]
73,bus stop,2.46869,-1.5662,3.5224046513217044,239.21639302301745,0.0,239.71639302301745,5.283606976982554,1,1,239.21639302301745,255.97759534867828,0.5,5.283606976982557,1,[127]
63,bus stop,1.86869,-1.9662,240.58520055927383,241.23186363816072,0.0,241.73186363816072,3.2681363618392822,2,1,239.59779545724106,256.2318636381607,0.5,4.902204542758932,1,[130]
79,transit stop,0.0,0.0,245.0,245.0,0.0,245.0,0.0,1,-1,245.0,260.0,0.0,4.902204542758932,1,Int64[]
79,transit stop,0.0,0.0,245.0,245.0,0.0,245.0,0.0,0,-1,245.0,260.0,0.0,5.283606976982557,1,Int64[]
81,depot,0.0,0.0,245.0,245.0,0.0,245.0,0.0,0,0,0.0,1258.2235190995252,0.0,0.0,1,Int64[]
