node,type_node,x,y,t_arr,t_begin_service,t_wait,t_departure,ride_time,num_passenger,qi,ei,li,service_or_chg_time,Li,lyr,cus_set
89,depot,0.0,0.0,0.0,0.0,0.0,0.0,0.0,0,0,0.0,1257.4959082119512,0.0,0.0,1,Int64[]
80,bus stop,6.74054,6.32008,11.132575151032903,227.80113727345065,0.0,228.30113727345065,16.69886272654935,1,1,227.80113727345065,248.3674248489671,0.5,16.698862726549354,1,[139]
83,bus stop,8.14054,1.92008,233.86421986651823,234.42299220619765,0.0,234.92299220619765,10.077007793802352,2,1,229.38448830929644,249.42299220619765,0.5,15.11551169070355,1,[117]
87,transit stop,0.0,0.0,245.0,245.0,0.0,245.0,0.0,1,-1,245.0,260.0,0.0,15.11551169070355,1,Int64[]
87,transit stop,0.0,0.0,245.0,245.0,0.0,245.0,0.0,0,-1,245.0,260.0,0.0,16.698862726549354,1,Int64[]
89,depot,0.0,0.0,245.0,245.0,0.0,245.0,0.0,0,0,0.0,1257.4959082119512,0.0,0.0,1,Int64[]
