node,type_node,x,y,t_arr,t_begin_service,t_wait,t_departure,ride_time,num_passenger,qi,ei,li,service_or_chg_time,Li,lyr,cus_set
296,depot,0.0,0.0,0.0,0.0,0.0,0.0,0.0,0,0,0.0,1256.414825873821,0.0,0.0,1,Int64[]
66,bus stop,-11.07903,13.43194,20.977765704373706,213.03335144343944,0.0,213.53335144343944,31.466648556560557,1,1,213.03335144343944,238.5222342956263,0.5,31.466648556560557,1,[454]
42,bus stop,-13.87903,13.43194,216.90684541934306,220.7293311902763,0.0,221.2293311902763,23.770668809723702,3,2,209.5945308833094,236.2296872555396,0.5,34.90546911669061,1,"[405, 412]"
53,bus stop,-12.47903,12.03194,223.6147516569297,223.6147516569297,0.0,224.1147516569297,20.885248343070288,5,2,213.17212748539458,238.6147516569297,0.5,31.32787251460543,1,"[476, 508]"
294,transit stop,0.0,0.0,245.0,245.0,0.0,245.0,0.0,3,-2,245.0,260.0,0.0,34.90546911669061,1,Int64[]
294,transit stop,0.0,0.0,245.0,245.0,0.0,245.0,0.0,1,-2,245.0,260.0,0.0,31.32787251460543,1,Int64[]
294,transit stop,0.0,0.0,245.0,245.0,0.0,245.0,0.0,0,-1,245.0,260.0,0.0,31.466648556560557,1,Int64[]
296,depot,0.0,0.0,245.0,245.0,0.0,245.0,0.0,0,0,0.0,1256.414825873821,0.0,0.0,1,Int64[]
