node,type_node,x,y,t_arr,t_begin_service,t_wait,t_departure,ride_time,num_passenger,qi,ei,li,service_or_chg_time,Li,lyr,cus_set
164,depot,0.0,0.0,0.0,0.0,0.0,0.0,0.0,0,0,0.0,1258.583194845799,0.0,0.0,1,Int64[]
14,bus stop,-22.63217,-1.26206,27.310037872653133,203.53494319102032,0.0,204.03494319102032,40.96505680897968,1,1,203.53494319102032,232.18996212734686,0.5,40.965056808979696,1,[193]
9,bus stop,-25.43217,0.13794,207.8066241169236,207.8066241169236,0.0,208.3066241169236,36.69337588307641,2,1,198.53757094077673,228.8583806271845,0.5,45.96242905922328,1,[182]
16,bus stop,-22.63217,4.33794,214.38827687071827,216.7359640350141,0.0,217.2359640350141,27.764035964985908,3,1,202.8539460525211,231.7359640350141,0.5,41.646053947478876,1,[170]
162,transit stop,0.0,0.0,245.0,245.0,0.0,245.0,0.0,2,-1,245.0,260.0,0.0,41.646053947478876,1,Int64[]
162,transit stop,0.0,0.0,245.0,245.0,0.0,245.0,0.0,1,-1,245.0,260.0,0.0,45.96242905922328,1,Int64[]
162,transit stop,0.0,0.0,245.0,245.0,0.0,245.0,0.0,0,-1,245.0,260.0,0.0,40.965056808979696,1,Int64[]
164,depot,0.0,0.0,245.0,245.0,0.0,245.0,0.0,0,0,0.0,1258.583194845799,0.0,0.0,1,Int64[]
