node,type_node,x,y,t_arr,t_begin_service,t_wait,t_departure,ride_time,num_passenger,qi,ei,li,service_or_chg_time,Li,lyr,cus_set
143,depot,0.0,0.0,0.0,0.0,0.0,0.0,0.0,0,0,0.0,1252.850264957428,0.0,0.0,1,Int64[]
14,bus stop,-23.96996,-10.08036,31.32930095250673,197.5060485712399,0.0,198.0060485712399,46.99395142876011,1,1,197.5060485712399,228.17069904749326,0.5,46.9939514287601,1,[205]
22,bus stop,-21.16996,-10.08036,201.3795425471435,216.25011284188008,0.0,216.75011284188008,28.24988715811992,3,2,202.12516926282012,231.25011284188008,0.5,42.374830737179884,1,"[147, 194]"
141,transit stop,0.0,0.0,245.0,245.0,0.0,245.0,0.0,1,-2,245.0,260.0,0.0,42.374830737179884,1,Int64[]
141,transit stop,0.0,0.0,245.0,245.0,0.0,245.0,0.0,0,-1,245.0,260.0,0.0,46.9939514287601,1,Int64[]
143,depot,0.0,0.0,245.0,245.0,0.0,245.0,0.0,0,0,0.0,1252.850264957428,0.0,0.0,1,Int64[]
