node,type_node,x,y,t_arr,t_begin_service,t_wait,t_departure,ride_time,num_passenger,qi,ei,li,service_or_chg_time,Li,lyr,cus_set
106,depot,0.0,0.0,0.0,0.0,0.0,0.0,0.0,0,0,0.0,1258.340283284022,0.0,0.0,1,Int64[]
61,bus stop,1.61222,-9.76112,11.919719665960356,226.62042050105947,0.0,227.12042050105947,17.87957949894053,1,1,226.62042050105947,247.58028033403966,0.5,17.879579498940533,1,[151]
50,bus stop,0.21222,-9.76112,228.80716748901128,228.80716748901128,0.0,229.30716748901128,15.692832510988723,2,1,226.8552529465756,247.73683529771705,0.5,17.64474705342441,1,[176]
43,bus stop,-1.18778,-6.96112,233.07884841491455,235.99189306851662,0.0,236.49189306851662,8.508106931483383,4,2,231.73783960277493,250.99189306851662,0.5,12.762160397225069,1,"[118, 172]"
104,transit stop,0.0,0.0,245.0,245.0,0.0,245.0,0.0,2,-2,245.0,260.0,0.0,12.762160397225069,1,Int64[]
104,transit stop,0.0,0.0,245.0,245.0,0.0,245.0,0.0,1,-1,245.0,260.0,0.0,17.879579498940533,1,Int64[]
104,transit stop,0.0,0.0,245.0,245.0,0.0,245.0,0.0,0,-1,245.0,260.0,0.0,17.64474705342441,1,Int64[]
106,depot,0.0,0.0,245.0,245.0,0.0,245.0,0.0,0,0,0.0,1258.340283284022,0.0,0.0,1,Int64[]
