node,type_node,x,y,t_arr,t_begin_service,t_wait,t_departure,ride_time,num_passenger,qi,ei,li,service_or_chg_time,Li,lyr,cus_set
344,depot,0.0,0.0,0.0,0.0,0.0,0.0,0.0,0,0,0.0,1257.6657891032462,0.0,0.0,1,Int64[]
168,bus stop,0.44916,-13.51539,16.292592118186654,220.06111182272002,0.0,220.56111182272002,24.438888177279978,2,2,220.06111182272002,243.20740788181334,0.5,24.43888817727998,1,"[360, 582]"
184,bus stop,1.84916,-14.91539,222.94653228937344,222.94653228937344,0.0,223.44653228937344,21.553467710626563,4,2,217.33810984172348,241.39207322781564,0.5,27.16189015827652,1,"[402, 631]"
152,bus stop,-0.95084,-13.51539,227.2182132152767,228.17614981962208,0.0,228.67614981962208,16.323850180377917,5,1,220.01422472943312,243.17614981962208,0.5,24.48577527056687,1,[472]
342,transit stop,0.0,0.0,245.0,245.0,0.0,245.0,0.0,4,-1,245.0,260.0,0.0,24.48577527056687,1,Int64[]
342,transit stop,0.0,0.0,245.0,245.0,0.0,245.0,0.0,2,-2,245.0,260.0,0.0,27.16189015827652,1,Int64[]
342,transit stop,0.0,0.0,245.0,245.0,0.0,245.0,0.0,0,-2,245.0,260.0,0.0,24.43888817727998,1,Int64[]
344,depot,0.0,0.0,245.0,245.0,0.0,245.0,0.0,0,0,0.0,1257.6657891032462,0.0,0.0,1,Int64[]
