node,type_node,x,y,t_arr,t_begin_service,t_wait,t_departure,ride_time,num_passenger,qi,ei,li,service_or_chg_time,Li,lyr,cus_set
55,depot,0.0,0.0,0.0,0.0,0.0,0.0,0.0,0,0,0.0,1258.8510044894504,0.0,0.0,1,Int64[]
48,bus stop,3.50231,3.45016,5.923225279267733,235.6151620810984,0.0,236.1151620810984,8.88483791890161,10,10,235.6151620810984,253.57677472073226,0.5,8.8848379189016,1,"[56, 172, 268, 283, 287, 334, 349, 429, 461, 483]"
47,bus stop,3.50231,2.05016,237.8019090690502,237.8019090690502,0.0,238.3019090690502,6.698090930949803,19,9,237.16582699139366,254.61055132759577,0.5,7.334173008606345,1,"[155, 214, 263, 282, 298, 329, 348, 380, 515]"
40,bus stop,2.10231,2.05016,239.988656057002,240.96208283960846,0.0,241.46208283960846,3.537917160391544,34,15,239.19312425941268,255.96208283960846,0.5,5.306875740587325,1,"[62, 115, 151, 178, 250, 301, 312, 337, 408, 422, 438, 489, 502, 504, 540]"
53,transit stop,0.0,0.0,245.0,245.0,0.0,245.0,0.0,19,-15,245.0,260.0,0.0,5.306875740587325,1,Int64[]
53,transit stop,0.0,0.0,245.0,245.0,0.0,245.0,0.0,10,-9,245.0,260.0,0.0,7.334173008606345,1,Int64[]
53,transit stop,0.0,0.0,245.0,245.0,0.0,245.0,0.0,0,-10,245.0,260.0,0.0,8.8848379189016,1,Int64[]
55,depot,0.0,0.0,245.0,245.0,0.0,245.0,0.0,0,0,0.0,1258.8510044894504,0.0,0.0,1,Int64[]
