node,type_node,x,y,t_arr,t_begin_service,t_wait,t_departure,ride_time,num_passenger,qi,ei,li,service_or_chg_time,Li,lyr,cus_set
52,depot,0.0,0.0,0.0,0.0,0.0,0.0,0.0,0,0,0.0,1257.5935568803982,0.0,0.0,1,Int64[]
34,bus stop,0.92572,4.89027,5.996527057900512,235.50520941314923,0.0,236.00520941314923,8.994790586850769,3,3,235.50520941314923,253.50347294209948,0.5,8.994790586850769,1,"[95, 96, 133]"
27,bus stop,-0.47428,4.89027,237.69195640110104,237.69195640110104,0.0,238.19195640110104,6.808043598898962,5,2,235.62069568104585,253.5804637873639,0.5,8.879304318954148,1,"[130, 146]"
26,bus stop,-0.47428,3.49027,239.87870338905284,240.25620880949566,0.0,240.75620880949566,4.243791190504339,8,3,238.13431321424352,255.25620880949566,0.5,6.365686785756489,1,"[55, 56, 60]"
50,transit stop,0.0,0.0,245.0,245.0,0.0,245.0,0.0,5,-3,245.0,260.0,0.0,6.365686785756489,1,Int64[]
50,transit stop,0.0,0.0,245.0,245.0,0.0,245.0,0.0,2,-3,245.0,260.0,0.0,8.994790586850769,1,Int64[]
50,transit stop,0.0,0.0,245.0,245.0,0.0,245.0,0.0,0,-2,245.0,260.0,0.0,8.879304318954148,1,Int64[]
52,depot,0.0,0.0,245.0,245.0,0.0,245.0,0.0,0,0,0.0,1257.5935568803982,0.0,0.0,1,Int64[]
