node,type_node,x,y,t_arr,t_begin_service,t_wait,t_departure,ride_time,num_passenger,qi,ei,li,service_or_chg_time,Li,lyr,cus_set
24,depot,0.0,0.0,0.0,0.0,0.0,0.0,0.0,0,0,0.0,1258.5097036425177,0.0,0.0,1,Int64[]
8,bus stop,-1.57303,2.64322,3.7058790431175748,238.94118143532364,0.0,239.44118143532364,5.558818564676358,11,11,238.94118143532364,255.7941209568824,0.5,5.558818564676362,1,"[93, 97, 132, 133, 145, 146, 179, 194, 204, 211, 247]"
12,bus stop,-0.17303,2.64322,241.12792842327545,241.3085814755595,0.0,241.8085814755595,3.1914185244405076,30,19,239.71287221333927,256.3085814755595,0.5,4.787127786660747,1,"[30, 33, 55, 68, 71, 84, 85, 90, 92, 106, 134, 162, 164, 168, 169, 183, 188, 241, 266]"
22,transit stop,0.0,0.0,245.0,245.0,0.0,245.0,0.0,11,-19,245.0,260.0,0.0,4.787127786660747,1,Int64[]
22,transit stop,0.0,0.0,245.0,245.0,0.0,245.0,0.0,0,-11,245.0,260.0,0.0,5.558818564676362,1,Int64[]
24,depot,0.0,0.0,245.0,245.0,0.0,245.0,0.0,0,0,0.0,1258.5097036425177,0.0,0.0,1,Int64[]
