busStop_ID,busStop_X,busStop_Y
1,-7.52339,13.11065
2,-6.12339,-10.68935
3,-4.72339,-0.88935
4,-4.72339,4.71065
5,-3.32339,-2.28935
6,-1.92339,10.31065
7,0.87661,4.71065
8,0.87661,6.11065
9,2.27661,1.91065
10,2.27661,3.31065
11,3.67661,-5.08935
12,5.07661,-5.08935
13,6.47661,-5.08935
