node,type_node,x,y,t_arr,t_begin_service,t_wait,t_departure,ride_time,num_passenger,qi,ei,li,service_or_chg_time,Li,lyr,cus_set
87,depot,0.0,0.0,0.0,0.0,0.0,0.0,0.0,0,0,0.0,1257.4959082119512,0.0,0.0,1,Int64[]
2,bus stop,-9.25946,1.12008,11.237300937192462,227.6440485942113,0.0,228.1440485942113,16.855951405788687,1,1,227.6440485942113,248.26269906280754,0.5,16.855951405788694,1,[130]
9,bus stop,-6.25946,5.32008,234.36259698002527,234.60256614911563,0.0,235.10256614911563,9.897433850884369,2,1,229.65384922367346,249.60256614911563,0.5,14.846150776326548,1,[124]
85,transit stop,0.0,0.0,245.0,245.0,0.0,245.0,0.0,1,-1,245.0,260.0,0.0,14.846150776326548,1,Int64[]
85,transit stop,0.0,0.0,245.0,245.0,0.0,245.0,0.0,0,-1,245.0,260.0,0.0,16.855951405788694,1,Int64[]
87,depot,0.0,0.0,245.0,245.0,0.0,245.0,0.0,0,0,0.0,1257.4959082119512,0.0,0.0,1,Int64[]
