node,type_node,x,y,t_arr,t_begin_service,t_wait,t_departure,ride_time,num_passenger,qi,ei,li,service_or_chg_time,Li,lyr,cus_set
53,depot,0.0,0.0,0.0,0.0,0.0,0.0,0.0,0,0,0.0,1257.5935568803982,0.0,0.0,1,Int64[]
49,bus stop,5.12572,0.69027,6.231312977105099,235.15303053434235,0.0,235.65303053434235,9.34696946565765,2,2,235.15303053434235,253.2686870228949,0.5,9.346969465657649,1,"[65, 130]"
44,bus stop,3.72572,0.69027,237.33977752229416,237.65218518351918,0.0,238.15218518351918,6.84781481648082,7,5,237.65218518351918,254.9347901223461,0.5,6.8478148164808275,1,"[63, 109, 114, 116, 139]"
38,bus stop,2.32572,0.69027,239.838932171471,241.5771158356603,0.0,242.0771158356603,2.922884164339706,12,5,240.11567375349046,256.5771158356603,0.5,4.384326246509547,1,"[58, 79, 82, 87, 106]"
51,transit stop,0.0,0.0,245.0,245.0,0.0,245.0,0.0,7,-5,245.0,260.0,0.0,4.384326246509547,1,Int64[]
51,transit stop,0.0,0.0,245.0,245.0,0.0,245.0,0.0,5,-2,245.0,260.0,0.0,9.346969465657649,1,Int64[]
51,transit stop,0.0,0.0,245.0,245.0,0.0,245.0,0.0,0,-5,245.0,260.0,0.0,6.8478148164808275,1,Int64[]
53,depot,0.0,0.0,245.0,245.0,0.0,245.0,0.0,0,0,0.0,1257.5935568803982,0.0,0.0,1,Int64[]
