node,type_node,x,y,t_arr,t_begin_service,t_wait,t_departure,ride_time,num_passenger,qi,ei,li,service_or_chg_time,Li,lyr,cus_set
183,depot,0.0,0.0,0.0,0.0,0.0,0.0,0.0,0,0,0.0,1257.762027161363,0.0,0.0,1,Int64[]
156,bus stop,9.57836,-3.7059,12.373832722548377,225.93925091617743,0.0,226.43925091617743,18.56074908382257,1,1,225.93925091617743,247.12616727745163,0.5,18.560749083822564,1,[252]
154,bus stop,9.57836,-6.5059,229.81274489208104,230.54947697715858,0.0,231.04947697715858,13.950523022841423,3,2,223.57421546573784,245.54947697715858,0.5,20.92578453426215,1,"[224, 287]"
181,transit stop,0.0,0.0,245.0,245.0,0.0,245.0,0.0,1,-2,245.0,260.0,0.0,20.92578453426215,1,Int64[]
181,transit stop,0.0,0.0,245.0,245.0,0.0,245.0,0.0,0,-1,245.0,260.0,0.0,18.560749083822564,1,Int64[]
183,depot,0.0,0.0,245.0,245.0,0.0,245.0,0.0,0,0,0.0,1257.762027161363,0.0,0.0,1,Int64[]
