node,type_node,x,y,t_arr,t_begin_service,t_wait,t_departure,ride_time,num_passenger,qi,ei,li,service_or_chg_time,Li,lyr,cus_set
64,depot,-0.35199,0.35449,0.0,0.0,0.0,0.0,0.0,0,0,0.0,1257.5559396116537,0.0,0.0,1,Int64[]
33,bus stop,0.61194,-7.93076,10.049559917351754,230.28361040892167,0.0,230.78361040892167,14.05747729989099,1,1,230.12469811773434,249.91646541182288,0.5,14.375301882265669,1,[68]
34,bus stop,0.61194,-6.53076,232.47035739687348,232.645722109999,0.0,233.145722109999,11.854277890000986,4,3,232.645722109999,251.59714807333268,0.5,11.854277890000986,1,"[95, 101, 117]"
47,bus stop,3.41194,-5.13076,236.91740303590228,236.91740303590228,0.0,237.41740303590228,7.582596964097718,6,2,233.36447299063443,252.07631532708962,0.5,11.135527009365568,1,"[78, 89]"
62,transit stop,0.0,0.0,244.84108770881267,245.0,0.15891229118733463,245.0,0.0,5,-1,245.0,260.0,0.0,14.375301882265669,1,Int64[]
62,transit stop,0.0,0.0,245.0,245.0,0.0,245.0,0.0,2,-3,245.0,260.0,0.0,11.854277890000986,1,Int64[]
62,transit stop,0.0,0.0,245.0,245.0,0.0,245.0,0.0,0,-2,245.0,260.0,0.0,11.135527009365568,1,Int64[]
64,depot,-0.35199,0.35449,245.60187942956065,245.60187942956065,0.0,245.60187942956065,0.0,0,0,0.0,1257.5559396116537,0.0,0.0,1,Int64[]
