node,type_node,x,y,t_arr,t_begin_service,t_wait,t_departure,ride_time,num_passenger,qi,ei,li,service_or_chg_time,Li,lyr,cus_set
169,depot,0.0,0.0,0.0,0.0,0.0,0.0,0.0,0,0,0.0,1258.2304011179867,0.0,0.0,1,Int64[]
15,bus stop,-3.72532,0.14064,4.491534708250487,237.76269793762427,0.0,238.26269793762427,6.737302062375733,1,1,237.76269793762427,255.0084652917495,0.5,6.737302062375731,1,[258]
27,bus stop,-2.92532,0.14064,239.22655335931103,240.97144721845035,0.0,241.47144721845035,3.5285527815496494,2,1,239.20717082767553,255.97144721845035,0.5,5.292829172324469,1,[206]
167,transit stop,0.0,0.0,245.0,245.0,0.0,245.0,0.0,1,-1,245.0,260.0,0.0,5.292829172324469,1,Int64[]
167,transit stop,0.0,0.0,245.0,245.0,0.0,245.0,0.0,0,-1,245.0,260.0,0.0,6.737302062375731,1,Int64[]
169,depot,0.0,0.0,245.0,245.0,0.0,245.0,0.0,0,0,0.0,1258.2304011179867,0.0,0.0,1,Int64[]
