node,type_node,x,y,t_arr,t_begin_service,t_wait,t_departure,ride_time,num_passenger,qi,ei,li,service_or_chg_time,Li,lyr,cus_set
169,depot,0.0,0.0,0.0,0.0,0.0,0.0,0.0,0,0,0.0,1258.2304011179867,0.0,0.0,1,Int64[]
29,bus stop,-2.72532,2.14064,4.175304414076952,238.23704337888458,0.0,238.73704337888458,6.262956621115421,1,1,238.23704337888458,255.32469558592305,0.5,6.262956621115428,1,[187]
28,bus stop,-2.72532,1.74064,239.21897108972794,239.21897108972794,0.0,239.71897108972794,5.281028910272056,2,1,238.65585738486112,255.60390492324075,0.5,5.844142615138868,1,[198]
31,bus stop,-2.52532,0.94064,240.7124905175876,241.2532311780136,0.0,241.7532311780136,3.246768821986393,3,1,239.6298467670204,256.2532311780136,0.5,4.870153232979575,1,[242]
167,transit stop,0.0,0.0,245.0,245.0,0.0,245.0,0.0,2,-1,245.0,260.0,0.0,4.870153232979575,1,Int64[]
167,transit stop,0.0,0.0,245.0,245.0,0.0,245.0,0.0,1,-1,245.0,260.0,0.0,5.844142615138868,1,Int64[]
167,transit stop,0.0,0.0,245.0,245.0,0.0,245.0,0.0,0,-1,245.0,260.0,0.0,6.262956621115428,1,Int64[]
169,depot,0.0,0.0,245.0,245.0,0.0,245.0,0.0,0,0,0.0,1258.2304011179867,0.0,0.0,1,Int64[]
