node,type_node,x,y,t_arr,t_begin_service,t_wait,t_departure,ride_time,num_passenger,qi,ei,li,service_or_chg_time,Li,lyr,cus_set
169,depot,0.0,0.0,0.0,0.0,0.0,0.0,0.0,0,0,0.0,1258.2304011179867,0.0,0.0,1,Int64[]
141,bus stop,3.07468,-3.65936,5.758553782289574,235.86216932656563,0.0,236.36216932656563,8.637830673434365,1,1,235.86216932656563,253.74144621771043,0.5,8.63783067343436,1,[263]
133,bus stop,2.27468,-3.85936,237.3556887544253,237.3556887544253,0.0,237.8556887544253,7.144311245574698,2,1,236.40393139228325,254.10262092818886,0.5,8.096068607716738,1,[267]
134,bus stop,2.27468,-3.45936,238.33761646526867,239.51179490893935,0.0,240.01179490893935,4.9882050910606495,3,1,237.01769236340903,254.51179490893935,0.5,7.482307636590974,1,[184]
167,transit stop,0.0,0.0,245.0,245.0,0.0,245.0,0.0,2,-1,245.0,260.0,0.0,7.482307636590974,1,Int64[]
167,transit stop,0.0,0.0,245.0,245.0,0.0,245.0,0.0,1,-1,245.0,260.0,0.0,8.63783067343436,1,Int64[]
167,transit stop,0.0,0.0,245.0,245.0,0.0,245.0,0.0,0,-1,245.0,260.0,0.0,8.096068607716738,1,Int64[]
169,depot,0.0,0.0,245.0,245.0,0.0,245.0,0.0,0,0,0.0,1258.2304011179867,0.0,0.0,1,Int64[]
