node,type_node,x,y,t_arr,t_begin_service,t_wait,t_departure,ride_time,num_passenger,qi,ei,li,service_or_chg_time,Li,lyr,cus_set
177,depot,-0.16114,1.48056,0.0,0.0,0.0,0.0,0.0,0,0,0.0,1256.5314245098868,0.0,0.0,1,Int64[]
43,bus stop,-10.96689,-1.49645,13.504020659131807,224.49665844913562,0.0,224.99665844913562,20.003341550864377,1,1,224.49665844913562,246.16443896609042,0.5,20.00334155086437,1,[254]
49,bus stop,-8.16689,2.70355,231.0783112029303,231.0783112029303,0.0,231.5783112029303,13.421688797069692,2,1,228.9528648792506,249.13524325283373,0.5,15.547135120749399,1,[245]
67,bus stop,-5.36689,4.10355,235.34999212883358,236.36032167122195,0.0,236.86032167122195,8.139678328778047,3,1,232.29048250683292,251.36032167122195,0.5,12.209517493167084,1,[212]
175,transit stop,0.0,0.0,245.0,245.0,0.0,245.0,0.0,2,-1,245.0,260.0,0.0,12.209517493167084,1,Int64[]
175,transit stop,0.0,0.0,245.0,245.0,0.0,245.0,0.0,1,-1,245.0,260.0,0.0,15.547135120749399,1,Int64[]
175,transit stop,0.0,0.0,245.0,245.0,0.0,245.0,0.0,0,-1,245.0,260.0,0.0,20.00334155086437,1,Int64[]
177,depot,-0.16114,1.48056,246.79434120144978,246.79434120144978,0.0,246.79434120144978,0.0,0,0,0.0,1256.5314245098868,0.0,0.0,1,Int64[]
