node,type_node,x,y,t_arr,t_begin_service,t_wait,t_departure,ride_time,num_passenger,qi,ei,li,service_or_chg_time,Li,lyr,cus_set
159,depot,1.77947,1.04111,0.0,0.0,0.0,0.0,0.0,0,0,0.0,1255.6897764311768,0.0,0.0,1,Int64[]
146,bus stop,23.83844,-6.07556,27.925963056160164,200.04129992961646,0.0,200.54129992961646,44.45870007038354,1,1,200.04129992961646,229.8608666197443,0.5,44.45870007038356,1,[223]
151,bus stop,26.63844,-6.07556,203.91479390552007,203.91479390552007,0.0,204.41479390552007,40.58520609447993,2,1,195.12199097138935,226.58132731425957,0.5,49.37800902861065,1,[177]
143,bus stop,23.83844,-10.27556,210.49644665931476,213.22435922124626,0.0,213.72435922124626,31.27564077875374,3,1,197.5865388318694,228.22435922124626,0.5,46.913461168130596,1,[261]
157,transit stop,0.0,0.0,245.0,245.0,0.0,245.0,0.0,2,-1,245.0,260.0,0.0,46.913461168130596,1,Int64[]
157,transit stop,0.0,0.0,245.0,245.0,0.0,245.0,0.0,1,-1,245.0,260.0,0.0,49.37800902861065,1,Int64[]
157,transit stop,0.0,0.0,245.0,245.0,0.0,245.0,0.0,0,-1,245.0,260.0,0.0,44.45870007038356,1,Int64[]
159,depot,1.77947,1.04111,247.48392232197614,247.48392232197614,0.0,247.48392232197614,0.0,0,0,0.0,1255.6897764311768,0.0,0.0,1,Int64[]
