node,type_node,x,y,t_arr,t_begin_service,t_wait,t_departure,ride_time,num_passenger,qi,ei,li,service_or_chg_time,Li,lyr,cus_set
174,depot,-0.13143,-0.33011,0.0,0.0,0.0,0.0,0.0,0,0,0.0,1257.4781496204346,0.0,0.0,1,Int64[]
130,bus stop,4.94459,10.80439,14.743319356778963,223.0263623268964,0.0,223.5263623268964,21.47363767310361,3,3,223.0263623268964,245.18424155126425,0.5,21.473637673103624,1,"[200, 210, 315]"
109,bus stop,2.14459,12.20439,227.29804325279966,227.29804325279966,0.0,227.79804325279966,17.20195674720034,4,1,222.10593223079104,244.57062148719402,0.5,22.39406776920896,1,[259]
85,bus stop,-0.65541,2.40439,240.07774668050175,241.49744785090385,0.0,241.99744785090385,3.0025521490961466,5,1,239.9961717763558,256.4974478509039,0.5,4.503828223644199,1,[206]
172,transit stop,0.0,0.0,245.0,245.0,0.0,245.0,0.0,4,-1,245.0,260.0,0.0,4.503828223644199,1,Int64[]
172,transit stop,0.0,0.0,245.0,245.0,0.0,245.0,0.0,3,-1,245.0,260.0,0.0,22.39406776920896,1,Int64[]
172,transit stop,0.0,0.0,245.0,245.0,0.0,245.0,0.0,0,-3,245.0,260.0,0.0,21.473637673103624,1,Int64[]
174,depot,-0.13143,-0.33011,245.42808647513448,245.42808647513448,0.0,245.42808647513448,0.0,0,0,0.0,1257.4781496204346,0.0,0.0,1,Int64[]
