node,type_node,x,y,t_arr,t_begin_service,t_wait,t_departure,ride_time,num_passenger,qi,ei,li,service_or_chg_time,Li,lyr,cus_set
24,depot,0.0,0.0,0.0,0.0,0.0,0.0,0.0,0,0,0.0,1258.5386218801111,0.0,0.0,1,Int64[]
2,bus stop,-2.99297,-0.11963,3.608867314659522,239.0866990280107,0.0,239.5866990280107,5.413300971989287,6,6,239.0866990280107,255.8911326853405,0.5,5.413300971989283,1,"[26, 54, 80, 121, 122, 157]"
7,bus stop,-1.59297,1.28037,241.97211949466413,242.03765452406634,0.0,242.53765452406634,2.4623454759336596,21,15,240.8064817860995,257.03765452406634,0.5,3.693518213900478,1,"[27, 31, 40, 51, 71, 99, 104, 111, 125, 130, 138, 146, 149, 160, 173]"
22,transit stop,0.0,0.0,245.0,245.0,0.0,245.0,0.0,6,-15,245.0,260.0,0.0,3.693518213900478,1,Int64[]
22,transit stop,0.0,0.0,245.0,245.0,0.0,245.0,0.0,0,-6,245.0,260.0,0.0,5.413300971989283,1,Int64[]
24,depot,0.0,0.0,245.0,245.0,0.0,245.0,0.0,0,0,0.0,1258.5386218801111,0.0,0.0,1,Int64[]
