node,type_node,x,y,t_arr,t_begin_service,t_wait,t_departure,ride_time,num_passenger,qi,ei,li,service_or_chg_time,Li,lyr,cus_set
90,depot,-1.07695,0.99395,0.0,0.0,0.0,0.0,0.0,0,0,0.0,1255.7807652103675,0.0,0.0,1,Int64[]
6,bus stop,-16.31603,-2.62674,18.871445338247128,214.63352049265816,0.0,215.13352049265816,29.866479507341836,1,1,214.63352049265816,239.5890136617721,0.5,29.866479507341836,1,[126]
7,bus stop,-16.31603,2.97326,221.8805084444654,221.8805084444654,0.0,222.3805084444654,22.61949155553461,2,1,214.52760505866172,239.51840337244116,0.5,29.97239494133828,1,[113]
15,bus stop,-12.11603,1.57326,227.7144707628217,229.77982347177644,0.0,230.27982347177644,14.720176528223561,3,1,222.41973520766464,244.77982347177644,0.5,22.080264792335356,1,[131]
88,transit stop,0.0,0.0,245.0,245.0,0.0,245.0,0.0,2,-1,245.0,260.0,0.0,22.080264792335356,1,Int64[]
88,transit stop,0.0,0.0,245.0,245.0,0.0,245.0,0.0,1,-1,245.0,260.0,0.0,29.866479507341836,1,Int64[]
88,transit stop,0.0,0.0,245.0,245.0,0.0,245.0,0.0,0,-1,245.0,260.0,0.0,29.97239494133828,1,Int64[]
90,depot,-1.07695,0.99395,246.7656904607035,246.7656904607035,0.0,246.7656904607035,0.0,0,0,0.0,1255.7807652103675,0.0,0.0,1,Int64[]
