node,type_node,x,y,t_arr,t_begin_service,t_wait,t_departure,ride_time,num_passenger,qi,ei,li,service_or_chg_time,Li,lyr,cus_set
24,depot,0.0,0.0,0.0,0.0,0.0,0.0,0.0,0,0,0.0,1258.5305904094564,0.0,0.0,1,Int64[]
19,bus stop,2.72305,-1.58282,3.7947638812772713,238.80785417808409,0.0,239.30785417808409,5.692145821915915,6,6,238.80785417808409,255.70523611872272,0.5,5.692145821915907,1,"[62, 75, 91, 105, 113, 116]"
15,bus stop,1.32305,-1.58282,240.9946011660359,242.01451288835077,0.0,242.51451288835077,2.4854871116492347,14,8,240.77176933252613,257.01451288835074,0.5,3.72823066747386,1,"[26, 30, 43, 97, 102, 103, 111, 123]"
22,transit stop,0.0,0.0,245.0,245.0,0.0,245.0,0.0,6,-8,245.0,260.0,0.0,3.72823066747386,1,Int64[]
22,transit stop,0.0,0.0,245.0,245.0,0.0,245.0,0.0,0,-6,245.0,260.0,0.0,5.692145821915907,1,Int64[]
24,depot,0.0,0.0,245.0,245.0,0.0,245.0,0.0,0,0,0.0,1258.5305904094564,0.0,0.0,1,Int64[]
