node,type_node,x,y,t_arr,t_begin_service,t_wait,t_departure,ride_time,num_passenger,qi,ei,li,service_or_chg_time,Li,lyr,cus_set
50,depot,0.0,0.0,0.0,0.0,0.0,0.0,0.0,0,0,0.0,1259.0868542809474,0.0,0.0,1,Int64[]
33,bus stop,2.35057,-3.41028,4.9902196409171955,237.01467053862422,0.0,237.51467053862422,7.485329461375784,3,3,237.01467053862422,254.5097803590828,0.5,7.485329461375793,1,"[52, 65, 101]"
34,bus stop,2.35057,-2.01028,239.20141752657602,239.20141752657602,0.0,239.70141752657602,5.298582473423977,4,1,238.9103122475126,255.77354149834173,0.5,5.589687752487408,1,[55]
27,bus stop,0.95057,-2.01028,241.38816451452783,241.82085222847246,0.0,242.32085222847246,2.679147771527539,10,6,240.4812783427087,256.82085222847246,0.5,4.018721657291298,1,"[75, 79, 85, 86, 97, 112]"
48,transit stop,0.0,0.0,245.0,245.0,0.0,245.0,0.0,4,-6,245.0,260.0,0.0,4.018721657291298,1,Int64[]
48,transit stop,0.0,0.0,245.0,245.0,0.0,245.0,0.0,3,-1,245.0,260.0,0.0,5.589687752487408,1,Int64[]
48,transit stop,0.0,0.0,245.0,245.0,0.0,245.0,0.0,0,-3,245.0,260.0,0.0,7.485329461375793,1,Int64[]
50,depot,0.0,0.0,245.0,245.0,0.0,245.0,0.0,0,0,0.0,1259.0868542809474,0.0,0.0,1,Int64[]
