node,type_node,x,y,t_arr,t_begin_service,t_wait,t_departure,ride_time,num_passenger,qi,ei,li,service_or_chg_time,Li,lyr,cus_set
37,depot,0.0,0.0,0.0,0.0,0.0,0.0,0.0,0,0,0.0,1258.7130440070355,0.0,0.0,1,Int64[]
26,bus stop,5.24397,-8.6261,12.162638522637323,226.4160186579167,0.0,226.9160186579167,18.08398134208329,1,1,226.25604221604402,247.33736147736266,0.5,18.243957783955985,1,[42]
31,bus stop,8.04397,-8.6261,230.28951263382032,230.28951263382032,0.0,230.78951263382032,14.210487366179677,2,1,223.1842689507305,245.28951263382032,0.5,21.3157310492695,1,[57]
35,transit stop,0.0,0.0,245.0,245.0,0.0,245.0,0.0,1,-1,245.0,260.0,0.0,18.243957783955985,1,Int64[]
35,transit stop,0.0,0.0,245.0,245.0,0.0,245.0,0.0,0,-1,245.0,260.0,0.0,21.3157310492695,1,Int64[]
37,depot,0.0,0.0,245.0,245.0,0.0,245.0,0.0,0,0,0.0,1258.7130440070355,0.0,0.0,1,Int64[]
