node,type_node,x,y,t_arr,t_begin_service,t_wait,t_departure,ride_time,num_passenger,qi,ei,li,service_or_chg_time,Li,lyr,cus_set
172,depot,0.0,0.0,0.0,0.0,0.0,0.0,0.0,0,0,0.0,1256.6530786769017,0.0,0.0,1,Int64[]
155,bus stop,22.34081,8.8527,28.952839773867755,203.3457668679547,0.0,203.8457668679547,41.154233132045306,1,1,201.07074033919838,230.54716022613223,0.5,43.429259660801634,1,[242]
156,bus stop,22.34081,11.4527,206.97829698843663,206.97829698843663,0.0,207.47829698843663,39.79672954031969,2,1,199.12897444028044,229.25264962685364,0.5,45.371025559719556,1,[228]
74,bus stop,-1.65919,5.8527,237.17067636337515,237.17067636337515,0.0,237.67067636337515,7.329323636624849,3,1,233.50601454506273,252.17067636337515,0.5,10.99398545493726,1,[234]
170,transit stop,0.0,0.0,245.0,245.0,0.0,245.0,0.0,2,-1,245.0,260.0,0.0,43.429259660801634,1,Int64[]
170,transit stop,0.0,0.0,245.0,245.0,0.0,245.0,0.0,1,-1,245.0,260.0,0.0,10.99398545493726,1,Int64[]
170,transit stop,0.0,0.0,245.0,245.0,0.0,245.0,0.0,0,-1,245.0,260.0,0.0,45.371025559719556,1,Int64[]
172,depot,0.0,0.0,245.0,245.0,0.0,245.0,0.0,0,0,0.0,1256.6530786769017,0.0,0.0,1,Int64[]
