node,type_node,x,y,t_arr,t_begin_service,t_wait,t_departure,ride_time,num_passenger,qi,ei,li,service_or_chg_time,Li,lyr,cus_set
245,depot,0.0,0.0,0.0,0.0,0.0,0.0,0.0,0,0,0.0,1258.33462618278,0.0,0.0,1,Int64[]
132,bus stop,0.93867,-2.12702,2.8011246132577545,240.29831308011336,0.0,240.79831308011336,4.20168691988664,1,1,240.29831308011336,256.69887538674226,0.5,4.201686919886631,1,[341]
133,bus stop,0.93867,-1.12702,242.0031323572218,242.73286422894066,0.0,243.23286422894066,1.767135771059344,2,1,241.84929634341097,257.7328642289406,0.5,2.6507036565890263,1,[294]
243,transit stop,0.0,0.0,245.0,245.0,0.0,245.0,0.0,1,-1,245.0,260.0,0.0,2.6507036565890263,1,Int64[]
243,transit stop,0.0,0.0,245.0,245.0,0.0,245.0,0.0,0,-1,245.0,260.0,0.0,4.201686919886631,1,Int64[]
245,depot,0.0,0.0,245.0,245.0,0.0,245.0,0.0,0,0,0.0,1258.33462618278,0.0,0.0,1,Int64[]
