node,type_node,x,y,t_arr,t_begin_service,t_wait,t_departure,ride_time,num_passenger,qi,ei,li,service_or_chg_time,Li,lyr,cus_set
202,depot,-0.59366,-0.18493,0.0,0.0,0.0,0.0,0.0,0,0,0.0,1258.7132913689666,0.0,0.0,1,Int64[]
94,bus stop,-1.05798,-18.05428,21.536604173540656,211.81580923407955,0.0,212.31580923407955,32.68419076592045,1,1,211.81580923407955,237.71053948938635,0.5,32.68419076592046,1,[334]
49,bus stop,-8.05798,-16.65428,220.91656504013966,222.2093428053533,0.0,222.7093428053533,22.290657194646712,2,1,211.0640142080299,237.2093428053533,0.5,33.43598579197008,1,[320]
200,transit stop,0.0,0.0,245.0,245.0,0.0,245.0,0.0,1,-1,245.0,260.0,0.0,33.43598579197008,1,Int64[]
200,transit stop,0.0,0.0,245.0,245.0,0.0,245.0,0.0,0,-1,245.0,260.0,0.0,32.68419076592046,1,Int64[]
202,depot,-0.59366,-0.18493,245.74915280984663,245.74915280984663,0.0,245.74915280984663,0.0,0,0,0.0,1258.7132913689666,0.0,0.0,1,Int64[]
