node,type_node,x,y,t_arr,t_begin_service,t_wait,t_departure,ride_time,num_passenger,qi,ei,li,service_or_chg_time,Li,lyr,cus_set
249,depot,0.0,0.0,0.0,0.0,0.0,0.0,0.0,0,0,0.0,1258.459270962247,0.0,0.0,1,Int64[]
48,bus stop,-7.41186,-10.61174,15.595067095249297,221.10739935712604,0.0,221.60739935712604,23.39260064287396,4,4,221.10739935712604,243.9049329047507,0.5,23.392600642873944,1,"[320, 398, 429, 490]"
36,bus stop,-8.81186,-5.01174,228.5620353521438,228.5620353521438,0.0,229.0620353521438,15.937964647856205,5,1,226.17943897415694,247.28629264943794,0.5,18.320561025843077,1,[393]
59,bus stop,-6.01186,-3.61174,232.83371627804706,236.05017657721035,0.0,236.55017657721035,8.449823422789649,7,2,231.82526486581554,251.05017657721035,0.5,12.674735134184473,1,"[335, 471]"
247,transit stop,0.0,0.0,245.0,245.0,0.0,245.0,0.0,5,-2,245.0,260.0,0.0,12.674735134184473,1,Int64[]
247,transit stop,0.0,0.0,245.0,245.0,0.0,245.0,0.0,4,-1,245.0,260.0,0.0,18.320561025843077,1,Int64[]
247,transit stop,0.0,0.0,245.0,245.0,0.0,245.0,0.0,0,-4,245.0,260.0,0.0,23.392600642873944,1,Int64[]
249,depot,0.0,0.0,245.0,245.0,0.0,245.0,0.0,0,0,0.0,1258.459270962247,0.0,0.0,1,Int64[]
