node,type_node,x,y,t_arr,t_begin_service,t_wait,t_departure,ride_time,num_passenger,qi,ei,li,service_or_chg_time,Li,lyr,cus_set
263,depot,0.0,0.0,0.0,0.0,0.0,0.0,0.0,0,0,0.0,1138.6028708228723,0.0,0.0,1,Int64[]
76,bus stop,-0.81768,14.57774,17.591149680721927,77.9506776370703,0.0,78.4506776370703,26.5493223629297,1,1,77.9506776370703,101.80045175804686,0.5,26.549322362929708,1,[269]
91,bus stop,3.38232,13.17774,83.7846399554266,88.36584223683599,0.0,88.86584223683599,16.134157763164012,2,1,80.29876335525397,103.36584223683599,0.5,24.20123664474603,1,[297]
130,transit stop,1.0,0.0,105.0,105.0,0.0,105.0,0.0,1,-1,105.0,120.0,0.0,24.20123664474603,1,Int64[]
130,transit stop,1.0,0.0,105.0,105.0,0.0,105.0,0.0,0,-1,105.0,120.0,0.0,26.549322362929708,1,Int64[]
218,bus stop,3.38232,6.17774,112.97731579333907,116.01439700980966,0.0,116.51439700980966,8.485602990190344,1,1,111.77159551471448,131.01439700980967,0.5,12.728404485285516,2,[330]
259,transit stop,0.0,0.0,125.0,125.0,0.0,125.0,0.0,0,-1,125.0,140.0,0.0,12.728404485285516,2,Int64[]
263,depot,0.0,0.0,125.0,125.0,0.0,125.0,0.0,0,0,0.0,1138.6028708228723,0.0,0.0,1,Int64[]
