node,type_node,x,y,t_arr,t_begin_service,t_wait,t_departure,ride_time,num_passenger,qi,ei,li,service_or_chg_time,Li,lyr,cus_set
186,depot,0.0,0.0,0.0,0.0,0.0,0.0,0.0,0,0,0.0,1257.762027161363,0.0,0.0,1,Int64[]
18,bus stop,-10.02164,-7.9059,15.379107404160386,221.43133889375943,0.0,221.93133889375943,23.06866110624057,1,1,221.43133889375943,244.12089259583962,0.5,23.06866110624058,1,[206]
57,bus stop,-4.42164,-7.9059,228.67832684556666,232.4887464292749,0.0,232.9887464292749,12.011253570725103,3,2,228.12944302456324,248.58629534970882,0.5,16.370556975436763,1,"[228, 296]"
58,bus stop,-4.42164,-5.1059,236.3622404051785,236.3622404051785,0.0,236.8622404051785,11.948179178529728,4,1,232.29336060776777,251.3622404051785,0.5,12.206639392232244,1,[333]
184,transit stop,0.0,0.0,245.0,245.0,0.0,245.0,0.0,2,-2,245.0,260.0,0.0,16.370556975436763,1,Int64[]
184,transit stop,0.0,0.0,245.0,245.0,0.0,245.0,0.0,1,-1,245.0,260.0,0.0,23.06866110624058,1,Int64[]
184,transit stop,0.0,0.0,245.0,245.0,0.0,245.0,0.0,0,-1,245.0,260.0,0.0,12.206639392232244,1,Int64[]
186,depot,0.0,0.0,245.0,245.0,0.0,245.0,0.0,0,0,0.0,1257.762027161363,0.0,0.0,1,Int64[]
