node,type_node,x,y,t_arr,t_begin_service,t_wait,t_departure,ride_time,num_passenger,qi,ei,li,service_or_chg_time,Li,lyr,cus_set
294,depot,0.0,0.0,0.0,0.0,0.0,0.0,0.0,0,0,0.0,1257.3069688531555,0.0,0.0,1,Int64[]
15,bus stop,-16.67903,-8.96806,22.815859017564776,210.27621147365284,0.0,210.77621147365284,34.223788526347164,3,3,210.27621147365284,236.68414098243522,0.5,34.223788526347164,1,"[332, 365, 528]"
74,bus stop,-9.67903,-3.36806,221.57666199462392,225.97899380128734,0.0,226.47899380128734,18.521006198712655,4,1,225.97899380128734,247.15266253419156,0.5,18.521006198712644,1,[519]
72,bus stop,-9.67903,-6.16806,229.85248777719096,230.6719187557942,0.0,231.1719187557942,13.828081244205805,6,2,223.7578781336913,245.6719187557942,0.5,20.742121866308715,1,"[323, 378]"
292,transit stop,0.0,0.0,245.0,245.0,0.0,245.0,0.0,4,-2,245.0,260.0,0.0,20.742121866308715,1,Int64[]
292,transit stop,0.0,0.0,245.0,245.0,0.0,245.0,0.0,3,-1,245.0,260.0,0.0,18.521006198712644,1,Int64[]
292,transit stop,0.0,0.0,245.0,245.0,0.0,245.0,0.0,0,-3,245.0,260.0,0.0,34.223788526347164,1,Int64[]
294,depot,0.0,0.0,245.0,245.0,0.0,245.0,0.0,0,0,0.0,1257.3069688531555,0.0,0.0,1,Int64[]
