node,type_node,x,y,t_arr,t_begin_service,t_wait,t_departure,ride_time,num_passenger,qi,ei,li,service_or_chg_time,Li,lyr,cus_set
361,depot,0.0,0.0,0.0,0.0,0.0,0.0,0.0,0,0,0.0,1257.024363264174,0.0,0.0,1,Int64[]
314,bus stop,17.86547,22.54582,34.65796245780146,192.5130563132978,0.0,193.0130563132978,51.986943686702205,2,2,192.5130563132978,224.84203754219854,0.5,51.98694368670219,1,"[386, 511]"
290,bus stop,13.66547,22.54582,198.07329727715322,198.07329727715322,0.0,198.57329727715322,46.426702722846784,3,1,196.85426575009978,227.7361771667332,0.5,47.645734249900215,1,[426]
277,bus stop,10.86547,19.74582,203.34413821046005,217.3459327652822,0.0,217.8459327652822,27.154067234717786,4,1,203.76889914792332,232.3459327652822,0.5,40.731100852076686,1,[411]
359,transit stop,0.0,0.0,245.0,245.0,0.0,245.0,0.0,3,-1,245.0,260.0,0.0,40.731100852076686,1,Int64[]
359,transit stop,0.0,0.0,245.0,245.0,0.0,245.0,0.0,1,-2,245.0,260.0,0.0,51.98694368670219,1,Int64[]
359,transit stop,0.0,0.0,245.0,245.0,0.0,245.0,0.0,0,-1,245.0,260.0,0.0,47.645734249900215,1,Int64[]
361,depot,0.0,0.0,245.0,245.0,0.0,245.0,0.0,0,0,0.0,1257.024363264174,0.0,0.0,1,Int64[]
