node,type_node,x,y,t_arr,t_begin_service,t_wait,t_departure,ride_time,num_passenger,qi,ei,li,service_or_chg_time,Li,lyr,cus_set
42,depot,0.0,0.0,0.0,0.0,0.0,0.0,0.0,0,0,0.0,1257.7127975257483,0.0,0.0,1,Int64[]
9,bus stop,-2.08684,-3.15933,4.561838976825715,237.65724153476143,0.0,238.15724153476143,6.842758465238575,3,3,237.65724153476143,254.93816102317427,0.5,6.842758465238573,1,"[44, 63, 66]"
16,bus stop,-0.68684,-3.15933,239.84398852271323,240.6046653266628,0.0,241.1046653266628,3.895334673337203,8,5,238.6569979899942,255.60466532666283,0.5,5.843002010005785,1,"[68, 73, 85, 91, 92]"
40,transit stop,0.0,0.0,245.0,245.0,0.0,245.0,0.0,3,-5,245.0,260.0,0.0,5.843002010005785,1,Int64[]
40,transit stop,0.0,0.0,245.0,245.0,0.0,245.0,0.0,0,-3,245.0,260.0,0.0,6.842758465238573,1,Int64[]
42,depot,0.0,0.0,245.0,245.0,0.0,245.0,0.0,0,0,0.0,1257.7127975257483,0.0,0.0,1,Int64[]
