node,type_node,x,y,t_arr,t_begin_service,t_wait,t_departure,ride_time,num_passenger,qi,ei,li,service_or_chg_time,Li,lyr,cus_set
469,depot,0.0,0.0,0.0,0.0,0.0,0.0,0.0,0,0,0.0,1257.9317269904277,0.0,0.0,1,Int64[]
254,bus stop,1.27423,12.35034,14.958915051235786,227.43255376579845,0.0,227.93255376579845,17.067446234201554,2,2,222.06162742314632,244.54108494876422,0.5,22.43837257685368,1,"[705, 905]"
232,bus stop,-0.12577,12.35034,229.61930075375025,229.61930075375025,0.0,230.11930075375025,14.880699246249748,3,1,222.1789511306254,244.61930075375025,0.5,22.321048869374618,1,[517]
467,transit stop,0.0,0.0,245.0,245.0,0.0,245.0,0.0,1,-2,245.0,260.0,0.0,22.43837257685368,1,Int64[]
467,transit stop,0.0,0.0,245.0,245.0,0.0,245.0,0.0,0,-1,245.0,260.0,0.0,22.321048869374618,1,Int64[]
469,depot,0.0,0.0,245.0,245.0,0.0,245.0,0.0,0,0,0.0,1257.9317269904277,0.0,0.0,1,Int64[]
