node,type_node,x,y,t_arr,t_begin_service,t_wait,t_departure,ride_time,num_passenger,qi,ei,li,service_or_chg_time,Li,lyr,cus_set
53,depot,0.0,0.0,0.0,0.0,0.0,0.0,0.0,0,0,0.0,1257.6232743394971,0.0,0.0,1,Int64[]
9,bus stop,-3.50876,2.35239,5.089578673642087,236.86563198953687,0.0,237.36563198953687,7.634368010463135,8,8,236.86563198953687,254.41042132635792,0.5,7.634368010463131,1,"[61, 82, 86, 116, 133, 151, 152, 188]"
15,bus stop,-2.10876,2.35239,239.05237897748867,239.05237897748867,0.0,239.55237897748867,5.447621022511328,12,4,238.79058444443731,255.6937229629582,0.5,5.709415555562675,1,"[100, 124, 127, 193]"
14,bus stop,-2.10876,0.95239,241.23912596544048,241.7122253678305,0.0,242.2122253678305,2.787774632169487,13,1,240.31833805174577,256.7122253678305,0.5,4.181661948254238,1,[55]
51,transit stop,0.0,0.0,245.0,245.0,0.0,245.0,0.0,12,-1,245.0,260.0,0.0,4.181661948254238,1,Int64[]
51,transit stop,0.0,0.0,245.0,245.0,0.0,245.0,0.0,4,-8,245.0,260.0,0.0,7.634368010463131,1,Int64[]
51,transit stop,0.0,0.0,245.0,245.0,0.0,245.0,0.0,0,-4,245.0,260.0,0.0,5.709415555562675,1,Int64[]
53,depot,0.0,0.0,245.0,245.0,0.0,245.0,0.0,0,0,0.0,1257.6232743394971,0.0,0.0,1,Int64[]
