node,type_node,x,y,t_arr,t_begin_service,t_wait,t_departure,ride_time,num_passenger,qi,ei,li,service_or_chg_time,Li,lyr,cus_set
203,depot,0.0,0.0,0.0,0.0,0.0,0.0,0.0,0,0,0.0,1257.8544875457383,0.0,0.0,1,Int64[]
178,bus stop,12.49529,0.44763,15.064223319307382,224.48967419611373,0.0,224.98967419611373,20.010325803886275,2,2,221.90366502103893,244.4357766806926,0.5,22.596334978961075,1,"[212, 222]"
173,bus stop,11.09529,3.24763,228.761355122017,228.761355122017,0.0,229.261355122017,15.738644877983006,3,1,223.60695167211844,245.5713011147456,0.5,20.89304832788157,1,[281]
172,bus stop,11.09529,1.84763,230.9481021099688,230.9481021099688,0.0,231.4481021099688,16.137907065105992,4,1,224.17215316495322,245.9481021099688,0.5,20.327846835046792,1,[350]
201,transit stop,0.0,0.0,245.0,245.0,0.0,245.0,0.0,2,-2,245.0,260.0,0.0,22.596334978961075,1,Int64[]
201,transit stop,0.0,0.0,245.0,245.0,0.0,245.0,0.0,1,-1,245.0,260.0,0.0,20.89304832788157,1,Int64[]
201,transit stop,0.0,0.0,245.0,245.0,0.0,245.0,0.0,0,-1,245.0,260.0,0.0,20.327846835046792,1,Int64[]
203,depot,0.0,0.0,245.0,245.0,0.0,245.0,0.0,0,0,0.0,1257.8544875457383,0.0,0.0,1,Int64[]
