node,type_node,x,y,t_arr,t_begin_service,t_wait,t_departure,ride_time,num_passenger,qi,ei,li,service_or_chg_time,Li,lyr,cus_set
177,depot,-0.16114,1.48056,0.0,0.0,0.0,0.0,0.0,0,0,0.0,1256.5314245098868,0.0,0.0,1,Int64[]
125,bus stop,8.63311,22.30355,27.23359981040835,201.27816684948382,0.0,201.77816684948382,43.221833150516176,1,1,201.27816684948382,230.68544456632256,0.5,43.22183315051617,1,[234]
97,bus stop,1.63311,20.90355,210.37892265554393,210.37892265554393,0.0,210.87892265554393,34.12107734445607,3,2,206.60738476239158,234.23825650826103,0.5,37.89261523760843,1,"[221, 264]"
106,bus stop,3.03311,18.10355,214.6506035814472,222.3844836244129,0.0,222.8844836244129,22.115516375587106,4,1,211.3267254366193,237.3844836244129,0.5,33.17327456338067,1,[267]
175,transit stop,0.0,0.0,245.0,245.0,0.0,245.0,0.0,3,-1,245.0,260.0,0.0,33.17327456338067,1,Int64[]
175,transit stop,0.0,0.0,245.0,245.0,0.0,245.0,0.0,1,-2,245.0,260.0,0.0,37.89261523760843,1,Int64[]
175,transit stop,0.0,0.0,245.0,245.0,0.0,245.0,0.0,0,-1,245.0,260.0,0.0,43.22183315051617,1,Int64[]
177,depot,-0.16114,1.48056,246.79434120144978,246.79434120144978,0.0,246.79434120144978,0.0,0,0,0.0,1256.5314245098868,0.0,0.0,1,Int64[]
