node,type_node,x,y,t_arr,t_begin_service,t_wait,t_departure,ride_time,num_passenger,qi,ei,li,service_or_chg_time,Li,lyr,cus_set
132,depot,0.0,0.0,0.0,0.0,0.0,0.0,0.0,0,0,0.0,1257.7047359964197,0.0,0.0,1,Int64[]
29,bus stop,-7.14073,9.82952,14.637909072168762,222.54313639174686,0.0,223.04313639174686,21.956863608253144,1,1,222.54313639174686,244.86209092783125,0.5,21.956863608253144,1,[142]
36,bus stop,-4.34073,8.42952,226.81481731765012,233.07651224335575,0.0,233.57651224335575,11.42348775664425,2,1,227.36476836503363,248.07651224335575,0.5,17.13523163496638,1,[189]
130,transit stop,0.0,0.0,245.0,245.0,0.0,245.0,0.0,1,-1,245.0,260.0,0.0,17.13523163496638,1,Int64[]
130,transit stop,0.0,0.0,245.0,245.0,0.0,245.0,0.0,0,-1,245.0,260.0,0.0,21.956863608253144,1,Int64[]
132,depot,0.0,0.0,245.0,245.0,0.0,245.0,0.0,0,0,0.0,1257.7047359964197,0.0,0.0,1,Int64[]
