node,type_node,x,y,t_arr,t_begin_service,t_wait,t_departure,ride_time,num_passenger,qi,ei,li,service_or_chg_time,Li,lyr,cus_set
25,depot,0.11087,-0.03721,0.0,0.0,0.0,0.0,0.0,0,0,0.0,1258.485697678619,0.0,0.0,1,Int64[]
13,bus stop,1.25632,-2.83721,3.644863217481171,238.8923167475548,0.0,239.3923167475548,5.607683252445213,5,5,238.8923167475548,255.76154449836986,0.5,5.607683252445227,1,"[90, 92, 98, 113, 141]"
10,bus stop,-0.14368,-1.43721,241.7777372142082,242.75979024690747,0.0,243.25979024690747,1.740209753092529,13,8,241.88968537036124,257.75979024690747,0.5,2.610314629638772,1,"[28, 59, 76, 81, 83, 87, 132, 144]"
23,transit stop,0.0,0.0,245.0,245.0,0.0,245.0,0.0,5,-8,245.0,260.0,0.0,2.610314629638772,1,Int64[]
23,transit stop,0.0,0.0,245.0,245.0,0.0,245.0,0.0,0,-5,245.0,260.0,0.0,5.607683252445227,1,Int64[]
25,depot,0.11087,-0.03721,245.14090072214074,245.14090072214074,0.0,245.14090072214074,0.0,0,0,0.0,1258.485697678619,0.0,0.0,1,Int64[]
