node,type_node,x,y,t_arr,t_begin_service,t_wait,t_departure,ride_time,num_passenger,qi,ei,li,service_or_chg_time,Li,lyr,cus_set
46,depot,0.0,0.0,0.0,0.0,0.0,0.0,0.0,0,0,0.0,1257.7941229306825,0.0,0.0,1,Int64[]
34,bus stop,2.01894,-1.83078,3.283629703043455,239.5745554454348,0.0,240.0745554454348,4.925444554565189,6,6,239.5745554454348,256.21637029695654,0.5,4.925444554565182,1,"[81, 82, 124, 160, 178, 185]"
27,bus stop,1.01894,-1.83078,241.27937472254325,241.9756249594537,0.0,242.4756249594537,2.524375040546289,18,12,240.71343743918055,256.9756249594537,0.5,3.786562560819452,1,"[48, 65, 69, 87, 106, 133, 135, 136, 140, 144, 171, 192]"
44,transit stop,0.0,0.0,245.0,245.0,0.0,245.0,0.0,6,-12,245.0,260.0,0.0,3.786562560819452,1,Int64[]
44,transit stop,0.0,0.0,245.0,245.0,0.0,245.0,0.0,0,-6,245.0,260.0,0.0,4.925444554565182,1,Int64[]
46,depot,0.0,0.0,245.0,245.0,0.0,245.0,0.0,0,0,0.0,1257.7941229306825,0.0,0.0,1,Int64[]
