node,type_node,x,y,t_arr,t_begin_service,t_wait,t_departure,ride_time,num_passenger,qi,ei,li,service_or_chg_time,Li,lyr,cus_set
203,depot,0.0,0.0,0.0,0.0,0.0,0.0,0.0,0,0,0.0,1257.8544875457383,0.0,0.0,1,Int64[]
25,bus stop,-14.10471,-12.15237,22.43109934956807,210.8533509756479,0.0,211.3533509756479,33.64664902435209,1,1,210.8533509756479,237.06890065043194,0.5,33.6466490243521,1,[303]
32,bus stop,-12.70471,-10.75237,213.73877144230133,214.42046125376402,0.0,214.92046125376402,30.079538746235983,3,2,214.42046125376402,239.446974169176,0.5,30.079538746235983,1,"[284, 348]"
39,bus stop,-11.30471,-9.35237,217.30588172041743,226.8230677571403,0.0,227.3230677571403,17.676932242859692,4,1,217.98460163571045,241.8230677571403,0.5,26.515398364289553,1,[244]
201,transit stop,0.0,0.0,245.0,245.0,0.0,245.0,0.0,3,-1,245.0,260.0,0.0,26.515398364289553,1,Int64[]
201,transit stop,0.0,0.0,245.0,245.0,0.0,245.0,0.0,1,-2,245.0,260.0,0.0,30.079538746235983,1,Int64[]
201,transit stop,0.0,0.0,245.0,245.0,0.0,245.0,0.0,0,-1,245.0,260.0,0.0,33.6466490243521,1,Int64[]
203,depot,0.0,0.0,245.0,245.0,0.0,245.0,0.0,0,0,0.0,1257.8544875457383,0.0,0.0,1,Int64[]
