node,type_node,x,y,t_arr,t_begin_service,t_wait,t_departure,ride_time,num_passenger,qi,ei,li,service_or_chg_time,Li,lyr,cus_set
162,depot,0.0,0.0,0.0,0.0,0.0,0.0,0.0,0,0,0.0,1258.2747269040033,0.0,0.0,1,Int64[]
152,bus stop,2.64264,0.98873,3.3994554358198075,239.4008168462703,0.0,239.9008168462703,5.099183153729712,2,2,239.4008168462703,256.1005445641802,0.5,5.099183153729712,1,"[204, 244]"
149,bus stop,2.44264,0.58873,240.43962840711362,240.43962840711362,0.0,240.93962840711362,4.0603715928863835,3,1,239.95918021041552,256.4727868069437,0.5,4.540819789584483,1,[195]
126,bus stop,1.64264,0.98873,242.01725152880027,242.19005847513213,0.0,242.69005847513213,2.3099415248678667,4,1,241.03508771269819,257.1900584751321,0.5,3.4649122873018046,1,[206]
160,transit stop,0.0,0.0,245.0,245.0,0.0,245.0,0.0,3,-1,245.0,260.0,0.0,3.4649122873018046,1,Int64[]
160,transit stop,0.0,0.0,245.0,245.0,0.0,245.0,0.0,2,-1,245.0,260.0,0.0,4.540819789584483,1,Int64[]
160,transit stop,0.0,0.0,245.0,245.0,0.0,245.0,0.0,0,-2,245.0,260.0,0.0,5.099183153729712,1,Int64[]
162,depot,0.0,0.0,245.0,245.0,0.0,245.0,0.0,0,0,0.0,1258.2747269040033,0.0,0.0,1,Int64[]
