node,type_node,x,y,t_arr,t_begin_service,t_wait,t_departure,ride_time,num_passenger,qi,ei,li,service_or_chg_time,Li,lyr,cus_set
222,depot,-1.04511,-0.14729,0.0,0.0,0.0,0.0,0.0,0,0,0.0,1257.7376585040874,0.0,0.0,1,Int64[]
10,bus stop,-22.86977,-11.37286,29.569151918167602,198.34065903556098,0.0,198.84065903556098,46.159340964439025,1,1,198.34065903556098,228.72710602370734,0.5,46.15934096443902,1,[241]
63,bus stop,-11.66977,-7.17286,213.25223161802427,219.74469385898308,0.0,220.24469385898308,24.755306141016916,2,1,219.74469385898308,242.9964625726554,0.5,24.75530614101691,1,[282]
83,bus stop,-7.46977,-7.17286,225.3049348228385,232.02285384693351,0.0,232.52285384693351,12.477146153066485,3,1,225.78428077040027,247.02285384693351,0.5,18.71571922959973,1,[358]
220,transit stop,0.0,0.0,245.0,245.0,0.0,245.0,0.0,2,-1,245.0,260.0,0.0,18.71571922959973,1,Int64[]
220,transit stop,0.0,0.0,245.0,245.0,0.0,245.0,0.0,1,-1,245.0,260.0,0.0,46.15934096443902,1,Int64[]
220,transit stop,0.0,0.0,245.0,245.0,0.0,245.0,0.0,0,-1,245.0,260.0,0.0,24.75530614101691,1,Int64[]
222,depot,-1.04511,-0.14729,246.27161198218695,246.27161198218695,0.0,246.27161198218695,0.0,0,0,0.0,1257.7376585040874,0.0,0.0,1,Int64[]
