node,type_node,x,y,t_arr,t_begin_service,t_wait,t_departure,ride_time,num_passenger,qi,ei,li,service_or_chg_time,Li,lyr,cus_set
42,depot,0.0,0.0,0.0,0.0,0.0,0.0,0.0,0,0,0.0,1258.497718754822,0.0,0.0,1,Int64[]
37,bus stop,3.51316,1.04067,4.414522154937927,237.8782167675931,0.0,238.3782167675931,6.621783232406898,1,1,237.8782167675931,255.0854778450621,0.5,6.621783232406891,1,[45]
36,bus stop,3.51316,-0.35933,240.0649637555449,240.2451945426841,0.0,240.7451945426841,4.254805457315911,4,3,238.11779181402613,255.2451945426841,0.5,6.382208185973852,1,"[48, 57, 84]"
40,transit stop,0.0,0.0,245.0,245.0,0.0,245.0,0.0,1,-3,245.0,260.0,0.0,6.382208185973852,1,Int64[]
40,transit stop,0.0,0.0,245.0,245.0,0.0,245.0,0.0,0,-1,245.0,260.0,0.0,6.621783232406891,1,Int64[]
42,depot,0.0,0.0,245.0,245.0,0.0,245.0,0.0,0,0,0.0,1258.497718754822,0.0,0.0,1,Int64[]
