node,type_node,x,y,t_arr,t_begin_service,t_wait,t_departure,ride_time,num_passenger,qi,ei,li,service_or_chg_time,Li,lyr,cus_set
183,depot,0.0,0.0,0.0,0.0,0.0,0.0,0.0,0,0,0.0,1258.3808846191994,0.0,0.0,1,Int64[]
140,bus stop,4.25624,8.38314,11.327391193799514,227.50891320930072,0.0,228.00891320930072,16.991086790699285,5,5,227.50891320930072,248.1726088062005,0.5,16.99108679069927,1,"[187, 493, 621, 625, 667]"
125,bus stop,2.85624,8.38314,229.69566019725252,229.69566019725252,0.0,230.19566019725252,14.804339802747478,14,9,228.49452698330444,248.8296846555363,0.5,16.005473016695554,1,"[188, 192, 252, 343, 386, 389, 535, 611, 680]"
111,bus stop,1.45624,9.78314,232.58108066390594,232.58321888146685,0.0,233.08321888146685,11.916781118533152,17,3,226.62482832220024,247.58321888146685,0.5,17.87517167779975,1,"[236, 519, 638]"
181,transit stop,0.0,0.0,245.0,245.0,0.0,245.0,0.0,14,-3,245.0,260.0,0.0,17.87517167779975,1,Int64[]
181,transit stop,0.0,0.0,245.0,245.0,0.0,245.0,0.0,5,-9,245.0,260.0,0.0,16.005473016695554,1,Int64[]
181,transit stop,0.0,0.0,245.0,245.0,0.0,245.0,0.0,0,-5,245.0,260.0,0.0,16.99108679069927,1,Int64[]
183,depot,0.0,0.0,245.0,245.0,0.0,245.0,0.0,0,0,0.0,1258.3808846191994,0.0,0.0,1,Int64[]
