node,type_node,x,y,t_arr,t_begin_service,t_wait,t_departure,ride_time,num_passenger,qi,ei,li,service_or_chg_time,Li,lyr,cus_set
183,depot,-0.80351,1.8093,0.0,0.0,0.0,0.0,0.0,0,0,0.0,1257.3451283557345,0.0,0.0,1,Int64[]
80,bus stop,-3.52573,10.38041,10.834963831313297,224.6876531488102,0.0,225.1876531488102,19.8123468511898,2,2,224.6876531488102,246.29176876587346,0.5,19.812346851189808,1,"[238, 252]"
92,bus stop,-0.72573,11.78041,228.95933407471347,228.95933407471347,0.0,229.45933407471347,15.540665925286532,4,2,223.16974145319014,245.2798276354601,0.5,21.330258546809866,1,"[288, 298]"
96,bus stop,0.67427,6.18041,236.41397006973122,237.00953983594474,0.0,237.50953983594474,7.490460164055264,5,1,233.2643097539171,252.00953983594474,0.5,11.235690246082903,1,[275]
181,transit stop,0.0,0.0,245.0,245.0,0.0,245.0,0.0,4,-1,245.0,260.0,0.0,11.235690246082903,1,Int64[]
181,transit stop,0.0,0.0,245.0,245.0,0.0,245.0,0.0,2,-2,245.0,260.0,0.0,21.330258546809866,1,Int64[]
181,transit stop,0.0,0.0,245.0,245.0,0.0,245.0,0.0,0,-2,245.0,260.0,0.0,19.812346851189808,1,Int64[]
183,depot,-0.80351,1.8093,247.3851754647263,247.3851754647263,0.0,247.3851754647263,0.0,0,0,0.0,1257.3451283557345,0.0,0.0,1,Int64[]
