node,type_node,x,y,t_arr,t_begin_service,t_wait,t_departure,ride_time,num_passenger,qi,ei,li,service_or_chg_time,Li,lyr,cus_set
456,depot,0.0,0.0,0.0,0.0,0.0,0.0,0.0,0,0,0.0,1256.9235671202969,0.0,0.0,1,Int64[]
280,bus stop,4.07423,-10.04966,13.065209131985046,224.90218630202241,0.0,225.40218630202241,19.597813697977585,2,2,224.90218630202241,246.43479086801494,0.5,19.59781369797757,1,"[577, 929]"
281,bus stop,4.07423,-8.64966,227.08893328997422,227.22077744492276,0.0,227.72077744492276,17.27922255507724,4,2,227.22077744492276,247.98051829661517,0.5,17.279222555077226,1,"[619, 811]"
260,bus stop,2.67423,-7.24966,230.10619791157617,235.19016286333377,0.0,235.69016286333377,9.309837136666232,6,2,230.53524429500064,250.19016286333377,0.5,13.964755704999359,1,"[634, 659]"
454,transit stop,0.0,0.0,245.0,245.0,0.0,245.0,0.0,4,-2,245.0,260.0,0.0,13.964755704999359,1,Int64[]
454,transit stop,0.0,0.0,245.0,245.0,0.0,245.0,0.0,2,-2,245.0,260.0,0.0,19.59781369797757,1,Int64[]
454,transit stop,0.0,0.0,245.0,245.0,0.0,245.0,0.0,0,-2,245.0,260.0,0.0,17.279222555077226,1,Int64[]
456,depot,0.0,0.0,245.0,245.0,0.0,245.0,0.0,0,0,0.0,1256.9235671202969,0.0,0.0,1,Int64[]
