node,type_node,x,y,t_arr,t_begin_service,t_wait,t_departure,ride_time,num_passenger,qi,ei,li,service_or_chg_time,Li,lyr,cus_set
36,depot,0.0,0.0,0.0,0.0,0.0,0.0,0.0,0,0,0.0,1256.1698888349483,0.0,0.0,1,Int64[]
27,bus stop,6.9336,-11.76144,16.449480136714996,219.8257797949275,0.0,220.3257797949275,24.674220205072487,1,1,219.8257797949275,243.050519863285,0.5,24.674220205072494,1,[39]
22,bus stop,2.9336,-14.36144,226.07366434522947,226.83975887859256,0.0,227.33975887859256,17.660241121407438,2,1,218.00963831788883,241.83975887859256,0.5,26.49036168211117,1,[47]
34,transit stop,0.0,0.0,245.0,245.0,0.0,245.0,0.0,1,-1,245.0,260.0,0.0,26.49036168211117,1,Int64[]
34,transit stop,0.0,0.0,245.0,245.0,0.0,245.0,0.0,0,-1,245.0,260.0,0.0,24.674220205072494,1,Int64[]
36,depot,0.0,0.0,245.0,245.0,0.0,245.0,0.0,0,0,0.0,1256.1698888349483,0.0,0.0,1,Int64[]
