node,type_node,x,y,t_arr,t_begin_service,t_wait,t_departure,ride_time,num_passenger,qi,ei,li,service_or_chg_time,Li,lyr,cus_set
131,depot,-0.24944,0.86474,0.0,0.0,0.0,0.0,0.0,0,0,0.0,1251.8092535725605,0.0,0.0,1,Int64[]
94,bus stop,18.90212,-32.43995,46.28740403018131,176.64726613690766,0.0,177.14726613690766,67.85273386309234,1,1,176.64726613690766,214.26484409127175,0.5,67.85273386309234,1,[133]
103,bus stop,20.30212,-28.23995,182.48122845526396,182.48122845526396,0.0,182.98122845526396,62.01877154473604,2,1,181.6439949806863,217.59599665379088,0.5,62.8560050193137,1,[192]
96,bus stop,18.90212,-19.83995,193.2413098316706,211.48457152789265,0.0,211.98457152789265,33.015428472107345,3,1,194.976857291839,226.48457152789265,0.5,49.523142708161004,1,[177]
129,transit stop,0.0,0.0,245.0,245.0,0.0,245.0,0.0,2,-1,245.0,260.0,0.0,49.523142708161004,1,Int64[]
129,transit stop,0.0,0.0,245.0,245.0,0.0,245.0,0.0,1,-1,245.0,260.0,0.0,62.8560050193137,1,Int64[]
129,transit stop,0.0,0.0,245.0,245.0,0.0,245.0,0.0,0,-1,245.0,260.0,0.0,67.85273386309234,1,Int64[]
131,depot,-0.24944,0.86474,246.0843343916961,246.0843343916961,0.0,246.0843343916961,0.0,0,0,0.0,1251.8092535725605,0.0,0.0,1,Int64[]
