node,type_node,x,y,t_arr,t_begin_service,t_wait,t_departure,ride_time,num_passenger,qi,ei,li,service_or_chg_time,Li,lyr,cus_set
64,depot,-0.35199,0.35449,0.0,0.0,0.0,0.0,0.0,0,0,0.0,1257.5559396116537,0.0,0.0,1,Int64[]
47,bus stop,3.41194,-5.13076,8.015004129730288,234.27869063076633,0.0,234.77869063076633,10.221309369233666,2,2,233.36447299063443,252.07631532708962,0.5,11.135527009365568,1,"[78, 89]"
52,bus stop,4.81194,-3.73076,237.16411109741975,237.16411109741975,0.0,237.66411109741975,7.335888902580251,3,1,233.4961666461296,252.16411109741975,0.5,11.003833353870384,1,[72]
62,transit stop,0.0,0.0,245.0,245.0,0.0,245.0,0.0,1,-2,245.0,260.0,0.0,11.135527009365568,1,Int64[]
62,transit stop,0.0,0.0,245.0,245.0,0.0,245.0,0.0,0,-1,245.0,260.0,0.0,11.003833353870384,1,Int64[]
64,depot,-0.35199,0.35449,245.60187942956065,245.60187942956065,0.0,245.60187942956065,0.0,0,0,0.0,1257.5559396116537,0.0,0.0,1,Int64[]
