node,type_node,x,y,t_arr,t_begin_service,t_wait,t_departure,ride_time,num_passenger,qi,ei,li,service_or_chg_time,Li,lyr,cus_set
247,depot,0.0,0.0,0.0,0.0,0.0,0.0,0.0,0,0,0.0,1258.33462618278,0.0,0.0,1,Int64[]
26,bus stop,-3.26133,-1.12702,4.157315718886433,238.26402642167034,0.0,238.76402642167034,6.235973578329663,1,1,238.26402642167034,255.34268428111358,0.5,6.235973578329649,1,[396]
74,bus stop,-1.66133,-1.12702,240.69173726504383,240.87192709650583,0.0,241.37192709650583,3.6280729034941714,2,1,240.87192709650583,257.0812847310039,0.5,3.6280729034941763,1,[382]
75,bus stop,-1.66133,-0.52702,242.09481866277088,242.4000973108349,0.0,242.9000973108349,2.0999026891651056,3,1,241.35014596625234,257.4000973108349,0.5,3.1498540337476575,1,[269]
245,transit stop,0.0,0.0,245.0,245.0,0.0,245.0,0.0,2,-1,245.0,260.0,0.0,3.1498540337476575,1,Int64[]
245,transit stop,0.0,0.0,245.0,245.0,0.0,245.0,0.0,1,-1,245.0,260.0,0.0,6.235973578329649,1,Int64[]
245,transit stop,0.0,0.0,245.0,245.0,0.0,245.0,0.0,0,-1,245.0,260.0,0.0,3.6280729034941763,1,Int64[]
247,depot,0.0,0.0,245.0,245.0,0.0,245.0,0.0,0,0,0.0,1258.33462618278,0.0,0.0,1,Int64[]
