node,type_node,x,y,t_arr,t_begin_service,t_wait,t_departure,ride_time,num_passenger,qi,ei,li,service_or_chg_time,Li,lyr,cus_set
105,depot,0.0,0.0,0.0,0.0,0.0,0.0,0.0,0,0,0.0,1258.2476554979448,0.0,0.0,1,Int64[]
61,bus stop,1.61222,-9.76112,11.919719665960356,226.62042050105947,0.0,227.12042050105947,17.87957949894053,1,1,226.62042050105947,247.58028033403966,0.5,17.879579498940533,1,[147]
46,bus stop,-1.18778,-9.76112,230.49391447696308,230.49391447696308,0.0,230.99391447696308,14.006085523036916,4,3,226.72929789215226,247.65286526143484,0.5,17.77070210784775,1,"[146, 170, 201]"
36,bus stop,-2.58778,-8.36112,233.3793349436165,233.95491035421304,0.0,234.45491035421304,10.545089645786959,5,1,228.68236553131956,248.95491035421304,0.5,15.817634468680435,1,[106]
103,transit stop,0.0,0.0,245.0,245.0,0.0,245.0,0.0,4,-1,245.0,260.0,0.0,15.817634468680435,1,Int64[]
103,transit stop,0.0,0.0,245.0,245.0,0.0,245.0,0.0,1,-3,245.0,260.0,0.0,17.77070210784775,1,Int64[]
103,transit stop,0.0,0.0,245.0,245.0,0.0,245.0,0.0,0,-1,245.0,260.0,0.0,17.879579498940533,1,Int64[]
105,depot,0.0,0.0,245.0,245.0,0.0,245.0,0.0,0,0,0.0,1258.2476554979448,0.0,0.0,1,Int64[]
