node,type_node,x,y,t_arr,t_begin_service,t_wait,t_departure,ride_time,num_passenger,qi,ei,li,service_or_chg_time,Li,lyr,cus_set
248,depot,0.0,0.0,0.0,0.0,0.0,0.0,0.0,0,0,0.0,1257.5536511761093,0.0,0.0,1,Int64[]
178,bus stop,6.58814,-10.61174,15.048796349669077,221.9268054754964,0.0,222.4268054754964,22.573194524503606,2,2,221.9268054754964,244.4512036503309,0.5,22.573194524503617,1,"[337, 379]"
192,bus stop,7.98814,-9.21174,224.8122259421498,224.8122259421498,0.0,225.3122259421498,19.68777405785019,5,3,222.46465900283425,244.80977266855618,0.5,22.03534099716574,1,"[304, 416, 484]"
168,bus stop,5.18814,-5.01174,231.3938786959445,235.80905683562656,0.0,236.30905683562656,8.690943164373437,8,3,231.46358525343982,250.80905683562656,0.5,13.036414746560173,1,"[310, 438, 468]"
246,transit stop,0.0,0.0,245.0,245.0,0.0,245.0,0.0,5,-3,245.0,260.0,0.0,13.036414746560173,1,Int64[]
246,transit stop,0.0,0.0,245.0,245.0,0.0,245.0,0.0,2,-3,245.0,260.0,0.0,22.03534099716574,1,Int64[]
246,transit stop,0.0,0.0,245.0,245.0,0.0,245.0,0.0,0,-2,245.0,260.0,0.0,22.573194524503617,1,Int64[]
248,depot,0.0,0.0,245.0,245.0,0.0,245.0,0.0,0,0,0.0,1257.5536511761093,0.0,0.0,1,Int64[]
