node,type_node,x,y,t_arr,t_begin_service,t_wait,t_departure,ride_time,num_passenger,qi,ei,li,service_or_chg_time,Li,lyr,cus_set
34,depot,0.0,0.0,0.0,0.0,0.0,0.0,0.0,0,0,0.0,1258.0329222884002,0.0,0.0,1,Int64[]
23,bus stop,1.19155,2.30215,3.123175565557685,239.81523665166347,0.0,240.31523665166347,4.684763348336531,1,1,239.81523665166347,256.3768244344423,0.5,4.684763348336528,1,[41]
24,bus stop,1.39155,0.90215,242.01910841355877,242.50192935817142,0.0,243.00192935817142,1.9980706418285763,2,1,241.50289403725714,257.5019293581714,0.5,2.9971059627428662,1,[44]
32,transit stop,0.0,0.0,245.0,245.0,0.0,245.0,0.0,1,-1,245.0,260.0,0.0,2.9971059627428662,1,Int64[]
32,transit stop,0.0,0.0,245.0,245.0,0.0,245.0,0.0,0,-1,245.0,260.0,0.0,4.684763348336528,1,Int64[]
34,depot,0.0,0.0,245.0,245.0,0.0,245.0,0.0,0,0,0.0,1258.0329222884002,0.0,0.0,1,Int64[]
