node,type_node,x,y,t_arr,t_begin_service,t_wait,t_departure,ride_time,num_passenger,qi,ei,li,service_or_chg_time,Li,lyr,cus_set
159,depot,1.77947,1.04111,0.0,0.0,0.0,0.0,0.0,0,0,0.0,1255.6897764311768,0.0,0.0,1,Int64[]
104,bus stop,11.23844,-11.67556,19.094990992742552,215.2127842665751,0.0,215.7127842665751,29.287215733424887,2,2,215.2127842665751,239.97518951105008,0.5,29.287215733424897,1,"[192, 262]"
116,bus stop,15.43844,-8.87556,221.7944370203698,221.7944370203698,0.0,222.2944370203698,22.7055629796302,3,1,212.31706379415579,238.04470919610387,0.5,32.182936205844214,1,[187]
100,bus stop,9.83844,-6.07556,229.8377988721763,230.56844745174814,0.0,231.06844745174814,13.931552548251858,4,1,223.6026711776222,245.56844745174814,0.5,20.897328822377805,1,[213]
157,transit stop,0.0,0.0,245.0,245.0,0.0,245.0,0.0,3,-1,245.0,260.0,0.0,20.897328822377805,1,Int64[]
157,transit stop,0.0,0.0,245.0,245.0,0.0,245.0,0.0,2,-1,245.0,260.0,0.0,32.182936205844214,1,Int64[]
157,transit stop,0.0,0.0,245.0,245.0,0.0,245.0,0.0,0,-2,245.0,260.0,0.0,29.287215733424897,1,Int64[]
159,depot,1.77947,1.04111,247.48392232197614,247.48392232197614,0.0,247.48392232197614,0.0,0,0,0.0,1255.6897764311768,0.0,0.0,1,Int64[]
