node,type_node,x,y,t_arr,t_begin_service,t_wait,t_departure,ride_time,num_passenger,qi,ei,li,service_or_chg_time,Li,lyr,cus_set
34,depot,0.0,0.0,0.0,0.0,0.0,0.0,0.0,0,0,0.0,1258.7130440070355,0.0,0.0,1,Int64[]
19,bus stop,3.84397,-14.2261,17.75455741904935,217.86816387142596,0.0,218.36816387142596,26.631836128574037,1,1,217.86816387142596,241.74544258095065,0.5,26.631836128574022,1,[40]
28,bus stop,8.04397,-8.6261,226.801898811185,226.801898811185,0.0,227.301898811185,17.698101188815002,2,1,223.1842689507305,245.28951263382032,0.5,21.3157310492695,1,[54]
22,bus stop,5.24397,-8.6261,230.6753927870886,232.3373614773627,0.0,232.8373614773627,12.162638522637309,3,1,226.25604221604402,247.33736147736266,0.5,18.243957783955985,1,[39]
32,transit stop,0.0,0.0,245.0,245.0,0.0,245.0,0.0,2,-1,245.0,260.0,0.0,18.243957783955985,1,Int64[]
32,transit stop,0.0,0.0,245.0,245.0,0.0,245.0,0.0,1,-1,245.0,260.0,0.0,21.3157310492695,1,Int64[]
32,transit stop,0.0,0.0,245.0,245.0,0.0,245.0,0.0,0,-1,245.0,260.0,0.0,26.631836128574022,1,Int64[]
34,depot,0.0,0.0,245.0,245.0,0.0,245.0,0.0,0,0,0.0,1258.7130440070355,0.0,0.0,1,Int64[]
