node,type_node,x,y,t_arr,t_begin_service,t_wait,t_departure,ride_time,num_passenger,qi,ei,li,service_or_chg_time,Li,lyr,cus_set
345,depot,0.0,0.0,0.0,0.0,0.0,0.0,0.0,0,0,0.0,1256.5541541430218,0.0,0.0,1,Int64[]
275,bus stop,13.66547,2.94582,16.842620499280084,219.23606925107987,0.0,219.73606925107987,25.26393074892013,2,2,219.23606925107987,242.6573795007199,0.5,25.263930748920124,1,"[513, 527]"
295,bus stop,16.46547,2.94582,223.10956322698348,224.3470949577441,0.0,224.8470949577441,20.152905042255895,3,1,214.27064243661616,239.3470949577441,0.5,30.22935756338385,1,[399]
343,transit stop,0.0,0.0,245.0,245.0,0.0,245.0,0.0,2,-1,245.0,260.0,0.0,30.22935756338385,1,Int64[]
343,transit stop,0.0,0.0,245.0,245.0,0.0,245.0,0.0,0,-2,245.0,260.0,0.0,25.263930748920124,1,Int64[]
345,depot,0.0,0.0,245.0,245.0,0.0,245.0,0.0,0,0,0.0,1256.5541541430218,0.0,0.0,1,Int64[]
