node,type_node,x,y,t_arr,t_begin_service,t_wait,t_departure,ride_time,num_passenger,qi,ei,li,service_or_chg_time,Li,lyr,cus_set
33,depot,0.0,0.0,0.0,0.0,0.0,0.0,0.0,0,0,0.0,1257.4464188865202,0.0,0.0,1,Int64[]
29,bus stop,10.48639,9.64247,17.163563091653238,218.75465536252014,0.0,219.25465536252014,25.74534463747986,1,1,218.75465536252014,242.33643690834677,0.5,25.745344637479857,1,[46]
27,bus stop,10.48639,5.44247,224.31489632637556,224.31489632637556,0.0,224.81489632637556,20.18510367362444,2,1,223.14830699877965,245.26553799918642,0.5,21.35169300122036,1,[38]
24,bus stop,6.28639,6.84247,230.14885864473186,233.3050247327718,0.0,233.8050247327718,11.194975267228187,3,1,227.7075370991577,248.3050247327718,0.5,16.7924629008423,1,[34]
31,transit stop,0.0,0.0,245.0,245.0,0.0,245.0,0.0,2,-1,245.0,260.0,0.0,16.7924629008423,1,Int64[]
31,transit stop,0.0,0.0,245.0,245.0,0.0,245.0,0.0,1,-1,245.0,260.0,0.0,25.745344637479857,1,Int64[]
31,transit stop,0.0,0.0,245.0,245.0,0.0,245.0,0.0,0,-1,245.0,260.0,0.0,21.35169300122036,1,Int64[]
33,depot,0.0,0.0,245.0,245.0,0.0,245.0,0.0,0,0,0.0,1257.4464188865202,0.0,0.0,1,Int64[]
