node,type_node,x,y,t_arr,t_begin_service,t_wait,t_departure,ride_time,num_passenger,qi,ei,li,service_or_chg_time,Li,lyr,cus_set
152,depot,0.0,0.0,0.0,0.0,0.0,0.0,0.0,0,0,0.0,1255.5437459070743,0.0,0.0,1,Int64[]
72,bus stop,3.96783,1.53794,5.12705946816498,236.80941079775252,0.0,237.30941079775252,7.69058920224748,1,1,236.80941079775252,254.372940531835,0.5,7.69058920224747,1,[223]
65,bus stop,2.56783,2.93794,239.69483126440593,239.7988510139452,0.0,240.2988510139452,4.70114898605479,2,1,237.4482765209178,254.7988510139452,0.5,7.051723479082195,1,[164]
150,transit stop,0.0,0.0,245.0,245.0,0.0,245.0,0.0,1,-1,245.0,260.0,0.0,7.051723479082195,1,Int64[]
150,transit stop,0.0,0.0,245.0,245.0,0.0,245.0,0.0,0,-1,245.0,260.0,0.0,7.69058920224747,1,Int64[]
152,depot,0.0,0.0,245.0,245.0,0.0,245.0,0.0,0,0,0.0,1255.5437459070743,0.0,0.0,1,Int64[]
