node,type_node,x,y,t_arr,t_begin_service,t_wait,t_departure,ride_time,num_passenger,qi,ei,li,service_or_chg_time,Li,lyr,cus_set
251,depot,0.0,0.0,0.0,0.0,0.0,0.0,0.0,0,0,0.0,1257.5536511761093,0.0,0.0,1,Int64[]
186,bus stop,6.58814,-2.21174,8.372877023921658,231.9406844641175,0.0,232.4406844641175,12.55931553588249,1,1,231.9406844641175,251.12712297607834,0.5,12.559315535882487,1,[425]
185,bus stop,6.58814,-3.61174,234.12743145206932,234.12743145206932,0.0,234.62743145206932,10.372568547930683,3,2,230.92191805949582,250.44794537299722,0.5,13.578081940504168,1,"[315, 411]"
169,bus stop,5.18814,-3.61174,236.31417844002112,236.88372538762465,0.0,237.38372538762465,7.616274612375349,4,1,233.07558808143696,251.88372538762465,0.5,11.424411918563033,1,[379]
249,transit stop,0.0,0.0,245.0,245.0,0.0,245.0,0.0,3,-1,245.0,260.0,0.0,11.424411918563033,1,Int64[]
249,transit stop,0.0,0.0,245.0,245.0,0.0,245.0,0.0,1,-2,245.0,260.0,0.0,13.578081940504168,1,Int64[]
249,transit stop,0.0,0.0,245.0,245.0,0.0,245.0,0.0,0,-1,245.0,260.0,0.0,12.559315535882487,1,Int64[]
251,depot,0.0,0.0,245.0,245.0,0.0,245.0,0.0,0,0,0.0,1257.5536511761093,0.0,0.0,1,Int64[]
