node,type_node,x,y,t_arr,t_begin_service,t_wait,t_departure,ride_time,num_passenger,qi,ei,li,service_or_chg_time,Li,lyr,cus_set
263,depot,0.0,0.0,0.0,0.0,0.0,0.0,0.0,0,0,0.0,1138.6028708228723,0.0,0.0,1,Int64[]
149,bus stop,-9.21768,7.57774,14.376668172218098,102.93499774167284,0.0,103.43499774167284,21.565002258327155,1,1,102.93499774167284,125.1233318277819,0.5,21.565002258327148,2,[346]
151,bus stop,-9.21768,10.37774,106.80849171757646,107.77673032223234,0.0,108.27673032223234,16.72326967776766,3,2,99.41509548334851,122.77673032223234,0.5,25.08490451665149,2,"[351, 352]"
259,transit stop,0.0,0.0,125.0,125.0,0.0,125.0,0.0,1,-2,125.0,140.0,0.0,25.08490451665149,2,Int64[]
259,transit stop,0.0,0.0,125.0,125.0,0.0,125.0,0.0,0,-1,125.0,140.0,0.0,21.565002258327148,2,Int64[]
263,depot,0.0,0.0,125.0,125.0,0.0,125.0,0.0,0,0,0.0,1138.6028708228723,0.0,0.0,1,Int64[]
