node,type_node,x,y,t_arr,t_begin_service,t_wait,t_departure,ride_time,num_passenger,qi,ei,li,service_or_chg_time,Li,lyr,cus_set
263,depot,0.0,0.0,0.0,0.0,0.0,0.0,0.0,0,0,0.0,1138.6028708228723,0.0,0.0,1,Int64[]
177,bus stop,-3.61768,3.37774,5.963153918825362,115.55526912176195,0.0,116.05526912176195,8.944730878238047,2,2,115.55526912176195,133.53684608117464,0.5,8.944730878238042,2,"[316, 357]"
186,bus stop,-2.21768,1.97774,118.44068958841537,119.12989595792568,0.0,119.62989595792568,5.370104042074317,3,1,119.12989595792568,135.91993063861713,0.5,5.370104042074312,2,[318]
194,bus stop,-0.81768,1.97774,121.31664294587749,121.92155836092645,0.0,122.42155836092645,2.578441639073546,4,1,120.63233754138967,136.92155836092644,0.5,3.867662458610323,2,[335]
259,transit stop,0.0,0.0,125.0,125.0,0.0,125.0,0.0,3,-1,125.0,140.0,0.0,3.867662458610323,2,Int64[]
259,transit stop,0.0,0.0,125.0,125.0,0.0,125.0,0.0,1,-2,125.0,140.0,0.0,8.944730878238042,2,Int64[]
259,transit stop,0.0,0.0,125.0,125.0,0.0,125.0,0.0,0,-1,125.0,140.0,0.0,5.370104042074312,2,Int64[]
263,depot,0.0,0.0,125.0,125.0,0.0,125.0,0.0,0,0,0.0,1138.6028708228723,0.0,0.0,1,Int64[]
