node,type_node,x,y,t_arr,t_begin_service,t_wait,t_departure,ride_time,num_passenger,qi,ei,li,service_or_chg_time,Li,lyr,cus_set
28,depot,0.0,0.0,0.0,0.0,0.0,0.0,0.0,0,0,0.0,1252.0873884102575,0.0,0.0,1,Int64[]
20,bus stop,9.08639,11.04247,17.22927908172612,218.65608137741083,0.0,219.15608137741083,25.84391862258917,1,1,218.65608137741083,242.27072091827387,0.5,25.84391862258918,1,[45]
17,bus stop,6.28639,8.24247,223.92692231071766,231.11827774482,0.0,231.61827774482,13.381722255179994,2,1,225.76599876060692,247.0106658404046,0.5,18.734001239393088,1,[32]
16,bus stop,6.28639,6.84247,233.3050247327718,233.3050247327718,0.0,233.8050247327718,11.194975267228187,3,1,227.7075370991577,248.3050247327718,0.5,16.7924629008423,1,[29]
26,transit stop,0.0,0.0,245.0,245.0,0.0,245.0,0.0,2,-1,245.0,260.0,0.0,18.734001239393088,1,Int64[]
26,transit stop,0.0,0.0,245.0,245.0,0.0,245.0,0.0,1,-1,245.0,260.0,0.0,16.7924629008423,1,Int64[]
26,transit stop,0.0,0.0,245.0,245.0,0.0,245.0,0.0,0,-1,245.0,260.0,0.0,25.84391862258918,1,Int64[]
28,depot,0.0,0.0,245.0,245.0,0.0,245.0,0.0,0,0,0.0,1252.0873884102575,0.0,0.0,1,Int64[]
