node,type_node,x,y,t_arr,t_begin_service,t_wait,t_departure,ride_time,num_passenger,qi,ei,li,service_or_chg_time,Li,lyr,cus_set
181,depot,0.0,0.0,0.0,0.0,0.0,0.0,0.0,0,0,0.0,1258.0663284612729,0.0,0.0,1,Int64[]
142,bus stop,6.67485,0.28853,8.049497773445443,234.48362768990205,0.0,234.98362768990205,10.01637231009795,1,1,232.42575333983183,251.45050222655456,0.5,12.074246660168164,1,[195]
120,bus stop,5.47485,-0.91147,237.0282738041764,237.0282738041764,0.0,237.5282738041764,7.4717261958236065,2,1,234.46951155292348,252.81300770194898,0.5,10.030488447076529,1,[201]
119,bus stop,5.47485,-1.11147,237.76923765959808,237.76923765959808,0.0,238.26923765959808,8.788636690472146,3,1,234.4038564893971,252.76923765959808,0.5,10.096143510602893,1,[266]
179,transit stop,0.0,0.0,245.0,245.0,0.0,245.0,0.0,2,-1,245.0,260.0,0.0,12.074246660168164,1,Int64[]
179,transit stop,0.0,0.0,245.0,245.0,0.0,245.0,0.0,1,-1,245.0,260.0,0.0,10.030488447076529,1,Int64[]
179,transit stop,0.0,0.0,245.0,245.0,0.0,245.0,0.0,0,-1,245.0,260.0,0.0,10.096143510602893,1,Int64[]
181,depot,0.0,0.0,245.0,245.0,0.0,245.0,0.0,0,0,0.0,1258.0663284612729,0.0,0.0,1,Int64[]
