busStop_ID,busStop_X,busStop_Y
1,-27.44793,2.96226
2,-27.44793,4.36226
3,-26.04793,2.96226
4,-24.64793,2.96226
5,-6.44793,0.16226
6,-6.44793,11.36226
7,-5.04793,11.36226
8,-3.64793,-8.23774
9,-3.64793,-6.83774
10,3.35207,-19.43774
11,4.75207,-19.43774
12,7.55207,11.36226
13,17.35207,0.16226
14,17.35207,1.56226
15,18.75207,-1.23774
16,18.75207,0.16226
17,18.75207,1.56226
18,20.15207,-2.63774
19,20.15207,-1.23774
