node,type_node,x,y,t_arr,t_begin_service,t_wait,t_departure,ride_time,num_passenger,qi,ei,li,service_or_chg_time,Li,lyr,cus_set
35,depot,0.0,0.0,0.0,0.0,0.0,0.0,0.0,0,0,0.0,1254.9133080952313,0.0,0.0,1,Int64[]
7,bus stop,-7.73304,8.44217,13.793478189805937,230.70652181019406,0.0,231.20652181019406,13.793478189805938,1,1,223.8097827152911,245.70652181019406,0.5,20.690217284708904,1,[45]
33,transit stop,0.0,0.0,245.0,245.0,0.0,245.0,0.0,0,-1,245.0,260.0,0.0,20.690217284708904,1,Int64[]
35,depot,0.0,0.0,245.0,245.0,0.0,245.0,0.0,0,0,0.0,1254.9133080952313,0.0,0.0,1,Int64[]
