node,type_node,x,y,t_arr,t_begin_service,t_wait,t_departure,ride_time,num_passenger,qi,ei,li,service_or_chg_time,Li,lyr,cus_set
301,depot,0.0,0.0,0.0,0.0,0.0,0.0,0.0,0,0,0.0,1258.1786084088396,0.0,0.0,1,Int64[]
197,bus stop,5.25812,15.32741,19.523178093239768,215.21523286014036,0.0,215.71523286014036,29.28476713985964,1,1,215.21523286014036,239.97682190676022,0.5,29.284767139859653,1,[362]
183,bus stop,3.85812,12.52741,219.48691378604363,220.81074498516017,0.0,221.31074498516017,23.68925501483983,2,1,220.81074498516017,243.7071633234401,0.5,23.68925501483984,1,[530]
185,bus stop,3.85812,15.32741,224.68423896106378,225.4572000637293,0.0,225.9572000637293,19.04279993627071,4,2,215.93580009559392,240.4572000637293,0.5,28.564199904406077,1,"[418, 423]"
299,transit stop,0.0,0.0,245.0,245.0,0.0,245.0,0.0,2,-2,245.0,260.0,0.0,28.564199904406077,1,Int64[]
299,transit stop,0.0,0.0,245.0,245.0,0.0,245.0,0.0,1,-1,245.0,260.0,0.0,23.68925501483984,1,Int64[]
299,transit stop,0.0,0.0,245.0,245.0,0.0,245.0,0.0,0,-1,245.0,260.0,0.0,29.284767139859653,1,Int64[]
301,depot,0.0,0.0,245.0,245.0,0.0,245.0,0.0,0,0,0.0,1258.1786084088396,0.0,0.0,1,Int64[]
