node,type_node,x,y,t_arr,t_begin_service,t_wait,t_departure,ride_time,num_passenger,qi,ei,li,service_or_chg_time,Li,lyr,cus_set
51,depot,0.0,0.0,0.0,0.0,0.0,0.0,0.0,0,0,0.0,1257.3788282802902,0.0,0.0,1,Int64[]
7,bus stop,-3.55363,2.06143,4.949707851193272,237.07543822321009,0.0,237.57543822321009,7.424561776789915,4,4,237.07543822321009,254.55029214880673,0.5,7.424561776789909,1,"[108, 138, 181, 196]"
6,bus stop,-3.55363,0.66143,239.2621852111619,239.2621852111619,0.0,239.7621852111619,5.237814788838108,8,4,237.96747970128575,255.14498646752384,0.5,6.532520298714246,1,"[74, 77, 111, 116]"
13,bus stop,-2.15363,0.66143,241.4489321991137,241.78564836869975,0.0,242.28564836869975,2.7143516313002465,14,6,240.42847255304963,256.78564836869975,0.5,4.0715274469503635,1,"[60, 73, 126, 130, 133, 176]"
49,transit stop,0.0,0.0,245.0,245.0,0.0,245.0,0.0,8,-6,245.0,260.0,0.0,4.0715274469503635,1,Int64[]
49,transit stop,0.0,0.0,245.0,245.0,0.0,245.0,0.0,4,-4,245.0,260.0,0.0,6.532520298714246,1,Int64[]
49,transit stop,0.0,0.0,245.0,245.0,0.0,245.0,0.0,0,-4,245.0,260.0,0.0,7.424561776789909,1,Int64[]
51,depot,0.0,0.0,245.0,245.0,0.0,245.0,0.0,0,0,0.0,1257.3788282802902,0.0,0.0,1,Int64[]
