node,type_node,x,y,t_arr,t_begin_service,t_wait,t_departure,ride_time,num_passenger,qi,ei,li,service_or_chg_time,Li,lyr,cus_set
163,depot,0.68501,1.18211,0.0,0.0,0.0,0.0,0.0,0,0,0.0,1256.971859688023,0.0,0.0,1,Int64[]
2,bus stop,-22.93999,-5.16164,29.47214989585863,202.00568498309764,0.0,202.50568498309764,42.49431501690236,1,1,202.00568498309764,231.17045665539843,0.5,42.49431501690238,1,[176]
5,bus stop,-20.13999,-10.76164,210.04904683490415,210.04904683490415,0.0,210.54904683490415,34.450953165095854,2,1,203.2321308043928,231.9880872029285,0.5,41.26786919560722,1,[228]
8,bus stop,-18.73999,-13.56164,214.32072776080742,216.62970691589098,0.0,217.12970691589098,27.870293084109022,3,1,202.69456037383645,231.62970691589098,0.5,41.80543962616355,1,[165]
161,transit stop,0.0,0.0,245.0,245.0,0.0,245.0,0.0,2,-1,245.0,260.0,0.0,41.80543962616355,1,Int64[]
161,transit stop,0.0,0.0,245.0,245.0,0.0,245.0,0.0,1,-1,245.0,260.0,0.0,41.26786919560722,1,Int64[]
161,transit stop,0.0,0.0,245.0,245.0,0.0,245.0,0.0,0,-1,245.0,260.0,0.0,42.49431501690238,1,Int64[]
163,depot,0.68501,1.18211,246.6460771457641,246.6460771457641,0.0,246.6460771457641,0.0,0,0,0.0,1256.971859688023,0.0,0.0,1,Int64[]
