node,type_node,x,y,t_arr,t_begin_service,t_wait,t_departure,ride_time,num_passenger,qi,ei,li,service_or_chg_time,Li,lyr,cus_set
50,depot,0.0,0.0,0.0,0.0,0.0,0.0,0.0,0,0,0.0,1257.5935568803982,0.0,0.0,1,Int64[]
17,bus stop,-1.87428,3.49027,4.773108702712339,237.34033694593148,0.0,237.84033694593148,7.159663054068517,3,3,237.34033694593148,254.72689129728766,0.5,7.159663054068508,1,"[56, 88, 117]"
16,bus stop,-1.87428,2.09027,239.5270839338833,239.5270839338833,0.0,240.0270839338833,4.97291606611671,5,2,239.42617329624957,256.11744886416636,0.5,5.0738267037504166,1,"[98, 137]"
23,bus stop,-0.47428,2.09027,241.7138309218351,241.91758849769772,0.0,242.41758849769772,2.5824115023022784,10,5,240.6263827465466,256.91758849769775,0.5,3.873617253453417,1,"[81, 90, 100, 108, 145]"
48,transit stop,0.0,0.0,245.0,245.0,0.0,245.0,0.0,5,-5,245.0,260.0,0.0,3.873617253453417,1,Int64[]
48,transit stop,0.0,0.0,245.0,245.0,0.0,245.0,0.0,3,-2,245.0,260.0,0.0,5.0738267037504166,1,Int64[]
48,transit stop,0.0,0.0,245.0,245.0,0.0,245.0,0.0,0,-3,245.0,260.0,0.0,7.159663054068508,1,Int64[]
50,depot,0.0,0.0,245.0,245.0,0.0,245.0,0.0,0,0,0.0,1257.5935568803982,0.0,0.0,1,Int64[]
