node,type_node,x,y,t_arr,t_begin_service,t_wait,t_departure,ride_time,num_passenger,qi,ei,li,service_or_chg_time,Li,lyr,cus_set
50,depot,0.0,0.0,0.0,0.0,0.0,0.0,0.0,0,0,0.0,1257.5935568803982,0.0,0.0,1,Int64[]
19,bus stop,-0.47428,-4.90973,5.9428729332926915,235.58569060006096,0.0,236.08569060006096,8.914309399939043,3,3,235.58569060006096,253.5571270667073,0.5,8.914309399939038,1,"[59, 106, 144]"
26,bus stop,0.92572,-4.90973,237.77243758801276,237.77243758801276,0.0,238.27243758801276,6.727562411987236,4,1,235.47065203956882,253.48043469304588,0.5,9.029347960431188,1,[136]
27,bus stop,0.92572,-3.50973,239.95918457596457,240.1267944282918,0.0,240.6267944282918,4.373205571708212,9,5,237.94019164243767,255.1267944282918,0.5,6.559808357562327,1,"[77, 78, 83, 89, 107]"
48,transit stop,0.0,0.0,245.0,245.0,0.0,245.0,0.0,4,-5,245.0,260.0,0.0,6.559808357562327,1,Int64[]
48,transit stop,0.0,0.0,245.0,245.0,0.0,245.0,0.0,3,-1,245.0,260.0,0.0,9.029347960431188,1,Int64[]
48,transit stop,0.0,0.0,245.0,245.0,0.0,245.0,0.0,0,-3,245.0,260.0,0.0,8.914309399939038,1,Int64[]
50,depot,0.0,0.0,245.0,245.0,0.0,245.0,0.0,0,0,0.0,1257.5935568803982,0.0,0.0,1,Int64[]
