node,type_node,x,y,t_arr,t_begin_service,t_wait,t_departure,ride_time,num_passenger,qi,ei,li,service_or_chg_time,Li,lyr,cus_set
24,depot,0.0,0.0,0.0,0.0,0.0,0.0,0.0,0,0,0.0,1258.497912404444,0.0,0.0,1,Int64[]
17,bus stop,1.30334,2.64298,3.550444891661742,240.94955510833825,0.0,241.44955510833825,3.550444891661755,6,6,239.1743326625074,255.94955510833825,0.5,5.325667337492613,1,"[32, 35, 48, 60, 80, 84]"
22,transit stop,0.0,0.0,245.0,245.0,0.0,245.0,0.0,0,-6,245.0,260.0,0.0,5.325667337492613,1,Int64[]
24,depot,0.0,0.0,245.0,245.0,0.0,245.0,0.0,0,0,0.0,1258.497912404444,0.0,0.0,1,Int64[]
