node,type_node,x,y,t_arr,t_begin_service,t_wait,t_departure,ride_time,num_passenger,qi,ei,li,service_or_chg_time,Li,lyr,cus_set
54,depot,0.0,0.0,0.0,0.0,0.0,0.0,0.0,0,0,0.0,1258.8648301815297,0.0,0.0,1,Int64[]
39,bus stop,2.08525,2.04665,3.5202674668520295,240.97973253314797,0.0,241.47973253314797,3.520267466852033,8,8,239.21959879972195,255.97973253314797,0.5,5.280401200278044,1,"[61, 95, 125, 202, 204, 217, 251, 276]"
52,transit stop,0.0,0.0,245.0,245.0,0.0,245.0,0.0,0,-8,245.0,260.0,0.0,5.280401200278044,1,Int64[]
54,depot,0.0,0.0,245.0,245.0,0.0,245.0,0.0,0,0,0.0,1258.8648301815297,0.0,0.0,1,Int64[]
