node,type_node,x,y,t_arr,t_begin_service,t_wait,t_departure,ride_time,num_passenger,qi,ei,li,service_or_chg_time,Li,lyr,cus_set
275,depot,0.0,0.0,0.0,0.0,0.0,0.0,0.0,0,0,0.0,1138.8159482278143,0.0,0.0,1,Int64[]
270,bus stop,19.06703,1.86269,23.08168505580218,89.87747241629674,0.0,90.37747241629674,34.62252758370326,1,1,89.87747241629674,116.41831494419782,0.5,34.62252758370327,2,[366]
267,bus stop,17.66703,0.46269,92.76289288295015,92.76289288295015,0.0,93.26289288295015,31.737107117049845,3,2,92.56068476677217,118.20712317784812,0.5,31.93931523322783,2,"[355, 363]"
258,bus stop,14.86703,-2.33731,98.03373381625698,106.3679062191955,0.0,106.8679062191955,18.132093780804496,4,1,97.30185932879326,121.3679062191955,0.5,27.198140671206744,2,[351]
271,transit stop,0.0,0.0,125.0,125.0,0.0,125.0,0.0,3,-1,125.0,140.0,0.0,27.198140671206744,2,Int64[]
271,transit stop,0.0,0.0,125.0,125.0,0.0,125.0,0.0,2,-1,125.0,140.0,0.0,34.62252758370327,2,Int64[]
271,transit stop,0.0,0.0,125.0,125.0,0.0,125.0,0.0,0,-2,125.0,140.0,0.0,31.93931523322783,2,Int64[]
275,depot,0.0,0.0,125.0,125.0,0.0,125.0,0.0,0,0,0.0,1138.8159482278143,0.0,0.0,1,Int64[]
