node,type_node,x,y,t_arr,t_begin_service,t_wait,t_departure,ride_time,num_passenger,qi,ei,li,service_or_chg_time,Li,lyr,cus_set
55,depot,0.0,0.0,0.0,0.0,0.0,0.0,0.0,0,0,0.0,1258.8510044894504,0.0,0.0,1,Int64[]
49,bus stop,4.90231,-2.14984,6.449380300371379,234.82592954944295,0.0,235.32592954944295,9.674070450557053,3,3,234.82592954944295,253.0506196996286,0.5,9.674070450557068,1,"[61, 154, 337]"
44,bus stop,3.50231,-2.14984,237.01267653739475,237.07319340617613,0.0,237.57319340617613,7.426806593823869,14,11,237.07319340617613,254.54879560411743,0.5,7.426806593823863,1,"[59, 65, 219, 268, 312, 386, 402, 470, 474, 509, 530]"
37,bus stop,2.10231,-2.14984,239.25994039412794,240.87721454078158,0.0,241.37721454078158,3.62278545921842,24,10,239.06582181117236,255.87721454078155,0.5,5.434178188827639,1,"[150, 220, 236, 252, 275, 283, 320, 384, 419, 505]"
53,transit stop,0.0,0.0,245.0,245.0,0.0,245.0,0.0,14,-10,245.0,260.0,0.0,5.434178188827639,1,Int64[]
53,transit stop,0.0,0.0,245.0,245.0,0.0,245.0,0.0,11,-3,245.0,260.0,0.0,9.674070450557068,1,Int64[]
53,transit stop,0.0,0.0,245.0,245.0,0.0,245.0,0.0,0,-11,245.0,260.0,0.0,7.426806593823863,1,Int64[]
55,depot,0.0,0.0,245.0,245.0,0.0,245.0,0.0,0,0,0.0,1258.8510044894504,0.0,0.0,1,Int64[]
