node,type_node,x,y,t_arr,t_begin_service,t_wait,t_departure,ride_time,num_passenger,qi,ei,li,service_or_chg_time,Li,lyr,cus_set
651,depot,0.0,0.0,0.0,0.0,0.0,0.0,0.0,0,0,0.0,1258.601024542765,0.0,0.0,1,Int64[]
337,bus stop,1.1109,15.06211,18.19641136731155,217.20538294903267,0.0,217.70538294903267,27.294617050967332,1,1,217.20538294903267,241.30358863268845,0.5,27.294617050967325,1,[894]
379,bus stop,3.9109,16.46211,221.47706387493594,224.11410876206392,0.0,224.61410876206392,20.38589123793608,2,1,213.9211631430959,239.11410876206392,0.5,30.578836856904108,1,[807]
649,transit stop,0.0,0.0,245.0,245.0,0.0,245.0,0.0,1,-1,245.0,260.0,0.0,30.578836856904108,1,Int64[]
649,transit stop,0.0,0.0,245.0,245.0,0.0,245.0,0.0,0,-1,245.0,260.0,0.0,27.294617050967325,1,Int64[]
651,depot,0.0,0.0,245.0,245.0,0.0,245.0,0.0,0,0,0.0,1258.601024542765,0.0,0.0,1,Int64[]
