node,type_node,x,y,t_arr,t_begin_service,t_wait,t_departure,ride_time,num_passenger,qi,ei,li,service_or_chg_time,Li,lyr,cus_set
651,depot,0.0,0.0,0.0,0.0,0.0,0.0,0.0,0,0,0.0,1258.601024542765,0.0,0.0,1,Int64[]
161,bus stop,-11.4891,6.66211,16.00112169742173,220.4983174538674,0.0,220.9983174538674,24.0016825461326,1,1,220.4983174538674,243.49887830257828,0.5,24.001682546132596,1,[893]
121,bus stop,-14.2891,6.66211,224.37181142977101,225.5049976218388,0.0,226.0049976218388,18.99500237816119,3,2,216.00749643275822,240.5049976218388,0.5,28.49250356724179,1,"[790, 1143]"
649,transit stop,0.0,0.0,245.0,245.0,0.0,245.0,0.0,1,-2,245.0,260.0,0.0,28.49250356724179,1,Int64[]
649,transit stop,0.0,0.0,245.0,245.0,0.0,245.0,0.0,0,-1,245.0,260.0,0.0,24.001682546132596,1,Int64[]
651,depot,0.0,0.0,245.0,245.0,0.0,245.0,0.0,0,0,0.0,1258.601024542765,0.0,0.0,1,Int64[]
