node,type_node,x,y,t_arr,t_begin_service,t_wait,t_departure,ride_time,num_passenger,qi,ei,li,service_or_chg_time,Li,lyr,cus_set
147,depot,0.0,0.0,0.0,0.0,0.0,0.0,0.0,0,0,0.0,1256.0754269292715,0.0,0.0,1,Int64[]
118,bus stop,9.57189,16.60049,23.087221768513693,221.4127782314863,0.0,221.9127782314863,23.0872217685137,1,1,209.86916734722945,236.4127782314863,0.5,34.630832652770536,1,[190]
145,transit stop,0.0,0.0,245.0,245.0,0.0,245.0,0.0,0,-1,245.0,260.0,0.0,34.630832652770536,1,Int64[]
147,depot,0.0,0.0,245.0,245.0,0.0,245.0,0.0,0,0,0.0,1256.0754269292715,0.0,0.0,1,Int64[]
