node,type_node,x,y,t_arr,t_begin_service,t_wait,t_departure,ride_time,num_passenger,qi,ei,li,service_or_chg_time,Li,lyr,cus_set
23,depot,0.0,0.0,0.0,0.0,0.0,0.0,0.0,0,0,0.0,1258.4321237552485,0.0,0.0,1,Int64[]
20,bus stop,2.69779,1.30398,3.610124857557344,239.08481271366398,0.0,239.58481271366398,5.415187286336021,3,3,239.08481271366398,255.88987514244263,0.5,5.415187286336016,1,"[25, 37, 100]"
15,bus stop,1.29779,-0.09602,241.9702331803174,242.93212375524848,0.0,243.43212375524848,1.5678762447515169,7,4,242.1481856328727,257.9321237552485,0.5,2.3518143671272895,1,"[56, 87, 111, 117]"
21,transit stop,0.0,0.0,245.0,245.0,0.0,245.0,0.0,3,-4,245.0,260.0,0.0,2.3518143671272895,1,Int64[]
21,transit stop,0.0,0.0,245.0,245.0,0.0,245.0,0.0,0,-3,245.0,260.0,0.0,5.415187286336016,1,Int64[]
23,depot,0.0,0.0,245.0,245.0,0.0,245.0,0.0,0,0,0.0,1258.4321237552485,0.0,0.0,1,Int64[]
