node,type_node,x,y,t_arr,t_begin_service,t_wait,t_departure,ride_time,num_passenger,qi,ei,li,service_or_chg_time,Li,lyr,cus_set
229,depot,0.0,0.0,0.0,0.0,0.0,0.0,0.0,0,0,0.0,1257.706226641491,0.0,0.0,1,Int64[]
103,bus stop,-1.07185,-12.42656,15.02734990791454,221.95897513812818,0.0,222.45897513812818,22.54102486187182,1,1,221.95897513812818,244.47265009208547,0.5,22.541024861871808,1,[336]
92,bus stop,-3.87185,-11.02656,226.23065606403145,230.41977819639345,0.0,230.91977819639345,14.080221803606548,2,1,223.37966729459018,245.41977819639345,0.5,21.120332705409833,1,[241]
227,transit stop,0.0,0.0,245.0,245.0,0.0,245.0,0.0,1,-1,245.0,260.0,0.0,21.120332705409833,1,Int64[]
227,transit stop,0.0,0.0,245.0,245.0,0.0,245.0,0.0,0,-1,245.0,260.0,0.0,22.541024861871808,1,Int64[]
229,depot,0.0,0.0,245.0,245.0,0.0,245.0,0.0,0,0,0.0,1257.706226641491,0.0,0.0,1,Int64[]
