node,type_node,x,y,t_arr,t_begin_service,t_wait,t_departure,ride_time,num_passenger,qi,ei,li,service_or_chg_time,Li,lyr,cus_set
157,depot,0.0,0.0,0.0,0.0,0.0,0.0,0.0,0,0,0.0,1258.2687936829795,0.0,0.0,1,Int64[]
67,bus stop,-0.55736,2.78873,3.4263639301066346,239.36045410484004,0.0,239.86045410484004,5.139545895159955,1,1,239.36045410484004,256.0736360698934,0.5,5.1395458951599515,1,[228]
62,bus stop,-0.75736,2.58873,240.20122845721912,240.20122845721912,0.0,240.70122845721912,4.298771542780884,2,1,239.62546533508225,256.25031022338817,0.5,4.874534664917738,1,[212]
53,bus stop,-0.95736,1.98873,241.46322307412717,241.84076291900215,0.0,242.34076291900215,2.6592370809978547,3,1,240.51114437850322,256.84076291900215,0.5,3.9888556214967807,1,[164]
155,transit stop,0.0,0.0,245.0,245.0,0.0,245.0,0.0,2,-1,245.0,260.0,0.0,3.9888556214967807,1,Int64[]
155,transit stop,0.0,0.0,245.0,245.0,0.0,245.0,0.0,1,-1,245.0,260.0,0.0,4.874534664917738,1,Int64[]
155,transit stop,0.0,0.0,245.0,245.0,0.0,245.0,0.0,0,-1,245.0,260.0,0.0,5.1395458951599515,1,Int64[]
157,depot,0.0,0.0,245.0,245.0,0.0,245.0,0.0,0,0,0.0,1258.2687936829795,0.0,0.0,1,Int64[]
