node,type_node,x,y,t_arr,t_begin_service,t_wait,t_departure,ride_time,num_passenger,qi,ei,li,service_or_chg_time,Li,lyr,cus_set
23,depot,0.0,0.0,0.0,0.0,0.0,0.0,0.0,0,0,0.0,1258.4832590001715,0.0,0.0,1,Int64[]
20,bus stop,2.64801,1.23481,3.5201992036182137,239.21970119457268,0.0,239.71970119457268,5.280298805427321,3,3,239.21970119457268,255.97980079638177,0.5,5.2802988054273206,1,"[31, 43, 120]"
15,bus stop,1.24801,-0.16519,242.1051216612261,242.98325900017164,0.0,243.48325900017164,1.5167409998283574,7,4,242.22488850025746,257.98325900017164,0.5,2.2751114997425304,1,"[45, 58, 66, 89]"
21,transit stop,0.0,0.0,245.0,245.0,0.0,245.0,0.0,3,-4,245.0,260.0,0.0,2.2751114997425304,1,Int64[]
21,transit stop,0.0,0.0,245.0,245.0,0.0,245.0,0.0,0,-3,245.0,260.0,0.0,5.2802988054273206,1,Int64[]
23,depot,0.0,0.0,245.0,245.0,0.0,245.0,0.0,0,0,0.0,1258.4832590001715,0.0,0.0,1,Int64[]
