node,type_node,x,y,t_arr,t_begin_service,t_wait,t_departure,ride_time,num_passenger,qi,ei,li,service_or_chg_time,Li,lyr,cus_set
23,depot,0.0,0.0,0.0,0.0,0.0,0.0,0.0,0,0,0.0,1258.4832590001715,0.0,0.0,1,Int64[]
8,bus stop,-1.55199,2.63481,3.684245291899159,238.97363206215127,0.0,239.47363206215127,5.5263679378487325,7,7,238.97363206215127,255.81575470810083,0.5,5.526367937848738,1,"[28, 52, 53, 65, 71, 78, 84]"
12,bus stop,-0.15199,2.63481,241.16037905010307,241.32025282029076,0.0,241.82025282029076,3.1797471797092385,15,8,239.7303792304361,256.32025282029076,0.5,4.769620769563873,1,"[32, 34, 37, 39, 51, 62, 91, 113]"
21,transit stop,0.0,0.0,245.0,245.0,0.0,245.0,0.0,7,-8,245.0,260.0,0.0,4.769620769563873,1,Int64[]
21,transit stop,0.0,0.0,245.0,245.0,0.0,245.0,0.0,0,-7,245.0,260.0,0.0,5.526367937848738,1,Int64[]
23,depot,0.0,0.0,245.0,245.0,0.0,245.0,0.0,0,0,0.0,1258.4832590001715,0.0,0.0,1,Int64[]
