node,type_node,x,y,t_arr,t_begin_service,t_wait,t_departure,ride_time,num_passenger,qi,ei,li,service_or_chg_time,Li,lyr,cus_set
24,depot,0.0,0.0,0.0,0.0,0.0,0.0,0.0,0,0,0.0,1258.5268456407596,0.0,0.0,1,Int64[]
13,bus stop,1.20938,-2.98011,3.8748860315045497,238.6876709527432,0.0,239.1876709527432,5.81232904725681,19,19,238.6876709527432,255.62511396849544,0.5,5.812329047256824,1,"[93, 106, 110, 123, 153, 156, 177, 253, 270, 280, 292, 295, 297, 305, 381, 409, 417, 482, 518]"
9,bus stop,-0.19062,-2.98011,240.874417940695,240.9021684413967,0.0,241.4021684413967,3.5978315586033034,45,26,239.10325266209506,255.90216844139673,0.5,5.396747337904953,1,"[53, 62, 90, 92, 104, 119, 120, 178, 196, 220, 230, 240, 281, 282, 325, 338, 367, 384, 408, 413, 424, 446, 451, 470, 495, 511]"
22,transit stop,0.0,0.0,245.0,245.0,0.0,245.0,0.0,19,-26,245.0,260.0,0.0,5.396747337904953,1,Int64[]
22,transit stop,0.0,0.0,245.0,245.0,0.0,245.0,0.0,0,-19,245.0,260.0,0.0,5.812329047256824,1,Int64[]
24,depot,0.0,0.0,245.0,245.0,0.0,245.0,0.0,0,0,0.0,1258.5268456407596,0.0,0.0,1,Int64[]
