node,type_node,x,y,t_arr,t_begin_service,t_wait,t_departure,ride_time,num_passenger,qi,ei,li,service_or_chg_time,Li,lyr,cus_set
40,depot,0.0,0.0,0.0,0.0,0.0,0.0,0.0,0,0,0.0,1257.5530328434263,0.0,0.0,1,Int64[]
18,bus stop,-5.412,-17.2367,21.766705705460083,211.84994144180988,0.0,212.34994144180988,32.650058558190125,1,1,211.84994144180988,237.73329429453992,0.5,32.650058558190125,1,[56]
11,bus stop,-9.212,-10.2367,221.94623433421464,221.94623433421464,0.0,222.44623433421464,22.553765665785363,2,1,219.61195967010508,242.9079731134034,0.5,24.88804032989493,1,[45]
22,bus stop,-3.012,-6.6367,231.08404075779774,235.71903022231547,0.0,236.21903022231547,8.780969777684533,3,1,231.32854533347322,250.71903022231547,0.5,13.171454666526794,1,[57]
38,transit stop,0.0,0.0,245.0,245.0,0.0,245.0,0.0,2,-1,245.0,260.0,0.0,13.171454666526794,1,Int64[]
38,transit stop,0.0,0.0,245.0,245.0,0.0,245.0,0.0,1,-1,245.0,260.0,0.0,24.88804032989493,1,Int64[]
38,transit stop,0.0,0.0,245.0,245.0,0.0,245.0,0.0,0,-1,245.0,260.0,0.0,32.650058558190125,1,Int64[]
40,depot,0.0,0.0,245.0,245.0,0.0,245.0,0.0,0,0,0.0,1257.5530328434263,0.0,0.0,1,Int64[]
