node,type_node,x,y,t_arr,t_begin_service,t_wait,t_departure,ride_time,num_passenger,qi,ei,li,service_or_chg_time,Li,lyr,cus_set
106,depot,0.0,0.0,0.0,0.0,0.0,0.0,0.0,0,0,0.0,1258.2141108944359,0.0,0.0,1,Int64[]
28,bus stop,-3.69782,-7.00537,9.54389372180236,230.18415941729646,0.0,230.68415941729646,14.315840582703544,2,2,230.18415941729646,249.95610627819764,0.5,14.31584058270354,1,"[130, 185]"
21,bus stop,-5.09782,-7.00537,232.37090640524826,233.5239650535188,0.0,234.0239650535188,10.976034946481207,4,2,228.8423687571919,249.0615791714613,0.5,15.657631242808087,1,"[160, 204]"
29,bus stop,-3.69782,-5.60537,236.4093855201722,236.4093855201722,0.0,236.9093855201722,8.090614479827792,7,3,232.36407828025833,251.4093855201722,0.5,12.135921719741678,1,"[112, 157, 181]"
104,transit stop,0.0,0.0,245.0,245.0,0.0,245.0,0.0,5,-2,245.0,260.0,0.0,15.657631242808087,1,Int64[]
104,transit stop,0.0,0.0,245.0,245.0,0.0,245.0,0.0,2,-3,245.0,260.0,0.0,12.135921719741678,1,Int64[]
104,transit stop,0.0,0.0,245.0,245.0,0.0,245.0,0.0,0,-2,245.0,260.0,0.0,14.31584058270354,1,Int64[]
106,depot,0.0,0.0,245.0,245.0,0.0,245.0,0.0,0,0,0.0,1258.2141108944359,0.0,0.0,1,Int64[]
