node,type_node,x,y,t_arr,t_begin_service,t_wait,t_departure,ride_time,num_passenger,qi,ei,li,service_or_chg_time,Li,lyr,cus_set
230,depot,0.0,0.0,0.0,0.0,0.0,0.0,0.0,0,0,0.0,1256.12870968382,0.0,0.0,1,Int64[]
40,bus stop,-19.47713,5.57063,24.407346305678036,207.88898054148294,0.0,208.38898054148294,36.61101945851706,1,1,207.88898054148294,235.09265369432197,0.5,36.611019458517056,1,[248]
34,bus stop,-20.87713,8.37063,212.1606614673862,217.400349384475,0.0,217.900349384475,27.099650615525007,2,1,203.8505240767125,232.400349384475,0.5,40.649475923287504,1,[249]
228,transit stop,0.0,0.0,245.0,245.0,0.0,245.0,0.0,1,-1,245.0,260.0,0.0,40.649475923287504,1,Int64[]
228,transit stop,0.0,0.0,245.0,245.0,0.0,245.0,0.0,0,-1,245.0,260.0,0.0,36.611019458517056,1,Int64[]
230,depot,0.0,0.0,245.0,245.0,0.0,245.0,0.0,0,0,0.0,1256.12870968382,0.0,0.0,1,Int64[]
