node,type_node,x,y,t_arr,t_begin_service,t_wait,t_departure,ride_time,num_passenger,qi,ei,li,service_or_chg_time,Li,lyr,cus_set
44,depot,0.0,0.0,0.0,0.0,0.0,0.0,0.0,0,0,0.0,1257.5627452253805,0.0,0.0,1,Int64[]
9,bus stop,-1.92664,-2.01666,3.360314022282671,239.459528966576,0.0,239.959528966576,5.040471033424012,1,1,239.459528966576,256.1396859777173,0.5,5.040471033424007,1,[67]
10,bus stop,-1.92664,-0.61666,241.6462759545278,242.06274522538044,0.0,242.56274522538044,2.4372547746195607,3,2,240.84411783807064,257.0627452253804,0.5,3.6558821619293473,1,"[45, 71]"
42,transit stop,0.0,0.0,245.0,245.0,0.0,245.0,0.0,1,-2,245.0,260.0,0.0,3.6558821619293473,1,Int64[]
42,transit stop,0.0,0.0,245.0,245.0,0.0,245.0,0.0,0,-1,245.0,260.0,0.0,5.040471033424007,1,Int64[]
44,depot,0.0,0.0,245.0,245.0,0.0,245.0,0.0,0,0,0.0,1257.5627452253805,0.0,0.0,1,Int64[]
