node,type_node,x,y,t_arr,t_begin_service,t_wait,t_departure,ride_time,num_passenger,qi,ei,li,service_or_chg_time,Li,lyr,cus_set
55,depot,0.0,0.0,0.0,0.0,0.0,0.0,0.0,0,0,0.0,1258.8510044894504,0.0,0.0,1,Int64[]
3,bus stop,-4.89769,0.65016,5.952596816278051,235.5711047755829,0.0,236.0711047755829,8.92889522441709,7,7,235.5711047755829,253.54740318372194,0.5,8.928895224417076,1,"[66, 195, 227, 233, 274, 316, 536]"
2,bus stop,-4.89769,-0.74984,237.75785176353472,237.75785176353472,0.0,238.25785176353472,6.742148236465283,13,6,235.54561797688325,253.53041198458882,0.5,8.954382023116764,1,"[158, 244, 334, 364, 376, 538]"
7,bus stop,-3.49769,-0.74984,239.94459875148652,240.19016502098071,0.0,240.69016502098071,4.309834979019286,30,17,238.03524753147104,255.19016502098071,0.5,6.46475246852895,1,"[81, 94, 114, 211, 234, 239, 302, 332, 340, 380, 424, 446, 481, 485, 504, 520, 551]"
53,transit stop,0.0,0.0,245.0,245.0,0.0,245.0,0.0,13,-17,245.0,260.0,0.0,6.46475246852895,1,Int64[]
53,transit stop,0.0,0.0,245.0,245.0,0.0,245.0,0.0,6,-7,245.0,260.0,0.0,8.928895224417076,1,Int64[]
53,transit stop,0.0,0.0,245.0,245.0,0.0,245.0,0.0,0,-6,245.0,260.0,0.0,8.954382023116764,1,Int64[]
55,depot,0.0,0.0,245.0,245.0,0.0,245.0,0.0,0,0,0.0,1258.8510044894504,0.0,0.0,1,Int64[]
