node,type_node,x,y,t_arr,t_begin_service,t_wait,t_departure,ride_time,num_passenger,qi,ei,li,service_or_chg_time,Li,lyr,cus_set
223,depot,0.0,0.0,0.0,0.0,0.0,0.0,0.0,0,0,0.0,1258.2296017327512,0.0,0.0,1,Int64[]
219,bus stop,2.84024,0.46072,3.466704156181864,239.2999437657272,0.0,239.7999437657272,5.200056234272807,2,2,239.2999437657272,256.0332958438181,0.5,5.200056234272796,1,"[243, 323]"
214,bus stop,2.64024,0.66072,240.14071811810626,240.14071811810626,0.0,240.64071811810626,4.359281881893736,3,1,239.58134232275575,256.2208948818372,0.5,4.918657677244248,1,[347]
211,bus stop,2.44024,1.06072,241.1795296789496,241.29420746366273,0.0,241.79420746366273,3.2057925363372703,5,2,239.6913111954941,256.29420746366276,0.5,4.808688804505897,1,"[330, 349]"
221,transit stop,0.0,0.0,245.0,245.0,0.0,245.0,0.0,3,-2,245.0,260.0,0.0,4.808688804505897,1,Int64[]
221,transit stop,0.0,0.0,245.0,245.0,0.0,245.0,0.0,1,-2,245.0,260.0,0.0,5.200056234272796,1,Int64[]
221,transit stop,0.0,0.0,245.0,245.0,0.0,245.0,0.0,0,-1,245.0,260.0,0.0,4.918657677244248,1,Int64[]
223,depot,0.0,0.0,245.0,245.0,0.0,245.0,0.0,0,0,0.0,1258.2296017327512,0.0,0.0,1,Int64[]
