node,type_node,x,y,t_arr,t_begin_service,t_wait,t_departure,ride_time,num_passenger,qi,ei,li,service_or_chg_time,Li,lyr,cus_set
223,depot,0.0,0.0,0.0,0.0,0.0,0.0,0.0,0,0,0.0,1258.2296017327512,0.0,0.0,1,Int64[]
100,bus stop,-0.55976,-2.93928,3.6049469599190074,239.4195311539928,0.0,239.9195311539928,5.080468846007193,1,1,239.0925795601215,255.895053040081,0.5,5.407420439878511,1,[324]
116,bus stop,-0.15976,-2.73928,240.45834271483614,240.45834271483614,0.0,240.95834271483614,4.041657285163865,2,1,239.54108169025452,256.1940544601697,0.5,4.958918309745481,1,[253]
124,bus stop,0.04024,-2.73928,241.19930657025782,241.19930657025782,0.0,241.69930657025782,3.6276450236134963,3,1,239.54895985538673,256.1993065702578,0.5,4.9510401446132875,1,[299]
221,transit stop,0.0,0.0,245.0,245.0,0.0,245.0,0.0,2,-1,245.0,260.0,0.0,5.407420439878511,1,Int64[]
221,transit stop,0.0,0.0,245.0,245.0,0.0,245.0,0.0,1,-1,245.0,260.0,0.0,4.958918309745481,1,Int64[]
221,transit stop,0.0,0.0,245.0,245.0,0.0,245.0,0.0,0,-1,245.0,260.0,0.0,4.9510401446132875,1,Int64[]
223,depot,0.0,0.0,245.0,245.0,0.0,245.0,0.0,0,0,0.0,1258.2296017327512,0.0,0.0,1,Int64[]
