node,type_node,x,y,t_arr,t_begin_service,t_wait,t_departure,ride_time,num_passenger,qi,ei,li,service_or_chg_time,Li,lyr,cus_set
35,depot,0.0,0.0,0.0,0.0,0.0,0.0,0.0,0,0,0.0,1258.7130440070355,0.0,0.0,1,Int64[]
6,bus stop,-7.35603,1.1739,8.974829609142276,235.5251703908577,0.0,236.0251703908577,8.97482960914229,1,1,231.03775558628658,250.52517039085774,0.5,13.462244413713414,1,[47]
33,transit stop,0.0,0.0,245.0,245.0,0.0,245.0,0.0,0,-1,245.0,260.0,0.0,13.462244413713414,1,Int64[]
35,depot,0.0,0.0,245.0,245.0,0.0,245.0,0.0,0,0,0.0,1258.7130440070355,0.0,0.0,1,Int64[]
