node,type_node,x,y,t_arr,t_begin_service,t_wait,t_departure,ride_time,num_passenger,qi,ei,li,service_or_chg_time,Li,lyr,cus_set
47,depot,0.0,0.0,0.0,0.0,0.0,0.0,0.0,0,0,0.0,1257.7941229306825,0.0,0.0,1,Int64[]
31,bus stop,1.01894,2.16922,2.887485607580012,240.16877158863,0.0,240.66877158863,4.331228411370006,14,14,240.16877158863,256.61251439242,0.5,4.331228411370018,1,"[56, 69, 77, 83, 103, 115, 124, 129, 144, 153, 164, 169, 180, 189]"
24,bus stop,0.01894,2.16922,241.87359086573844,241.88638230921396,0.0,242.38638230921396,2.613617690786043,24,10,240.57957346382094,256.88638230921396,0.5,3.9204265361790687,1,"[73, 78, 85, 95, 96, 120, 149, 150, 163, 197]"
45,transit stop,0.0,0.0,245.0,245.0,0.0,245.0,0.0,14,-10,245.0,260.0,0.0,3.9204265361790687,1,Int64[]
45,transit stop,0.0,0.0,245.0,245.0,0.0,245.0,0.0,0,-14,245.0,260.0,0.0,4.331228411370018,1,Int64[]
47,depot,0.0,0.0,245.0,245.0,0.0,245.0,0.0,0,0,0.0,1257.7941229306825,0.0,0.0,1,Int64[]
