node,type_node,x,y,t_arr,t_begin_service,t_wait,t_departure,ride_time,num_passenger,qi,ei,li,service_or_chg_time,Li,lyr,cus_set
173,depot,0.0,0.0,0.0,0.0,0.0,0.0,0.0,0,0,0.0,1256.9079704334886,0.0,0.0,1,Int64[]
156,bus stop,7.62169,5.45039,11.28915724422984,227.56626413365524,0.0,228.06626413365524,16.93373586634476,1,1,227.56626413365524,248.21084275577016,0.5,16.933735866344758,1,[268]
131,bus stop,4.42169,7.45039,232.61276106476686,232.61276106476686,0.0,233.11276106476686,11.887238935233142,2,1,228.8427154410578,249.06181029403854,0.5,15.657284558942187,1,[238]
130,bus stop,4.42169,5.85039,235.04047190814035,235.66460706044808,0.0,236.16460706044808,8.835392939551923,3,1,231.24691059067212,250.66460706044808,0.5,13.253089409327881,1,[183]
171,transit stop,0.0,0.0,245.0,245.0,0.0,245.0,0.0,2,-1,245.0,260.0,0.0,13.253089409327881,1,Int64[]
171,transit stop,0.0,0.0,245.0,245.0,0.0,245.0,0.0,1,-1,245.0,260.0,0.0,16.933735866344758,1,Int64[]
171,transit stop,0.0,0.0,245.0,245.0,0.0,245.0,0.0,0,-1,245.0,260.0,0.0,15.657284558942187,1,Int64[]
173,depot,0.0,0.0,245.0,245.0,0.0,245.0,0.0,0,0,0.0,1256.9079704334886,0.0,0.0,1,Int64[]
