busStop_ID,busStop_X,busStop_Y
1,-7.52339,-3.68935
2,-6.12339,-10.68935
3,-6.12339,-3.68935
4,-4.72339,-0.88935
5,-4.72339,4.71065
6,-3.32339,-2.28935
7,0.87661,-13.48935
8,0.87661,4.71065
9,0.87661,6.11065
10,2.27661,-13.48935
11,3.67661,7.51065
12,6.47661,-7.88935
13,6.47661,-6.48935
14,13.47661,-6.48935
15,13.47661,-5.08935
