node,type_node,x,y,t_arr,t_begin_service,t_wait,t_departure,ride_time,num_passenger,qi,ei,li,service_or_chg_time,Li,lyr,cus_set
109,depot,0.0,0.0,0.0,0.0,0.0,0.0,0.0,0,0,0.0,1258.340283284022,0.0,0.0,1,Int64[]
24,bus stop,-3.98778,-6.96112,9.665593172025552,230.00161024196166,0.0,230.50161024196166,14.498389758038343,1,1,230.00161024196166,249.83440682797445,0.5,14.498389758038329,1,[176]
26,bus stop,-3.98778,-2.76112,235.56185120581708,235.73425546402385,0.0,236.23425546402385,8.765744535976154,5,4,235.73425546402385,253.65617030934925,0.5,8.765744535976145,1,"[121, 132, 148, 208]"
38,bus stop,-2.58778,-1.36112,238.61967593067726,240.9772161886669,0.0,241.4772161886669,3.522783811333113,7,2,239.21582428300033,255.9772161886669,0.5,5.2841757169996635,1,"[137, 149]"
107,transit stop,0.0,0.0,245.0,245.0,0.0,245.0,0.0,5,-2,245.0,260.0,0.0,5.2841757169996635,1,Int64[]
107,transit stop,0.0,0.0,245.0,245.0,0.0,245.0,0.0,1,-4,245.0,260.0,0.0,8.765744535976145,1,Int64[]
107,transit stop,0.0,0.0,245.0,245.0,0.0,245.0,0.0,0,-1,245.0,260.0,0.0,14.498389758038329,1,Int64[]
109,depot,0.0,0.0,245.0,245.0,0.0,245.0,0.0,0,0,0.0,1258.340283284022,0.0,0.0,1,Int64[]
