node,type_node,x,y,t_arr,t_begin_service,t_wait,t_departure,ride_time,num_passenger,qi,ei,li,service_or_chg_time,Li,lyr,cus_set
180,depot,0.0,0.0,0.0,0.0,0.0,0.0,0.0,0,0,0.0,1258.3808846191994,0.0,0.0,1,Int64[]
111,bus stop,2.85624,-9.81686,12.317993994344574,226.02300900848314,0.0,226.52300900848314,18.476990991516857,2,2,226.02300900848314,247.18200600565544,0.5,18.47699099151686,1,"[240, 284]"
83,bus stop,0.05624,-9.81686,229.89650298438676,229.89650298438676,0.0,230.39650298438676,14.603497015613243,5,3,226.7583956098327,247.67226373988845,0.5,17.741604390167318,1,"[295, 332, 567]"
68,bus stop,-1.34376,-9.81686,232.08324997233856,232.56216620404376,0.0,233.06216620404376,11.937833795956237,8,3,226.59324930606562,247.56216620404376,0.5,17.90675069393437,1,"[261, 338, 663]"
178,transit stop,0.0,0.0,245.0,245.0,0.0,245.0,0.0,5,-3,245.0,260.0,0.0,17.90675069393437,1,Int64[]
178,transit stop,0.0,0.0,245.0,245.0,0.0,245.0,0.0,3,-2,245.0,260.0,0.0,18.47699099151686,1,Int64[]
178,transit stop,0.0,0.0,245.0,245.0,0.0,245.0,0.0,0,-3,245.0,260.0,0.0,17.741604390167318,1,Int64[]
180,depot,0.0,0.0,245.0,245.0,0.0,245.0,0.0,0,0,0.0,1258.3808846191994,0.0,0.0,1,Int64[]
