node,type_node,x,y,t_arr,t_begin_service,t_wait,t_departure,ride_time,num_passenger,qi,ei,li,service_or_chg_time,Li,lyr,cus_set
180,depot,0.0,0.0,0.0,0.0,0.0,0.0,0.0,0,0,0.0,1258.3808846191994,0.0,0.0,1,Int64[]
66,bus stop,-2.74376,8.38314,10.627384003098339,228.5589239953525,0.0,229.0589239953525,15.941076004647499,4,4,228.5589239953525,248.87261599690166,0.5,15.941076004647508,1,"[272, 392, 465, 515]"
38,bus stop,-5.54376,6.98314,232.83060492125577,232.83060492125577,0.0,233.33060492125577,11.66939507874423,10,6,228.38649735096652,248.75766490064433,0.5,16.113502649033492,1,"[181, 274, 362, 366, 426, 584]"
37,bus stop,-5.54376,5.58314,235.01735190920758,235.02053527823247,0.0,235.52053527823247,9.479464721767528,15,5,230.2808029173487,250.02053527823247,0.5,14.219197082651307,1,"[238, 287, 301, 421, 512]"
178,transit stop,0.0,0.0,245.0,245.0,0.0,245.0,0.0,10,-5,245.0,260.0,0.0,14.219197082651307,1,Int64[]
178,transit stop,0.0,0.0,245.0,245.0,0.0,245.0,0.0,6,-4,245.0,260.0,0.0,15.941076004647508,1,Int64[]
178,transit stop,0.0,0.0,245.0,245.0,0.0,245.0,0.0,0,-6,245.0,260.0,0.0,16.113502649033492,1,Int64[]
180,depot,0.0,0.0,245.0,245.0,0.0,245.0,0.0,0,0,0.0,1258.3808846191994,0.0,0.0,1,Int64[]
