node,type_node,x,y,t_arr,t_begin_service,t_wait,t_departure,ride_time,num_passenger,qi,ei,li,service_or_chg_time,Li,lyr,cus_set
73,depot,0.0,0.0,0.0,0.0,0.0,0.0,0.0,0,0,0.0,1258.2396995244799,0.0,0.0,1,Int64[]
12,bus stop,-2.13724,-0.55869,2.661513504595267,241.83848649540474,0.0,242.33848649540474,2.6615135045952627,15,15,240.5077297431071,256.8384864954047,0.5,3.9922702568929007,1,"[81, 85, 99, 100, 130, 137, 146, 154, 161, 162, 178, 179, 197, 200, 209]"
71,transit stop,0.0,0.0,245.0,245.0,0.0,245.0,0.0,0,-15,245.0,260.0,0.0,3.9922702568929007,1,Int64[]
73,depot,0.0,0.0,245.0,245.0,0.0,245.0,0.0,0,0,0.0,1258.2396995244799,0.0,0.0,1,Int64[]
