node,type_node,x,y,t_arr,t_begin_service,t_wait,t_departure,ride_time,num_passenger,qi,ei,li,service_or_chg_time,Li,lyr,cus_set
35,depot,0.0,0.0,0.0,0.0,0.0,0.0,0.0,0,0,0.0,1251.7489782771088,0.0,0.0,1,Int64[]
24,bus stop,17.09754,-16.11878,28.310457250842457,216.18954274915754,0.0,216.68954274915754,28.31045725084246,1,1,202.03431412373632,231.18954274915754,0.5,42.465685876263684,1,[50]
33,transit stop,0.0,0.0,245.0,245.0,0.0,245.0,0.0,0,-1,245.0,260.0,0.0,42.465685876263684,1,Int64[]
35,depot,0.0,0.0,245.0,245.0,0.0,245.0,0.0,0,0,0.0,1251.7489782771088,0.0,0.0,1,Int64[]
