node,type_node,x,y,t_arr,t_begin_service,t_wait,t_departure,ride_time,num_passenger,qi,ei,li,service_or_chg_time,Li,lyr,cus_set
131,depot,0.0,0.0,0.0,0.0,0.0,0.0,0.0,0,0,0.0,1257.1395399623082,0.0,0.0,1,Int64[]
125,bus stop,12.08812,-0.63344,14.583982337338226,222.62402649399266,0.0,223.12402649399266,21.87597350600734,1,1,222.62402649399266,244.91601766266177,0.5,21.875973506007337,1,[140]
127,bus stop,13.48812,2.16656,226.89570741989593,226.89570741989593,0.0,227.39570741989593,17.604292580104072,2,1,219.811416522472,243.04094434831467,0.5,24.68858347752801,1,[158]
117,bus stop,10.68812,0.76656,231.1673883457992,231.58967003588748,0.0,232.08967003588748,12.91032996411252,3,1,225.13450505383122,246.58967003588748,0.5,19.365494946168777,1,[199]
129,transit stop,0.0,0.0,245.0,245.0,0.0,245.0,0.0,2,-1,245.0,260.0,0.0,19.365494946168777,1,Int64[]
129,transit stop,0.0,0.0,245.0,245.0,0.0,245.0,0.0,1,-1,245.0,260.0,0.0,24.68858347752801,1,Int64[]
129,transit stop,0.0,0.0,245.0,245.0,0.0,245.0,0.0,0,-1,245.0,260.0,0.0,21.875973506007337,1,Int64[]
131,depot,0.0,0.0,245.0,245.0,0.0,245.0,0.0,0,0,0.0,1257.1395399623082,0.0,0.0,1,Int64[]
