node,type_node,x,y,t_arr,t_begin_service,t_wait,t_departure,ride_time,num_passenger,qi,ei,li,service_or_chg_time,Li,lyr,cus_set
131,depot,0.0,0.0,0.0,0.0,0.0,0.0,0.0,0,0,0.0,1257.1395399623082,0.0,0.0,1,Int64[]
53,bus stop,-0.51188,-9.03344,10.90112195221665,228.14831707167502,0.0,228.64831707167502,16.351682928324976,1,1,228.14831707167502,248.59887804778336,0.5,16.351682928324976,1,[153]
52,bus stop,-0.51188,-10.43344,230.33506405962683,230.33506405962683,0.0,230.83506405962683,14.16493594037317,3,2,225.62170617842844,246.91447078561896,0.5,18.878293821571557,1,"[134, 135]"
45,bus stop,-1.91188,-4.83344,237.78970005464458,238.23755529944398,0.0,238.73755529944398,6.262444700556017,4,1,235.10633294916596,253.23755529944398,0.5,9.393667050834026,1,[133]
129,transit stop,0.0,0.0,245.0,245.0,0.0,245.0,0.0,3,-1,245.0,260.0,0.0,9.393667050834026,1,Int64[]
129,transit stop,0.0,0.0,245.0,245.0,0.0,245.0,0.0,1,-2,245.0,260.0,0.0,18.878293821571557,1,Int64[]
129,transit stop,0.0,0.0,245.0,245.0,0.0,245.0,0.0,0,-1,245.0,260.0,0.0,16.351682928324976,1,Int64[]
131,depot,0.0,0.0,245.0,245.0,0.0,245.0,0.0,0,0,0.0,1257.1395399623082,0.0,0.0,1,Int64[]
