node,type_node,x,y,t_arr,t_begin_service,t_wait,t_departure,ride_time,num_passenger,qi,ei,li,service_or_chg_time,Li,lyr,cus_set
279,depot,0.0,0.0,0.0,0.0,0.0,0.0,0.0,0,0,0.0,1138.9773380720962,0.0,0.0,1,Int64[]
188,bus stop,-3.66327,13.34243,16.670101105374417,101.62832592210317,0.0,102.12832592210317,22.871674077896827,1,1,99.49484834193836,122.82989889462559,0.5,25.005151658061628,2,[330]
216,bus stop,0.53673,13.34243,107.1885668859586,107.1885668859586,0.0,107.6885668859586,19.444910694206214,2,1,100.3676724636907,123.41178164246045,0.5,24.13232753630931,2,[331]
204,bus stop,-0.86327,11.94243,110.07398735261201,110.07398735261201,0.0,110.57398735261201,14.426012647387992,3,1,102.860981028918,125.07398735261201,0.5,21.639018971081992,2,[339]
275,transit stop,0.0,0.0,125.0,125.0,0.0,125.0,0.0,2,-1,125.0,140.0,0.0,25.005151658061628,2,Int64[]
275,transit stop,0.0,0.0,125.0,125.0,0.0,125.0,0.0,1,-1,125.0,140.0,0.0,21.639018971081992,2,Int64[]
275,transit stop,0.0,0.0,125.0,125.0,0.0,125.0,0.0,0,-1,125.0,140.0,0.0,24.13232753630931,2,Int64[]
279,depot,0.0,0.0,125.0,125.0,0.0,125.0,0.0,0,0,0.0,1138.9773380720962,0.0,0.0,1,Int64[]
