node,type_node,x,y,t_arr,t_begin_service,t_wait,t_departure,ride_time,num_passenger,qi,ei,li,service_or_chg_time,Li,lyr,cus_set
39,depot,0.0,0.0,0.0,0.0,0.0,0.0,0.0,0,0,0.0,1250.0171955212259,0.0,0.0,1,Int64[]
36,bus stop,25.91429,10.63355,33.74833666447597,193.87749500328604,0.0,194.37749500328604,50.62250499671396,1,1,193.87749500328604,225.75166333552403,0.5,50.62250499671396,1,[54]
30,bus stop,14.71429,2.03355,211.39063534844638,226.60343845618397,0.0,227.10343845618397,17.896561543816034,2,1,217.65515768427593,241.60343845618397,0.5,26.844842315724065,1,[56]
37,transit stop,0.0,0.0,245.0,245.0,0.0,245.0,0.0,1,-1,245.0,260.0,0.0,26.844842315724065,1,Int64[]
37,transit stop,0.0,0.0,245.0,245.0,0.0,245.0,0.0,0,-1,245.0,260.0,0.0,50.62250499671396,1,Int64[]
39,depot,0.0,0.0,245.0,245.0,0.0,245.0,0.0,0,0,0.0,1250.0171955212259,0.0,0.0,1,Int64[]
