node,type_node,x,y,t_arr,t_begin_service,t_wait,t_departure,ride_time,num_passenger,qi,ei,li,service_or_chg_time,Li,lyr,cus_set
143,depot,0.0,0.0,0.0,0.0,0.0,0.0,0.0,0,0,0.0,1256.9494634339696,0.0,0.0,1,Int64[]
133,bus stop,14.96788,6.4966,19.658990152665925,215.01151477100112,0.0,215.51151477100112,29.488485228998883,1,1,215.01151477100112,239.84100984733408,0.5,29.48848522899889,1,[235]
134,bus stop,14.96788,10.6966,220.57175573485654,220.57175573485654,0.0,221.07175573485654,23.928244265143462,3,2,211.2521604048502,237.33477360323346,0.5,33.2478395951498,1,"[170, 188]"
123,bus stop,12.16788,7.8966,225.84259666816337,227.02332515814456,0.0,227.52332515814456,17.47667484185544,4,1,218.28498773721682,242.02332515814456,0.5,26.215012262783173,1,[217]
141,transit stop,0.0,0.0,245.0,245.0,0.0,245.0,0.0,3,-1,245.0,260.0,0.0,26.215012262783173,1,Int64[]
141,transit stop,0.0,0.0,245.0,245.0,0.0,245.0,0.0,1,-2,245.0,260.0,0.0,33.2478395951498,1,Int64[]
141,transit stop,0.0,0.0,245.0,245.0,0.0,245.0,0.0,0,-1,245.0,260.0,0.0,29.48848522899889,1,Int64[]
143,depot,0.0,0.0,245.0,245.0,0.0,245.0,0.0,0,0,0.0,1256.9494634339696,0.0,0.0,1,Int64[]
