node,type_node,x,y,t_arr,t_begin_service,t_wait,t_departure,ride_time,num_passenger,qi,ei,li,service_or_chg_time,Li,lyr,cus_set
340,depot,0.0,0.0,0.0,0.0,0.0,0.0,0.0,0,0,0.0,1259.2039147553214,0.0,0.0,1,Int64[]
157,bus stop,-0.95084,11.68461,14.124377909305094,223.31343313604236,0.0,223.81343313604236,21.186566863957637,1,1,223.31343313604236,245.37562209069492,0.5,21.18656686395764,1,[513]
121,bus stop,-3.75084,8.88461,228.5842740693492,228.5842740693492,0.0,229.0842740693492,15.915725930650808,4,3,227.07123804264967,247.88082536176645,0.5,17.42876195735033,1,"[629, 679, 812]"
138,bus stop,-2.35084,10.28461,231.4696945360026,231.78931927485436,0.0,232.28931927485436,12.710680725145636,8,4,225.43397891228153,246.78931927485436,0.5,19.066021087718454,1,"[374, 458, 518, 523]"
338,transit stop,0.0,0.0,245.0,245.0,0.0,245.0,0.0,4,-4,245.0,260.0,0.0,19.066021087718454,1,Int64[]
338,transit stop,0.0,0.0,245.0,245.0,0.0,245.0,0.0,3,-1,245.0,260.0,0.0,21.18656686395764,1,Int64[]
338,transit stop,0.0,0.0,245.0,245.0,0.0,245.0,0.0,0,-3,245.0,260.0,0.0,17.42876195735033,1,Int64[]
340,depot,0.0,0.0,245.0,245.0,0.0,245.0,0.0,0,0,0.0,1259.2039147553214,0.0,0.0,1,Int64[]
