node,type_node,x,y,t_arr,t_begin_service,t_wait,t_departure,ride_time,num_passenger,qi,ei,li,service_or_chg_time,Li,lyr,cus_set
210,depot,0.0,0.0,0.0,0.0,0.0,0.0,0.0,0,0,0.0,1257.8544875457383,0.0,0.0,1,Int64[]
190,bus stop,15.29529,-3.75237,18.974514265489496,216.03822860176575,0.0,216.53822860176575,28.461771398234248,1,1,216.03822860176575,240.5254857345105,0.5,28.461771398234244,1,[257]
191,bus stop,15.29529,0.44763,221.59846956562117,221.59846956562117,0.0,222.09846956562117,22.901530434378827,2,1,216.84607456768023,241.06404971178682,0.5,27.653925432319756,1,[255]
179,bus stop,12.49529,0.44763,225.4719635415248,229.4357766806926,0.0,229.9357766806926,15.064223319307388,3,1,221.90366502103893,244.4357766806926,0.5,22.596334978961075,1,[219]
208,transit stop,0.0,0.0,245.0,245.0,0.0,245.0,0.0,2,-1,245.0,260.0,0.0,22.596334978961075,1,Int64[]
208,transit stop,0.0,0.0,245.0,245.0,0.0,245.0,0.0,1,-1,245.0,260.0,0.0,27.653925432319756,1,Int64[]
208,transit stop,0.0,0.0,245.0,245.0,0.0,245.0,0.0,0,-1,245.0,260.0,0.0,28.461771398234244,1,Int64[]
210,depot,0.0,0.0,245.0,245.0,0.0,245.0,0.0,0,0,0.0,1257.8544875457383,0.0,0.0,1,Int64[]
