node,type_node,x,y,t_arr,t_begin_service,t_wait,t_departure,ride_time,num_passenger,qi,ei,li,service_or_chg_time,Li,lyr,cus_set
48,depot,0.0,0.0,0.0,0.0,0.0,0.0,0.0,0,0,0.0,1257.5935568803982,0.0,0.0,1,Int64[]
1,bus stop,-4.67428,-2.10973,6.178720898824077,235.2319186517639,0.0,235.7319186517639,9.268081348236109,3,3,235.2319186517639,253.32127910117592,0.5,9.268081348236116,1,"[87, 147, 148]"
5,bus stop,-3.27428,-0.70973,238.1173391184173,238.44520965007996,0.0,238.94520965007996,6.05479034992004,8,5,238.44520965007996,255.4634731000533,0.5,6.054790349920051,1,"[57, 64, 69, 121, 130]"
12,bus stop,-1.87428,-0.70973,240.63195663803177,242.0853539406451,0.0,242.5853539406451,2.414646059354908,10,2,240.87803091096762,257.08535394064506,0.5,3.6219690890323646,1,"[71, 131]"
46,transit stop,0.0,0.0,245.0,245.0,0.0,245.0,0.0,8,-2,245.0,260.0,0.0,3.6219690890323646,1,Int64[]
46,transit stop,0.0,0.0,245.0,245.0,0.0,245.0,0.0,5,-3,245.0,260.0,0.0,9.268081348236116,1,Int64[]
46,transit stop,0.0,0.0,245.0,245.0,0.0,245.0,0.0,0,-5,245.0,260.0,0.0,6.054790349920051,1,Int64[]
48,depot,0.0,0.0,245.0,245.0,0.0,245.0,0.0,0,0,0.0,1257.5935568803982,0.0,0.0,1,Int64[]
