node,type_node,x,y,t_arr,t_begin_service,t_wait,t_departure,ride_time,num_passenger,qi,ei,li,service_or_chg_time,Li,lyr,cus_set
154,depot,0.0,0.0,0.0,0.0,0.0,0.0,0.0,0,0,0.0,1258.3018145234519,0.0,0.0,1,Int64[]
125,bus stop,1.84264,1.98873,3.2664535289138783,239.75624776089109,0.0,240.25624776089109,4.743752239108915,1,1,239.6003197066292,256.23354647108613,0.5,4.8996802933708175,1,[229]
106,bus stop,1.44264,1.78873,240.7950593217344,240.7950593217344,0.0,241.2950593217344,3.7049406782655865,3,2,240.34700321556645,256.7313354770443,0.5,4.152996784433556,1,"[177, 254]"
115,bus stop,1.64264,1.18873,242.05705393864247,242.05705393864247,0.0,242.55705393864247,2.5988741156194237,4,1,240.8355809079637,257.05705393864247,0.5,3.664419092036299,1,[247]
152,transit stop,0.0,0.0,245.0,245.0,0.0,245.0,0.0,3,-1,245.0,260.0,0.0,4.8996802933708175,1,Int64[]
152,transit stop,0.0,0.0,245.0,245.0,0.0,245.0,0.0,1,-2,245.0,260.0,0.0,4.152996784433556,1,Int64[]
152,transit stop,0.0,0.0,245.0,245.0,0.0,245.0,0.0,0,-1,245.0,260.0,0.0,3.664419092036299,1,Int64[]
154,depot,0.0,0.0,245.0,245.0,0.0,245.0,0.0,0,0,0.0,1258.3018145234519,0.0,0.0,1,Int64[]
