node,type_node,x,y,t_arr,t_begin_service,t_wait,t_departure,ride_time,num_passenger,qi,ei,li,service_or_chg_time,Li,lyr,cus_set
117,depot,-0.32082,0.80268,0.0,0.0,0.0,0.0,0.0,0,0,0.0,1256.17849697915,0.0,0.0,1,Int64[]
7,bus stop,-16.7524,-6.82364,21.825445963518355,211.80938344480788,0.0,212.30938344480788,32.69061655519212,1,1,211.80938344480788,237.70625562987192,0.5,32.69061655519212,1,[127]
8,bus stop,-16.7524,-5.42364,213.99613043275968,213.99613043275968,0.0,214.49613043275968,30.503869567240315,2,1,212.67743507331642,238.28495671554427,0.5,31.822564926683583,1,[121]
20,bus stop,-12.5524,-9.62364,221.65239183271993,225.4433847823673,0.0,225.9433847823673,19.056615217632697,3,1,215.91507717355094,240.4433847823673,0.5,28.58492282644906,1,[143]
115,transit stop,0.0,0.0,245.0,245.0,0.0,245.0,0.0,2,-1,245.0,260.0,0.0,28.58492282644906,1,Int64[]
115,transit stop,0.0,0.0,245.0,245.0,0.0,245.0,0.0,1,-1,245.0,260.0,0.0,31.822564926683583,1,Int64[]
115,transit stop,0.0,0.0,245.0,245.0,0.0,245.0,0.0,0,-1,245.0,260.0,0.0,32.69061655519212,1,Int64[]
117,depot,-0.32082,0.80268,246.04146898637757,246.04146898637757,0.0,246.04146898637757,0.0,0,0,0.0,1256.17849697915,0.0,0.0,1,Int64[]
