node,type_node,x,y,t_arr,t_begin_service,t_wait,t_departure,ride_time,num_passenger,qi,ei,li,service_or_chg_time,Li,lyr,cus_set
90,depot,0.0,0.0,0.0,0.0,0.0,0.0,0.0,0,0,0.0,1256.503968981111,0.0,0.0,1,Int64[]
83,bus stop,15.76408,1.43891,19.071824128561925,225.42817587143807,0.0,225.92817587143807,19.07182412856193,1,1,215.89226380715712,240.42817587143807,0.5,28.607736192842886,1,[105]
88,transit stop,0.0,0.0,245.0,245.0,0.0,245.0,0.0,0,-1,245.0,260.0,0.0,28.607736192842886,1,Int64[]
90,depot,0.0,0.0,245.0,245.0,0.0,245.0,0.0,0,0,0.0,1256.503968981111,0.0,0.0,1,Int64[]
