node,type_node,x,y,t_arr,t_begin_service,t_wait,t_departure,ride_time,num_passenger,qi,ei,li,service_or_chg_time,Li,lyr,cus_set
24,depot,0.0,0.0,0.0,0.0,0.0,0.0,0.0,0,0,0.0,1258.5268456407596,0.0,0.0,1,Int64[]
19,bus stop,2.60938,-0.18011,3.151311536796248,239.77303269480564,0.0,240.27303269480564,4.726967305194364,35,35,239.77303269480564,256.34868846320376,0.5,4.726967305194372,1,"[26, 30, 34, 37, 53, 62, 75, 96, 104, 146, 179, 207, 209, 248, 250, 252, 255, 258, 259, 270, 284, 290, 334, 351, 372, 381, 394, 418, 428, 436, 439, 463, 475, 482, 503]"
15,bus stop,1.20938,-0.18011,241.95977968275744,243.02684564075963,0.0,243.52684564075963,1.4731543592403682,50,15,242.29026846113942,258.02684564075963,0.5,2.209731538860569,1,"[42, 43, 128, 165, 235, 355, 357, 399, 426, 446, 449, 454, 484, 511, 514]"
22,transit stop,0.0,0.0,245.0,245.0,0.0,245.0,0.0,35,-15,245.0,260.0,0.0,2.209731538860569,1,Int64[]
22,transit stop,0.0,0.0,245.0,245.0,0.0,245.0,0.0,0,-35,245.0,260.0,0.0,4.726967305194372,1,Int64[]
24,depot,0.0,0.0,245.0,245.0,0.0,245.0,0.0,0,0,0.0,1258.5268456407596,0.0,0.0,1,Int64[]
