node,type_node,x,y,t_arr,t_begin_service,t_wait,t_departure,ride_time,num_passenger,qi,ei,li,service_or_chg_time,Li,lyr,cus_set
24,depot,0.0,0.0,0.0,0.0,0.0,0.0,0.0,0,0,0.0,1258.5268456407596,0.0,0.0,1,Int64[]
1,bus stop,-2.99062,-1.58011,4.075167514258752,238.38724872861187,0.0,238.88724872861187,6.1127512713881345,8,8,238.38724872861187,255.42483248574126,0.5,6.112751271388127,1,"[67, 106, 118, 227, 321, 353, 387, 400]"
2,bus stop,-2.99062,-0.18011,240.57399571656367,240.89031487867234,0.0,241.39031487867234,3.609685121327658,34,26,239.0854723180085,255.8903148786723,0.5,5.414527681991488,1,"[31, 36, 54, 98, 100, 149, 246, 254, 261, 283, 300, 302, 305, 308, 322, 346, 374, 379, 386, 401, 408, 429, 452, 474, 490, 516]"
22,transit stop,0.0,0.0,245.0,245.0,0.0,245.0,0.0,8,-26,245.0,260.0,0.0,5.414527681991488,1,Int64[]
22,transit stop,0.0,0.0,245.0,245.0,0.0,245.0,0.0,0,-8,245.0,260.0,0.0,6.112751271388127,1,Int64[]
24,depot,0.0,0.0,245.0,245.0,0.0,245.0,0.0,0,0,0.0,1258.5268456407596,0.0,0.0,1,Int64[]
