node,type_node,x,y,t_arr,t_begin_service,t_wait,t_departure,ride_time,num_passenger,qi,ei,li,service_or_chg_time,Li,lyr,cus_set
35,depot,0.0,0.0,0.0,0.0,0.0,0.0,0.0,0,0,0.0,1250.0478559590456,0.0,0.0,1,Int64[]
15,bus stop,1.7637,16.08149,19.49146477005823,215.26280284491264,0.0,215.76280284491264,29.237197155087358,2,2,215.26280284491264,240.00853522994177,0.5,29.237197155087344,1,"[47, 52]"
17,bus stop,3.1637,17.48149,218.14822331156606,218.14822331156606,0.0,218.64822331156606,26.351776688433944,3,1,212.39375099099016,238.09583399399344,0.5,32.106249009009844,1,[38]
19,bus stop,4.5637,7.68149,230.57532564483313,233.73504619694478,0.0,234.23504619694478,10.76495380305522,4,1,228.35256929541717,248.73504619694478,0.5,16.147430704582842,1,[46]
33,transit stop,0.0,0.0,245.0,245.0,0.0,245.0,0.0,3,-1,245.0,260.0,0.0,16.147430704582842,1,Int64[]
33,transit stop,0.0,0.0,245.0,245.0,0.0,245.0,0.0,1,-2,245.0,260.0,0.0,29.237197155087344,1,Int64[]
33,transit stop,0.0,0.0,245.0,245.0,0.0,245.0,0.0,0,-1,245.0,260.0,0.0,32.106249009009844,1,Int64[]
35,depot,0.0,0.0,245.0,245.0,0.0,245.0,0.0,0,0,0.0,1250.0478559590456,0.0,0.0,1,Int64[]
