node,type_node,x,y,t_arr,t_begin_service,t_wait,t_departure,ride_time,num_passenger,qi,ei,li,service_or_chg_time,Li,lyr,cus_set
42,depot,0.0,0.0,0.0,0.0,0.0,0.0,0.0,0,0,0.0,1259.0229671525083,0.0,0.0,1,Int64[]
4,bus stop,-3.32664,-2.01666,4.6869562385845605,237.46956564212317,0.0,237.96956564212317,7.030434357876828,5,5,237.46956564212317,254.81304376141543,0.5,7.030434357876841,1,"[45, 79, 81, 88, 92]"
9,bus stop,-1.92664,-2.01666,239.65631263007498,239.65631263007498,0.0,240.15631263007498,4.843687369925021,7,2,239.459528966576,256.1396859777173,0.5,5.040471033424007,1,"[44, 64]"
16,bus stop,-0.52664,-0.61666,242.5417330967284,243.52296715250833,0.0,244.02296715250833,0.977032847491671,8,1,243.03445072876252,258.52296715250833,0.5,1.4655492712374891,1,[67]
40,transit stop,0.0,0.0,245.0,245.0,0.0,245.0,0.0,7,-1,245.0,260.0,0.0,1.4655492712374891,1,Int64[]
40,transit stop,0.0,0.0,245.0,245.0,0.0,245.0,0.0,5,-2,245.0,260.0,0.0,5.040471033424007,1,Int64[]
40,transit stop,0.0,0.0,245.0,245.0,0.0,245.0,0.0,0,-5,245.0,260.0,0.0,7.030434357876841,1,Int64[]
42,depot,0.0,0.0,245.0,245.0,0.0,245.0,0.0,0,0,0.0,1259.0229671525083,0.0,0.0,1,Int64[]
