node,type_node,x,y,t_arr,t_begin_service,t_wait,t_departure,ride_time,num_passenger,qi,ei,li,service_or_chg_time,Li,lyr,cus_set
246,depot,0.0,0.0,0.0,0.0,0.0,0.0,0.0,0,0,0.0,1258.1958148325089,0.0,0.0,1,Int64[]
180,bus stop,2.33867,3.87298,5.450971972134226,236.32354204179867,0.0,236.82354204179867,8.176457958201325,1,1,236.32354204179867,254.04902802786577,0.5,8.176457958201338,1,[280]
163,bus stop,1.73867,3.27298,237.84586509893586,237.84586509893586,0.0,238.34586509893586,6.65413490106414,2,1,237.80218155676266,255.03478770450843,0.5,6.697818443237335,1,[249]
153,bus stop,1.53867,2.67298,239.10785971584392,240.78408900059173,0.0,241.28408900059173,3.7159109994082655,4,2,238.9261335008876,255.78408900059173,0.5,5.573866499112391,1,"[334, 371]"
244,transit stop,0.0,0.0,245.0,245.0,0.0,245.0,0.0,2,-2,245.0,260.0,0.0,5.573866499112391,1,Int64[]
244,transit stop,0.0,0.0,245.0,245.0,0.0,245.0,0.0,1,-1,245.0,260.0,0.0,8.176457958201338,1,Int64[]
244,transit stop,0.0,0.0,245.0,245.0,0.0,245.0,0.0,0,-1,245.0,260.0,0.0,6.697818443237335,1,Int64[]
246,depot,0.0,0.0,245.0,245.0,0.0,245.0,0.0,0,0,0.0,1258.1958148325089,0.0,0.0,1,Int64[]
