node,type_node,x,y,t_arr,t_begin_service,t_wait,t_departure,ride_time,num_passenger,qi,ei,li,service_or_chg_time,Li,lyr,cus_set
231,depot,0.0,0.0,0.0,0.0,0.0,0.0,0.0,0,0,0.0,1258.2296017327512,0.0,0.0,1,Int64[]
142,bus stop,0.84024,-1.53928,2.112864939433246,241.33070259085014,0.0,241.83070259085014,3.1692974091498627,1,1,241.33070259085014,257.3871350605668,0.5,3.169297409149869,1,[325]
132,bus stop,0.44024,-1.53928,242.3126303016935,242.5710869050234,0.0,243.0710869050234,1.9289130949765934,2,1,241.60663035753512,257.57108690502344,0.5,2.8933696424648705,1,[252]
229,transit stop,0.0,0.0,245.0,245.0,0.0,245.0,0.0,1,-1,245.0,260.0,0.0,2.8933696424648705,1,Int64[]
229,transit stop,0.0,0.0,245.0,245.0,0.0,245.0,0.0,0,-1,245.0,260.0,0.0,3.169297409149869,1,Int64[]
231,depot,0.0,0.0,245.0,245.0,0.0,245.0,0.0,0,0,0.0,1258.2296017327512,0.0,0.0,1,Int64[]
