node,type_node,x,y,t_arr,t_begin_service,t_wait,t_departure,ride_time,num_passenger,qi,ei,li,service_or_chg_time,Li,lyr,cus_set
231,depot,0.0,0.0,0.0,0.0,0.0,0.0,0.0,0,0,0.0,1258.2296017327512,0.0,0.0,1,Int64[]
162,bus stop,1.24024,1.86072,2.6941855469433964,240.4587216795849,0.0,240.9587216795849,4.041278320415103,2,2,240.4587216795849,256.8058144530566,0.5,4.041278320415095,1,"[358, 379]"
161,bus stop,1.24024,1.46072,241.44064939042826,241.44064939042826,0.0,241.94064939042826,3.0593506095717373,3,1,241.03695223748113,257.1913014916541,0.5,3.4630477625188782,1,[280]
159,bus stop,1.24024,1.06072,242.42257710127163,242.53377252575493,0.0,243.03377252575493,1.9662274742450734,4,1,241.5506587886324,257.53377252575496,0.5,2.9493412113675954,1,[242]
229,transit stop,0.0,0.0,245.0,245.0,0.0,245.0,0.0,3,-1,245.0,260.0,0.0,2.9493412113675954,1,Int64[]
229,transit stop,0.0,0.0,245.0,245.0,0.0,245.0,0.0,1,-2,245.0,260.0,0.0,4.041278320415095,1,Int64[]
229,transit stop,0.0,0.0,245.0,245.0,0.0,245.0,0.0,0,-1,245.0,260.0,0.0,3.4630477625188782,1,Int64[]
231,depot,0.0,0.0,245.0,245.0,0.0,245.0,0.0,0,0,0.0,1258.2296017327512,0.0,0.0,1,Int64[]
