node,type_node,x,y,t_arr,t_begin_service,t_wait,t_departure,ride_time,num_passenger,qi,ei,li,service_or_chg_time,Li,lyr,cus_set
88,depot,0.0,0.0,0.0,0.0,0.0,0.0,0.0,0,0,0.0,1256.503968981111,0.0,0.0,1,Int64[]
85,bus stop,27.96408,4.83891,34.1923554708369,193.21146679374465,0.0,193.71146679374465,51.28853320625535,1,1,193.21146679374465,225.3076445291631,0.5,51.28853320625535,1,[126]
59,bus stop,4.16408,-6.36109,225.40256549167032,230.7599452809099,0.0,231.2599452809099,13.740054719090097,2,1,230.7599452809099,250.3399635206066,0.5,13.74005471909009,1,[110]
49,bus stop,0.56408,-5.16109,235.83191298235818,238.24479038609945,0.0,238.74479038609945,6.255209613900547,3,1,235.1171855791492,253.24479038609945,0.5,9.3828144208508,1,[121]
86,transit stop,0.0,0.0,245.0,245.0,0.0,245.0,0.0,2,-1,245.0,260.0,0.0,9.3828144208508,1,Int64[]
86,transit stop,0.0,0.0,245.0,245.0,0.0,245.0,0.0,1,-1,245.0,260.0,0.0,51.28853320625535,1,Int64[]
86,transit stop,0.0,0.0,245.0,245.0,0.0,245.0,0.0,0,-1,245.0,260.0,0.0,13.74005471909009,1,Int64[]
88,depot,0.0,0.0,245.0,245.0,0.0,245.0,0.0,0,0,0.0,1256.503968981111,0.0,0.0,1,Int64[]
