node,type_node,x,y,t_arr,t_begin_service,t_wait,t_departure,ride_time,num_passenger,qi,ei,li,service_or_chg_time,Li,lyr,cus_set
24,depot,0.0,0.0,0.0,0.0,0.0,0.0,0.0,0,0,0.0,1258.5268456407596,0.0,0.0,1,Int64[]
14,bus stop,1.20938,-1.58011,2.397362584233872,242.10263741576614,0.0,242.60263741576614,2.3973625842338606,38,38,240.90395612364918,257.10263741576614,0.5,3.5960438763508082,1,"[32, 38, 60, 64, 76, 116, 118, 127, 135, 136, 140, 168, 174, 188, 200, 202, 204, 287, 361, 367, 374, 375, 383, 392, 409, 413, 418, 422, 441, 447, 454, 486, 490, 500, 503, 504, 513, 524]"
22,transit stop,0.0,0.0,245.0,245.0,0.0,245.0,0.0,0,-38,245.0,260.0,0.0,3.5960438763508082,1,Int64[]
24,depot,0.0,0.0,245.0,245.0,0.0,245.0,0.0,0,0,0.0,1258.5268456407596,0.0,0.0,1,Int64[]
