node,type_node,x,y,t_arr,t_begin_service,t_wait,t_departure,ride_time,num_passenger,qi,ei,li,service_or_chg_time,Li,lyr,cus_set
247,depot,0.0,0.0,0.0,0.0,0.0,0.0,0.0,0,0,0.0,1258.33462618278,0.0,0.0,1,Int64[]
47,bus stop,-2.26133,1.27298,3.1265214497611433,239.81021782535828,0.0,240.31021782535828,4.689782174641721,1,1,239.81021782535828,256.3734785502389,0.5,4.689782174641715,1,[258]
69,bus stop,-1.46133,1.07298,241.30373725321795,241.30373725321795,0.0,241.80373725321795,3.196262746782054,2,1,241.22359243831448,257.31572829220966,0.5,3.2764075616855113,1,[295]
84,bus stop,-1.06133,1.27298,242.34254881406127,242.5031599032365,0.0,243.0031599032365,1.996840096763492,3,1,241.5047398548548,257.5031599032365,0.5,2.995260145145221,1,[294]
245,transit stop,0.0,0.0,245.0,245.0,0.0,245.0,0.0,2,-1,245.0,260.0,0.0,2.995260145145221,1,Int64[]
245,transit stop,0.0,0.0,245.0,245.0,0.0,245.0,0.0,1,-1,245.0,260.0,0.0,4.689782174641715,1,Int64[]
245,transit stop,0.0,0.0,245.0,245.0,0.0,245.0,0.0,0,-1,245.0,260.0,0.0,3.2764075616855113,1,Int64[]
247,depot,0.0,0.0,245.0,245.0,0.0,245.0,0.0,0,0,0.0,1258.33462618278,0.0,0.0,1,Int64[]
