node,type_node,x,y,t_arr,t_begin_service,t_wait,t_departure,ride_time,num_passenger,qi,ei,li,service_or_chg_time,Li,lyr,cus_set
35,depot,0.0,0.0,0.0,0.0,0.0,0.0,0.0,0,0,0.0,1257.8054759017707,0.0,0.0,1,Int64[]
2,bus stop,-2.92445,-0.58649,3.5935900262172087,239.10961496067418,0.0,239.60961496067418,5.390385039325821,5,5,239.10961496067418,255.9064099737828,0.5,5.390385039325813,1,"[95, 121, 126, 133, 182]"
7,bus stop,-1.72445,-0.58649,241.0553980932043,242.30547590177065,0.0,242.80547590177065,2.1945240982293512,10,5,241.20821385265594,257.30547590177065,0.5,3.291786147344042,1,"[42, 118, 158, 176, 183]"
33,transit stop,0.0,0.0,245.0,245.0,0.0,245.0,0.0,5,-5,245.0,260.0,0.0,3.291786147344042,1,Int64[]
33,transit stop,0.0,0.0,245.0,245.0,0.0,245.0,0.0,0,-5,245.0,260.0,0.0,5.390385039325813,1,Int64[]
35,depot,0.0,0.0,245.0,245.0,0.0,245.0,0.0,0,0,0.0,1257.8054759017707,0.0,0.0,1,Int64[]
