node,type_node,x,y,t_arr,t_begin_service,t_wait,t_departure,ride_time,num_passenger,qi,ei,li,service_or_chg_time,Li,lyr,cus_set
150,depot,0.0,0.0,0.0,0.0,0.0,0.0,0.0,0,0,0.0,1258.2747269040033,0.0,0.0,1,Int64[]
5,bus stop,-2.55736,-0.21127,3.0916529353560374,239.86252059696594,0.0,240.36252059696594,4.637479403034064,1,1,239.86252059696594,256.408347064644,0.5,4.637479403034056,1,[200]
9,bus stop,-2.35736,-0.41127,240.703294949345,240.703294949345,0.0,241.203294949345,3.7967050506549924,3,2,240.17536155350763,256.61690770233844,0.5,4.324638446492372,1,"[174, 193]"
10,bus stop,-2.35736,-0.21127,241.4442588047667,241.64842382311934,0.0,242.14842382311934,2.8515761768806556,6,3,240.22263573467902,256.64842382311934,0.5,4.277364265320996,1,"[156, 223, 237]"
148,transit stop,0.0,0.0,245.0,245.0,0.0,245.0,0.0,3,-3,245.0,260.0,0.0,4.277364265320996,1,Int64[]
148,transit stop,0.0,0.0,245.0,245.0,0.0,245.0,0.0,1,-2,245.0,260.0,0.0,4.324638446492372,1,Int64[]
148,transit stop,0.0,0.0,245.0,245.0,0.0,245.0,0.0,0,-1,245.0,260.0,0.0,4.637479403034056,1,Int64[]
150,depot,0.0,0.0,245.0,245.0,0.0,245.0,0.0,0,0,0.0,1258.2747269040033,0.0,0.0,1,Int64[]
