node,type_node,x,y,t_arr,t_begin_service,t_wait,t_departure,ride_time,num_passenger,qi,ei,li,service_or_chg_time,Li,lyr,cus_set
150,depot,0.0,0.0,0.0,0.0,0.0,0.0,0.0,0,0,0.0,1258.2747269040033,0.0,0.0,1,Int64[]
18,bus stop,-2.15736,-0.61127,2.7015511913443735,240.44767321298343,0.0,240.94767321298343,4.052326787016568,2,2,240.44767321298343,256.7984488086556,0.5,4.05232678701656,1,"[170, 196]"
27,bus stop,-1.95736,-0.61127,241.18863706840511,241.18863706840511,0.0,241.68863706840511,3.3113629315948856,3,1,240.7941189374146,257.02941262494306,0.5,3.7058810625853917,1,[169]
39,bus stop,-1.75736,-0.21127,242.22744862924844,242.3674531405939,0.0,242.8674531405939,2.132546859406091,4,1,241.30117971089086,257.3674531405939,0.5,3.198820289109137,1,[183]
148,transit stop,0.0,0.0,245.0,245.0,0.0,245.0,0.0,3,-1,245.0,260.0,0.0,3.198820289109137,1,Int64[]
148,transit stop,0.0,0.0,245.0,245.0,0.0,245.0,0.0,1,-2,245.0,260.0,0.0,4.05232678701656,1,Int64[]
148,transit stop,0.0,0.0,245.0,245.0,0.0,245.0,0.0,0,-1,245.0,260.0,0.0,3.7058810625853917,1,Int64[]
150,depot,0.0,0.0,245.0,245.0,0.0,245.0,0.0,0,0,0.0,1258.2747269040033,0.0,0.0,1,Int64[]
