node,type_node,x,y,t_arr,t_begin_service,t_wait,t_departure,ride_time,num_passenger,qi,ei,li,service_or_chg_time,Li,lyr,cus_set
169,depot,0.0,0.0,0.0,0.0,0.0,0.0,0.0,0,0,0.0,1258.2218382896713,0.0,0.0,1,Int64[]
165,bus stop,4.47468,1.54064,5.7017787742338255,235.94733183864926,0.0,236.44733183864926,8.552668161350738,1,1,235.94733183864926,253.79822122576618,0.5,8.552668161350738,1,[200]
149,bus stop,3.47468,0.34064,238.32931971236172,239.07910091708072,0.0,239.57910091708072,5.420899082919277,2,1,238.19035412967932,255.29356941978622,0.5,6.309645870320672,1,[266]
148,bus stop,3.47468,-0.25936,240.30199248334577,240.30199248334577,0.0,240.80199248334577,4.947788721373229,3,1,238.20298872501866,255.30199248334577,0.5,6.29701127498133,1,[203]
167,transit stop,0.0,0.0,245.0,245.0,0.0,245.0,0.0,2,-1,245.0,260.0,0.0,6.309645870320672,1,Int64[]
167,transit stop,0.0,0.0,245.0,245.0,0.0,245.0,0.0,1,-1,245.0,260.0,0.0,8.552668161350738,1,Int64[]
167,transit stop,0.0,0.0,245.0,245.0,0.0,245.0,0.0,0,-1,245.0,260.0,0.0,6.29701127498133,1,Int64[]
169,depot,0.0,0.0,245.0,245.0,0.0,245.0,0.0,0,0,0.0,1258.2218382896713,0.0,0.0,1,Int64[]
