node,type_node,x,y,t_arr,t_begin_service,t_wait,t_departure,ride_time,num_passenger,qi,ei,li,service_or_chg_time,Li,lyr,cus_set
169,depot,0.0,0.0,0.0,0.0,0.0,0.0,0.0,0,0,0.0,1258.2218382896713,0.0,0.0,1,Int64[]
133,bus stop,2.47468,-4.25936,5.935026917263052,236.43860472162146,0.0,236.93860472162146,7.9340457344228525,1,1,235.59745962410543,253.56497308273694,0.5,8.902540375894578,1,[223]
100,bus stop,1.07468,-3.25936,239.01145418355944,239.01145418355944,0.0,239.51145418355944,5.488545816440563,2,1,238.2976586299991,255.36510575333273,0.5,6.202341370000903,1,[170]
111,bus stop,1.67468,-2.85936,240.38026171981582,240.38026171981582,0.0,240.88026171981582,4.833533833744525,3,1,238.51141689565725,255.50761126377148,0.5,5.988583104342745,1,[258]
167,transit stop,0.0,0.0,244.8726504560443,245.0,0.1273495439556882,245.0,0.0,2,-1,245.0,260.0,0.0,8.902540375894578,1,Int64[]
167,transit stop,0.0,0.0,245.0,245.0,0.0,245.0,0.0,1,-1,245.0,260.0,0.0,6.202341370000903,1,Int64[]
167,transit stop,0.0,0.0,245.0,245.0,0.0,245.0,0.0,0,-1,245.0,260.0,0.0,5.988583104342745,1,Int64[]
169,depot,0.0,0.0,245.0,245.0,0.0,245.0,0.0,0,0,0.0,1258.2218382896713,0.0,0.0,1,Int64[]
