node,type_node,x,y,t_arr,t_begin_service,t_wait,t_departure,ride_time,num_passenger,qi,ei,li,service_or_chg_time,Li,lyr,cus_set
77,depot,0.0,0.0,0.0,0.0,0.0,0.0,0.0,0,0,0.0,1251.7382533733314,0.0,0.0,1,Int64[]
71,bus stop,24.9217,-8.2516,31.62920317701675,197.05619523447487,0.0,197.55619523447487,47.44380476552513,1,1,197.05619523447487,227.87079682298327,0.5,47.44380476552512,1,[88]
70,bus stop,23.5217,-13.8516,204.51083122949262,204.51083122949262,0.0,205.01083122949262,39.989168770507376,2,1,195.16770867149714,226.61180578099808,0.5,49.33229132850286,1,[122]
51,bus stop,10.9217,-12.4516,220.28497483598946,224.5448363857852,0.0,225.0448363857852,19.955163614214797,3,1,214.5672545786778,239.54483638578517,0.5,29.932745421322217,1,[123]
75,transit stop,0.0,0.0,245.0,245.0,0.0,245.0,0.0,2,-1,245.0,260.0,0.0,29.932745421322217,1,Int64[]
75,transit stop,0.0,0.0,245.0,245.0,0.0,245.0,0.0,1,-1,245.0,260.0,0.0,47.44380476552512,1,Int64[]
75,transit stop,0.0,0.0,245.0,245.0,0.0,245.0,0.0,0,-1,245.0,260.0,0.0,49.33229132850286,1,Int64[]
77,depot,0.0,0.0,245.0,245.0,0.0,245.0,0.0,0,0,0.0,1251.7382533733314,0.0,0.0,1,Int64[]
