node,type_node,x,y,t_arr,t_begin_service,t_wait,t_departure,ride_time,num_passenger,qi,ei,li,service_or_chg_time,Li,lyr,cus_set
77,depot,0.0,0.0,0.0,0.0,0.0,0.0,0.0,0,0,0.0,1251.7382533733314,0.0,0.0,1,Int64[]
23,bus stop,-5.8783,-8.2516,12.206389927955984,226.19041510806602,0.0,226.69041510806602,18.30958489193398,1,1,226.19041510806602,247.293610072044,0.5,18.309584891933977,1,[93]
24,bus stop,-5.8783,-4.0516,231.75065607192144,235.89841104029426,0.0,236.39841104029426,8.601588959705737,2,1,231.5976165604414,250.89841104029426,0.5,12.90238343955862,1,[121]
75,transit stop,0.0,0.0,245.0,245.0,0.0,245.0,0.0,1,-1,245.0,260.0,0.0,12.90238343955862,1,Int64[]
75,transit stop,0.0,0.0,245.0,245.0,0.0,245.0,0.0,0,-1,245.0,260.0,0.0,18.309584891933977,1,Int64[]
77,depot,0.0,0.0,245.0,245.0,0.0,245.0,0.0,0,0,0.0,1251.7382533733314,0.0,0.0,1,Int64[]
