node,type_node,x,y,t_arr,t_begin_service,t_wait,t_departure,ride_time,num_passenger,qi,ei,li,service_or_chg_time,Li,lyr,cus_set
73,depot,0.0,0.0,0.0,0.0,0.0,0.0,0.0,0,0,0.0,1257.0950290477251,0.0,0.0,1,Int64[]
16,bus stop,-10.12087,6.01032,14.181902892798398,223.2271456608024,0.0,223.7271456608024,21.272854339197607,1,1,223.2271456608024,245.3180971072016,0.5,21.272854339197597,1,[117]
20,bus stop,-8.72087,8.81032,227.49882658670566,227.49882658670566,0.0,227.99882658670566,17.00117341329434,2,1,222.09653368672411,244.5643557911494,0.5,22.40346631327588,1,[75]
25,bus stop,-7.32087,8.81032,229.68557357465747,230.69880301340194,0.0,231.19880301340194,13.801196986598057,3,1,223.79820452010293,245.69880301340194,0.5,20.70179547989707,1,[121]
71,transit stop,0.0,0.0,245.0,245.0,0.0,245.0,0.0,2,-1,245.0,260.0,0.0,20.70179547989707,1,Int64[]
71,transit stop,0.0,0.0,245.0,245.0,0.0,245.0,0.0,1,-1,245.0,260.0,0.0,21.272854339197597,1,Int64[]
71,transit stop,0.0,0.0,245.0,245.0,0.0,245.0,0.0,0,-1,245.0,260.0,0.0,22.40346631327588,1,Int64[]
73,depot,0.0,0.0,245.0,245.0,0.0,245.0,0.0,0,0,0.0,1257.0950290477251,0.0,0.0,1,Int64[]
