node,type_node,x,y,t_arr,t_begin_service,t_wait,t_departure,ride_time,num_passenger,qi,ei,li,service_or_chg_time,Li,lyr,cus_set
92,depot,0.0,0.0,0.0,0.0,0.0,0.0,0.0,0,0,0.0,1256.9479950849561,0.0,0.0,1,Int64[]
4,bus stop,-15.57494,12.2835,23.89868075582974,208.65197886625538,0.0,209.15197886625538,35.84802113374462,1,1,208.65197886625538,235.60131924417027,0.5,35.84802113374461,1,[124]
12,bus stop,-12.37494,13.2835,213.191269134747,213.191269134747,0.0,213.691269134747,31.30873086525301,2,1,211.69043160227847,237.626954401519,0.5,32.80956839772153,1,[117]
6,bus stop,-14.77494,3.4835,225.84741203173922,226.21079478975292,0.0,226.71079478975292,18.289205210247076,3,1,217.0661921846294,241.21079478975292,0.5,27.433807815370614,1,[95]
90,transit stop,0.0,0.0,245.0,245.0,0.0,245.0,0.0,2,-1,245.0,260.0,0.0,27.433807815370614,1,Int64[]
90,transit stop,0.0,0.0,245.0,245.0,0.0,245.0,0.0,1,-1,245.0,260.0,0.0,32.80956839772153,1,Int64[]
90,transit stop,0.0,0.0,245.0,245.0,0.0,245.0,0.0,0,-1,245.0,260.0,0.0,35.84802113374461,1,Int64[]
92,depot,0.0,0.0,245.0,245.0,0.0,245.0,0.0,0,0,0.0,1256.9479950849561,0.0,0.0,1,Int64[]
