node,type_node,x,y,t_arr,t_begin_service,t_wait,t_departure,ride_time,num_passenger,qi,ei,li,service_or_chg_time,Li,lyr,cus_set
162,depot,0.0,0.0,0.0,0.0,0.0,0.0,0.0,0,0,0.0,1258.2747269040033,0.0,0.0,1,Int64[]
2,bus stop,-2.75736,0.38873,3.3549717815008315,239.46754232774876,0.0,239.96754232774876,5.03245767225124,1,1,239.46754232774876,256.1450282184992,0.5,5.0324576722512475,1,[229]
3,bus stop,-2.55736,0.18873,240.30831668012783,240.30831668012783,0.0,240.80831668012783,4.191683319872169,2,1,239.86569657131074,256.4104643808738,0.5,4.634303428689254,1,[209]
28,bus stop,-1.95736,0.58873,241.67712421638421,242.03737144797438,0.0,242.53737144797438,2.4626285520256204,4,2,240.80605717196156,257.03737144797435,0.5,3.693942828038445,1,"[202, 243]"
160,transit stop,0.0,0.0,245.0,245.0,0.0,245.0,0.0,2,-2,245.0,260.0,0.0,3.693942828038445,1,Int64[]
160,transit stop,0.0,0.0,245.0,245.0,0.0,245.0,0.0,1,-1,245.0,260.0,0.0,4.634303428689254,1,Int64[]
160,transit stop,0.0,0.0,245.0,245.0,0.0,245.0,0.0,0,-1,245.0,260.0,0.0,5.0324576722512475,1,Int64[]
162,depot,0.0,0.0,245.0,245.0,0.0,245.0,0.0,0,0,0.0,1258.2747269040033,0.0,0.0,1,Int64[]
