node,type_node,x,y,t_arr,t_begin_service,t_wait,t_departure,ride_time,num_passenger,qi,ei,li,service_or_chg_time,Li,lyr,cus_set
34,depot,0.0,0.0,0.0,0.0,0.0,0.0,0.0,0,0,0.0,1252.3908735557495,0.0,0.0,1,Int64[]
17,bus stop,-3.51361,13.84247,17.206550102478122,218.69017484628282,0.0,219.19017484628282,25.809825153717185,1,1,218.69017484628282,242.29344989752187,0.5,25.809825153717185,1,[42]
12,bus stop,-6.31361,11.04247,223.96101577958964,223.96101577958964,0.0,224.46101577958964,20.538984220410356,2,1,221.51208975530866,244.1747265035391,0.5,22.987910244691342,1,[52]
16,bus stop,-3.51361,8.24247,229.23185671289647,233.70467358821148,0.0,234.20467358821148,10.795326411788523,3,1,228.3070103823172,248.70467358821148,0.5,16.1929896176828,1,[41]
32,transit stop,0.0,0.0,245.0,245.0,0.0,245.0,0.0,2,-1,245.0,260.0,0.0,16.1929896176828,1,Int64[]
32,transit stop,0.0,0.0,245.0,245.0,0.0,245.0,0.0,1,-1,245.0,260.0,0.0,25.809825153717185,1,Int64[]
32,transit stop,0.0,0.0,245.0,245.0,0.0,245.0,0.0,0,-1,245.0,260.0,0.0,22.987910244691342,1,Int64[]
34,depot,0.0,0.0,245.0,245.0,0.0,245.0,0.0,0,0,0.0,1252.3908735557495,0.0,0.0,1,Int64[]
