node,type_node,x,y,t_arr,t_begin_service,t_wait,t_departure,ride_time,num_passenger,qi,ei,li,service_or_chg_time,Li,lyr,cus_set
33,depot,0.0,0.0,0.0,0.0,0.0,0.0,0.0,0,0,0.0,1251.7489782771088,0.0,0.0,1,Int64[]
21,bus stop,17.09754,-16.11878,28.310457250842457,210.18297334519164,0.0,210.68297334519164,34.31702665480836,1,1,202.03431412373632,231.18954274915754,0.5,42.465685876263684,1,[48]
15,bus stop,4.49754,-14.71878,225.95711695168848,225.95711695168848,0.0,226.45711695168848,18.542883048311523,2,1,216.68567542753271,240.95711695168848,0.5,27.814324572467296,1,[51]
31,transit stop,0.0,0.0,245.0,245.0,0.0,245.0,0.0,1,-1,245.0,260.0,0.0,42.465685876263684,1,Int64[]
31,transit stop,0.0,0.0,245.0,245.0,0.0,245.0,0.0,0,-1,245.0,260.0,0.0,27.814324572467296,1,Int64[]
33,depot,0.0,0.0,245.0,245.0,0.0,245.0,0.0,0,0,0.0,1251.7489782771088,0.0,0.0,1,Int64[]
