node,type_node,x,y,t_arr,t_begin_service,t_wait,t_departure,ride_time,num_passenger,qi,ei,li,service_or_chg_time,Li,lyr,cus_set
119,depot,-0.11425,0.91828,0.0,0.0,0.0,0.0,0.0,0,0,0.0,1255.41218144389,0.0,0.0,1,Int64[]
4,bus stop,-21.83839,-10.07655,29.334925940043284,201.03427961464496,0.0,201.53427961464496,43.46572038535504,1,1,201.03427961464496,230.52285307642995,0.5,43.46572038535505,1,[129]
18,bus stop,-16.23839,-12.87655,209.07764146645147,209.07764146645147,0.0,209.57764146645147,35.42235853354853,2,1,207.04669696437713,234.53113130958477,0.5,37.453303035622866,1,[145]
35,bus stop,-9.23839,-8.67655,219.41298201197367,229.23011602851744,0.0,229.73011602851744,15.269883971482557,3,1,221.59517404277614,244.23011602851744,0.5,22.904825957223856,1,[181]
117,transit stop,0.0,0.0,245.0,245.0,0.0,245.0,0.0,2,-1,245.0,260.0,0.0,22.904825957223856,1,Int64[]
117,transit stop,0.0,0.0,245.0,245.0,0.0,245.0,0.0,1,-1,245.0,260.0,0.0,37.453303035622866,1,Int64[]
117,transit stop,0.0,0.0,245.0,245.0,0.0,245.0,0.0,0,-1,245.0,260.0,0.0,43.46572038535505,1,Int64[]
119,depot,-0.11425,0.91828,246.11489162570138,246.11489162570138,0.0,246.11489162570138,0.0,0,0,0.0,1255.41218144389,0.0,0.0,1,Int64[]
