node,type_node,x,y,t_arr,t_begin_service,t_wait,t_departure,ride_time,num_passenger,qi,ei,li,service_or_chg_time,Li,lyr,cus_set
20,depot,0.0,0.0,0.0,0.0,0.0,0.0,0.0,0,0,0.0,1258.695808761208,0.0,0.0,1,Int64[]
15,bus stop,1.71899,0.05637,2.072185552537644,242.42781444746237,0.0,242.92781444746237,2.0721855525376327,2,2,241.39172167119352,257.42781444746237,0.5,3.108278328806466,1,"[28, 38]"
18,transit stop,0.0,0.0,245.0,245.0,0.0,245.0,0.0,0,-2,245.0,260.0,0.0,3.108278328806466,1,Int64[]
20,depot,0.0,0.0,245.0,245.0,0.0,245.0,0.0,0,0,0.0,1258.695808761208,0.0,0.0,1,Int64[]
