node,type_node,x,y,t_arr,t_begin_service,t_wait,t_departure,ride_time,num_passenger,qi,ei,li,service_or_chg_time,Li,lyr,cus_set
246,depot,0.0,0.0,0.0,0.0,0.0,0.0,0.0,0,0,0.0,1258.429919584464,0.0,0.0,1,Int64[]
229,bus stop,11.61875,-0.85755,14.036570838193734,223.4451437427094,0.0,223.9451437427094,21.054856257290595,2,2,223.4451437427094,245.46342916180626,0.5,21.054856257290602,1,"[453, 472]"
235,bus stop,13.01875,-2.25755,226.33056420936282,228.58067663539074,0.0,229.08067663539074,15.919323364609255,3,1,220.62101495308613,243.58067663539074,0.5,23.87898504691387,1,[371]
244,transit stop,0.0,0.0,245.0,245.0,0.0,245.0,0.0,2,-1,245.0,260.0,0.0,23.87898504691387,1,Int64[]
244,transit stop,0.0,0.0,245.0,245.0,0.0,245.0,0.0,0,-2,245.0,260.0,0.0,21.054856257290602,1,Int64[]
246,depot,0.0,0.0,245.0,245.0,0.0,245.0,0.0,0,0,0.0,1258.429919584464,0.0,0.0,1,Int64[]
