node,type_node,x,y,t_arr,t_begin_service,t_wait,t_departure,ride_time,num_passenger,qi,ei,li,service_or_chg_time,Li,lyr,cus_set
155,depot,0.0,0.0,0.0,0.0,0.0,0.0,0.0,0,0,0.0,1258.3018145234519,0.0,0.0,1,Int64[]
7,bus stop,-2.35736,0.58873,2.92742553582807,240.1088616962579,0.0,240.6088616962579,4.39113830374211,1,1,240.1088616962579,256.5725744641719,0.5,4.391138303742105,1,[185]
15,bus stop,-2.15736,0.38873,240.94963604863696,240.94963604863696,0.0,241.44963604863696,3.550363951363039,2,1,240.53836905340233,256.85891270226824,0.5,3.9616309465976522,1,[167]
28,bus stop,-1.75736,0.18873,241.9884476094803,242.37052387270566,0.0,242.87052387270566,2.129476127294339,3,1,241.30578580905848,257.37052387270563,0.5,3.194214190941512,1,[188]
153,transit stop,0.0,0.0,245.0,245.0,0.0,245.0,0.0,2,-1,245.0,260.0,0.0,3.194214190941512,1,Int64[]
153,transit stop,0.0,0.0,245.0,245.0,0.0,245.0,0.0,1,-1,245.0,260.0,0.0,4.391138303742105,1,Int64[]
153,transit stop,0.0,0.0,245.0,245.0,0.0,245.0,0.0,0,-1,245.0,260.0,0.0,3.9616309465976522,1,Int64[]
155,depot,0.0,0.0,245.0,245.0,0.0,245.0,0.0,0,0,0.0,1258.3018145234519,0.0,0.0,1,Int64[]
