node,type_node,x,y,t_arr,t_begin_service,t_wait,t_departure,ride_time,num_passenger,qi,ei,li,service_or_chg_time,Li,lyr,cus_set
169,depot,0.0,0.0,0.0,0.0,0.0,0.0,0.0,0,0,0.0,1257.3664667667822,0.0,0.0,1,Int64[]
165,bus stop,14.67485,0.88853,17.71292128140872,217.93061807788692,0.0,218.43061807788692,26.56938192211308,1,1,217.93061807788692,241.7870787185913,0.5,26.569381922113077,1,[250]
163,bus stop,13.67485,-1.31147,221.34219542092177,221.34219542092177,0.0,221.84219542092177,23.15780457907823,2,1,219.67302373518194,242.94868249012129,0.5,24.82697626481806,1,[240]
151,bus stop,10.07485,-1.91147,226.23937315366746,232.14508967689827,0.0,232.64508967689827,12.354910323101734,3,1,225.9676345153474,247.14508967689827,0.5,18.53236548465259,1,[180]
167,transit stop,0.0,0.0,245.0,245.0,0.0,245.0,0.0,2,-1,245.0,260.0,0.0,18.53236548465259,1,Int64[]
167,transit stop,0.0,0.0,245.0,245.0,0.0,245.0,0.0,1,-1,245.0,260.0,0.0,26.569381922113077,1,Int64[]
167,transit stop,0.0,0.0,245.0,245.0,0.0,245.0,0.0,0,-1,245.0,260.0,0.0,24.82697626481806,1,Int64[]
169,depot,0.0,0.0,245.0,245.0,0.0,245.0,0.0,0,0,0.0,1257.3664667667822,0.0,0.0,1,Int64[]
