node,type_node,x,y,t_arr,t_begin_service,t_wait,t_departure,ride_time,num_passenger,qi,ei,li,service_or_chg_time,Li,lyr,cus_set
169,depot,0.0,0.0,0.0,0.0,0.0,0.0,0.0,0,0,0.0,1257.3664667667822,0.0,0.0,1,Int64[]
37,bus stop,-5.92515,2.68853,7.839254195928429,232.74111870610736,0.0,233.24111870610736,11.758881293892642,1,1,232.74111870610736,251.66074580407158,0.5,11.758881293892644,1,[264]
41,bus stop,-5.52515,-0.51147,237.12654412697412,237.81473107800122,0.0,238.31473107800122,6.685268921998784,2,1,234.47209661700185,252.81473107800122,0.5,10.027903382998154,1,[223]
167,transit stop,0.0,0.0,245.0,245.0,0.0,245.0,0.0,1,-1,245.0,260.0,0.0,10.027903382998154,1,Int64[]
167,transit stop,0.0,0.0,245.0,245.0,0.0,245.0,0.0,0,-1,245.0,260.0,0.0,11.758881293892644,1,Int64[]
169,depot,0.0,0.0,245.0,245.0,0.0,245.0,0.0,0,0,0.0,1257.3664667667822,0.0,0.0,1,Int64[]
