node,type_node,x,y,t_arr,t_begin_service,t_wait,t_departure,ride_time,num_passenger,qi,ei,li,service_or_chg_time,Li,lyr,cus_set
153,depot,0.0,0.0,0.0,0.0,0.0,0.0,0.0,0,0,0.0,1256.9017683173392,0.0,0.0,1,Int64[]
109,bus stop,13.76783,-6.86206,18.533904166341173,216.69914375048825,0.0,217.19914375048825,27.800856249511753,1,1,216.69914375048825,240.9660958336588,0.5,27.80085624951176,1,[197]
114,bus stop,15.16783,-8.26206,219.58456421714166,219.58456421714166,0.0,220.08456421714166,24.91543578285834,2,1,213.28539995370105,238.6902666358007,0.5,31.214600046298948,1,[229]
110,bus stop,13.76783,-2.66206,227.03920021215941,227.60502645297308,0.0,228.10502645297308,16.894973547026922,4,2,219.1575396794596,242.60502645297308,0.5,25.342460320540383,1,"[180, 232]"
151,transit stop,0.0,0.0,245.0,245.0,0.0,245.0,0.0,2,-2,245.0,260.0,0.0,25.342460320540383,1,Int64[]
151,transit stop,0.0,0.0,245.0,245.0,0.0,245.0,0.0,1,-1,245.0,260.0,0.0,31.214600046298948,1,Int64[]
151,transit stop,0.0,0.0,245.0,245.0,0.0,245.0,0.0,0,-1,245.0,260.0,0.0,27.80085624951176,1,Int64[]
153,depot,0.0,0.0,245.0,245.0,0.0,245.0,0.0,0,0,0.0,1256.9017683173392,0.0,0.0,1,Int64[]
