node,type_node,x,y,t_arr,t_begin_service,t_wait,t_departure,ride_time,num_passenger,qi,ei,li,service_or_chg_time,Li,lyr,cus_set
132,depot,0.0,0.0,0.0,0.0,0.0,0.0,0.0,0,0,0.0,1257.5182771847356,0.0,0.0,1,Int64[]
58,bus stop,-0.51188,7.76656,9.377602730052823,230.43359590492076,0.0,230.93359590492076,14.066404095079236,2,2,230.43359590492076,250.1223972699472,0.5,14.066404095079236,1,"[186, 216]"
51,bus stop,-1.91188,7.76656,232.62034289287257,234.86334812688767,0.0,235.36334812688767,9.636651873112328,3,1,230.0450221903315,249.86334812688767,0.5,14.454977809668488,1,[205]
130,transit stop,0.0,0.0,245.0,245.0,0.0,245.0,0.0,2,-1,245.0,260.0,0.0,14.454977809668488,1,Int64[]
130,transit stop,0.0,0.0,245.0,245.0,0.0,245.0,0.0,0,-2,245.0,260.0,0.0,14.066404095079236,1,Int64[]
132,depot,0.0,0.0,245.0,245.0,0.0,245.0,0.0,0,0,0.0,1257.5182771847356,0.0,0.0,1,Int64[]
