node,type_node,x,y,t_arr,t_begin_service,t_wait,t_departure,ride_time,num_passenger,qi,ei,li,service_or_chg_time,Li,lyr,cus_set
33,depot,0.0,0.0,0.0,0.0,0.0,0.0,0.0,0,0,0.0,1257.9848137792185,0.0,0.0,1,Int64[]
9,bus stop,-1.00845,1.90215,2.5939023221367035,241.9060976778633,0.0,242.4060976778633,2.5939023221366995,1,1,240.60914651679494,256.9060976778633,0.5,3.8908534832050554,1,[42]
31,transit stop,0.0,0.0,245.0,245.0,0.0,245.0,0.0,0,-1,245.0,260.0,0.0,3.8908534832050554,1,Int64[]
33,depot,0.0,0.0,245.0,245.0,0.0,245.0,0.0,0,0,0.0,1257.9848137792185,0.0,0.0,1,Int64[]
