node,type_node,x,y,t_arr,t_begin_service,t_wait,t_departure,ride_time,num_passenger,qi,ei,li,service_or_chg_time,Li,lyr,cus_set
343,depot,0.0,0.0,0.0,0.0,0.0,0.0,0.0,0,0,0.0,1257.024363264174,0.0,0.0,1,Int64[]
203,bus stop,2.46547,8.54582,10.71609245613244,228.42586131580134,0.0,228.92586131580134,16.074138684198658,1,1,228.42586131580134,248.78390754386757,0.5,16.074138684198658,1,[438]
194,bus stop,1.06547,7.14582,231.31128178245476,231.44310316927488,0.0,231.94310316927488,13.056896830725123,2,1,231.44310316927488,250.7954021128499,0.5,13.056896830725135,1,[498]
193,bus stop,1.06547,4.34582,235.3165971451785,239.10900551011912,0.0,239.60900551011912,5.390994489880882,5,3,236.41350826517868,254.10900551011912,0.5,8.086491734821314,1,"[521, 557, 562]"
341,transit stop,0.0,0.0,245.0,245.0,0.0,245.0,0.0,2,-3,245.0,260.0,0.0,8.086491734821314,1,Int64[]
341,transit stop,0.0,0.0,245.0,245.0,0.0,245.0,0.0,1,-1,245.0,260.0,0.0,13.056896830725135,1,Int64[]
341,transit stop,0.0,0.0,245.0,245.0,0.0,245.0,0.0,0,-1,245.0,260.0,0.0,16.074138684198658,1,Int64[]
343,depot,0.0,0.0,245.0,245.0,0.0,245.0,0.0,0,0,0.0,1257.024363264174,0.0,0.0,1,Int64[]
