node,type_node,x,y,t_arr,t_begin_service,t_wait,t_departure,ride_time,num_passenger,qi,ei,li,service_or_chg_time,Li,lyr,cus_set
87,depot,0.0,0.0,0.0,0.0,0.0,0.0,0.0,0,0,0.0,1258.1036263452784,0.0,0.0,1,Int64[]
57,bus stop,1.8494,-1.98349,3.267374127879639,239.59893880818055,0.0,240.09893880818055,4.901061191819451,1,1,239.59893880818055,256.23262587212037,0.5,4.901061191819458,1,[89]
58,bus stop,1.8494,-1.38349,240.8218303744456,240.8218303744456,0.0,241.3218303744456,3.6781696255544034,2,1,240.32599562178982,256.71733041452654,0.5,4.1740043782101806,1,[123]
59,bus stop,1.8494,-1.18349,241.56279422986728,241.85462483117075,0.0,242.35462483117075,2.645375168829247,3,1,240.53193724675614,256.8546248311708,0.5,3.9680627532438586,1,[115]
85,transit stop,0.0,0.0,245.0,245.0,0.0,245.0,0.0,2,-1,245.0,260.0,0.0,3.9680627532438586,1,Int64[]
85,transit stop,0.0,0.0,245.0,245.0,0.0,245.0,0.0,1,-1,245.0,260.0,0.0,4.1740043782101806,1,Int64[]
85,transit stop,0.0,0.0,245.0,245.0,0.0,245.0,0.0,0,-1,245.0,260.0,0.0,4.901061191819458,1,Int64[]
87,depot,0.0,0.0,245.0,245.0,0.0,245.0,0.0,0,0,0.0,1258.1036263452784,0.0,0.0,1,Int64[]
