node,type_node,x,y,t_arr,t_begin_service,t_wait,t_departure,ride_time,num_passenger,qi,ei,li,service_or_chg_time,Li,lyr,cus_set
137,depot,0.17248,0.56241,0.0,0.0,0.0,0.0,0.0,0,0,0.0,1257.31733288619,0.0,0.0,1,Int64[]
56,bus stop,-1.69767,6.4654,7.460424638414027,232.41945119838206,0.0,232.91945119838206,12.080548801617937,1,1,232.41945119838206,251.44630079892138,0.5,12.080548801617939,1,[215]
55,bus stop,-1.69767,3.6654,236.29294517428568,239.63318020133494,0.0,240.13318020133494,4.8668197986650625,2,1,237.1997703020024,254.63318020133494,0.5,7.300229697997586,1,[229]
135,transit stop,0.0,0.0,245.0,245.0,0.0,245.0,0.0,1,-1,245.0,260.0,0.0,7.300229697997586,1,Int64[]
135,transit stop,0.0,0.0,245.0,245.0,0.0,245.0,0.0,0,-1,245.0,260.0,0.0,12.080548801617939,1,Int64[]
137,depot,0.17248,0.56241,245.70875162782005,245.70875162782005,0.0,245.70875162782005,0.0,0,0,0.0,1257.31733288619,0.0,0.0,1,Int64[]
