node,type_node,x,y,t_arr,t_begin_service,t_wait,t_departure,ride_time,num_passenger,qi,ei,li,service_or_chg_time,Li,lyr,cus_set
34,depot,0.0,0.0,0.0,0.0,0.0,0.0,0.0,0,0,0.0,1257.5926797237148,0.0,0.0,1,Int64[]
19,bus stop,-1.02794,2.39319,3.1380902970269937,241.361909702973,0.0,241.861909702973,3.1380902970269915,1,1,239.7928645544595,256.361909702973,0.5,4.707135445540491,1,[40]
32,transit stop,0.0,0.0,245.0,245.0,0.0,245.0,0.0,0,-1,245.0,260.0,0.0,4.707135445540491,1,Int64[]
34,depot,0.0,0.0,245.0,245.0,0.0,245.0,0.0,0,0,0.0,1257.5926797237148,0.0,0.0,1,Int64[]
