node,type_node,x,y,t_arr,t_begin_service,t_wait,t_departure,ride_time,num_passenger,qi,ei,li,service_or_chg_time,Li,lyr,cus_set
218,depot,0.0,0.0,0.0,0.0,0.0,0.0,0.0,0,0,0.0,1258.2604102742332,0.0,0.0,1,Int64[]
190,bus stop,2.24024,1.46072,3.2221602989774696,239.83210257643086,0.0,240.33210257643086,4.667897423569144,1,1,239.6667595515338,256.2778397010225,0.5,4.833240448466205,1,[301]
182,bus stop,2.04024,1.26072,240.67287692880993,240.67287692880993,0.0,241.17287692880993,3.827123071190073,2,1,240.16566589147538,256.61044392765024,0.5,4.334334108524622,1,[291]
188,bus stop,2.24024,1.06072,241.513651281189,241.513651281189,0.0,242.013651281189,3.1516917437080565,4,2,240.0204769217835,256.513651281189,0.5,4.4795230782164825,1,"[268, 348]"
216,transit stop,0.0,0.0,245.0,245.0,0.0,245.0,0.0,3,-1,245.0,260.0,0.0,4.833240448466205,1,Int64[]
216,transit stop,0.0,0.0,245.0,245.0,0.0,245.0,0.0,2,-1,245.0,260.0,0.0,4.334334108524622,1,Int64[]
216,transit stop,0.0,0.0,245.0,245.0,0.0,245.0,0.0,0,-2,245.0,260.0,0.0,4.4795230782164825,1,Int64[]
218,depot,0.0,0.0,245.0,245.0,0.0,245.0,0.0,0,0,0.0,1258.2604102742332,0.0,0.0,1,Int64[]
