node,type_node,x,y,t_arr,t_begin_service,t_wait,t_departure,ride_time,num_passenger,qi,ei,li,service_or_chg_time,Li,lyr,cus_set
214,depot,-0.74666,-0.34189,0.0,0.0,0.0,0.0,0.0,0,0,0.0,1258.0526409958575,0.0,0.0,1,Int64[]
170,bus stop,11.13675,-14.71345,22.467769210690093,211.15122428594802,0.0,211.65122428594802,33.34877571405198,1,1,211.15122428594802,237.2674828572987,0.5,33.34877571405198,1,[352]
171,bus stop,11.13675,-9.11345,218.39821223775525,227.162228985049,0.0,227.662228985049,17.337771014950988,2,1,218.49334347757352,242.162228985049,0.5,26.00665652242649,1,[357]
212,transit stop,0.0,0.0,245.0,245.0,0.0,245.0,0.0,1,-1,245.0,260.0,0.0,26.00665652242649,1,Int64[]
212,transit stop,0.0,0.0,245.0,245.0,0.0,245.0,0.0,0,-1,245.0,260.0,0.0,33.34877571405198,1,Int64[]
214,depot,-0.74666,-0.34189,245.98941261945816,245.98941261945816,0.0,245.98941261945816,0.0,0,0,0.0,1258.0526409958575,0.0,0.0,1,Int64[]
