node,type_node,x,y,t_arr,t_begin_service,t_wait,t_departure,ride_time,num_passenger,qi,ei,li,service_or_chg_time,Li,lyr,cus_set
153,depot,0.0,0.0,0.0,0.0,0.0,0.0,0.0,0,0,0.0,1254.2100840044568,0.0,0.0,1,Int64[]
28,bus stop,-14.23217,7.13794,19.182934513792688,215.72559822931098,0.0,216.22559822931098,28.774401770689025,2,2,215.72559822931098,240.3170654862073,0.5,28.774401770689032,1,"[161, 182]"
24,bus stop,-15.63217,5.73794,218.6110186959644,224.4373642171732,0.0,224.9373642171732,20.06263578282679,3,1,214.4060463257598,239.4373642171732,0.5,30.093953674240193,1,[245]
151,transit stop,0.0,0.0,245.0,245.0,0.0,245.0,0.0,2,-1,245.0,260.0,0.0,30.093953674240193,1,Int64[]
151,transit stop,0.0,0.0,245.0,245.0,0.0,245.0,0.0,0,-2,245.0,260.0,0.0,28.774401770689032,1,Int64[]
153,depot,0.0,0.0,245.0,245.0,0.0,245.0,0.0,0,0,0.0,1254.2100840044568,0.0,0.0,1,Int64[]
