node,type_node,x,y,t_arr,t_begin_service,t_wait,t_departure,ride_time,num_passenger,qi,ei,li,service_or_chg_time,Li,lyr,cus_set
223,depot,0.0,0.0,0.0,0.0,0.0,0.0,0.0,0,0,0.0,1255.7812334988457,0.0,0.0,1,Int64[]
121,bus stop,0.32815,9.97344,12.02269517972868,226.46595723040699,0.0,226.96595723040699,18.034042769593015,1,1,226.46595723040699,247.4773048202713,0.5,18.03404276959302,1,[334]
119,bus stop,0.32815,7.17344,230.3394512063106,233.42329137017097,0.0,233.92329137017097,11.076708629829028,2,1,231.5223944982783,250.8482629988522,0.5,12.977605501721712,1,[343]
130,bus stop,1.72815,7.17344,235.61003835812278,235.61003835812278,0.0,236.11003835812278,10.790858513769905,3,1,231.16505753718417,250.61003835812278,0.5,13.334942462815846,1,[330]
221,transit stop,0.0,0.0,245.0,245.0,0.0,245.0,0.0,2,-1,245.0,260.0,0.0,12.977605501721712,1,Int64[]
221,transit stop,0.0,0.0,245.0,245.0,0.0,245.0,0.0,1,-1,245.0,260.0,0.0,18.03404276959302,1,Int64[]
221,transit stop,0.0,0.0,245.0,245.0,0.0,245.0,0.0,0,-1,245.0,260.0,0.0,13.334942462815846,1,Int64[]
223,depot,0.0,0.0,245.0,245.0,0.0,245.0,0.0,0,0,0.0,1255.7812334988457,0.0,0.0,1,Int64[]
