node,type_node,x,y,t_arr,t_begin_service,t_wait,t_departure,ride_time,num_passenger,qi,ei,li,service_or_chg_time,Li,lyr,cus_set
637,depot,0.0,0.0,0.0,0.0,0.0,0.0,0.0,0,0,0.0,1257.924621082435,0.0,0.0,1,Int64[]
436,bus stop,9.5109,-3.13789,12.06646641087589,226.40030038368616,0.0,226.90030038368616,18.099699616313842,1,1,226.40030038368616,247.43353358912412,0.5,18.099699616313835,1,[661]
435,bus stop,9.5109,-5.93789,230.27379435958977,230.27379435958977,0.0,230.77379435958977,14.226205640410228,3,2,224.23680036478183,245.99120024318788,0.5,20.263199635218182,1,"[785, 1049]"
400,bus stop,6.7109,-4.53789,234.54547528549304,234.73957882339926,0.0,235.23957882339926,9.760421176600744,4,1,229.85936823509888,249.73957882339926,0.5,14.640631764901126,1,[931]
635,transit stop,0.0,0.0,245.0,245.0,0.0,245.0,0.0,3,-1,245.0,260.0,0.0,14.640631764901126,1,Int64[]
635,transit stop,0.0,0.0,245.0,245.0,0.0,245.0,0.0,1,-2,245.0,260.0,0.0,20.263199635218182,1,Int64[]
635,transit stop,0.0,0.0,245.0,245.0,0.0,245.0,0.0,0,-1,245.0,260.0,0.0,18.099699616313835,1,Int64[]
637,depot,0.0,0.0,245.0,245.0,0.0,245.0,0.0,0,0,0.0,1257.924621082435,0.0,0.0,1,Int64[]
