node,type_node,x,y,t_arr,t_begin_service,t_wait,t_departure,ride_time,num_passenger,qi,ei,li,service_or_chg_time,Li,lyr,cus_set
637,depot,0.0,0.0,0.0,0.0,0.0,0.0,0.0,0,0,0.0,1257.924621082435,0.0,0.0,1,Int64[]
184,bus stop,-8.6891,-5.93789,12.679771103684594,226.58402718365377,0.0,227.08402718365377,17.915972816346226,1,1,225.4803433444731,246.8202288963154,0.5,19.01965665552689,1,[853]
166,bus stop,-10.0891,-7.33789,229.4694476503072,229.4694476503072,0.0,229.9694476503072,15.030552349692812,2,1,221.95417147546078,244.4694476503072,0.5,22.545828524539207,1,[1090]
635,transit stop,0.0,0.0,245.0,245.0,0.0,245.0,0.0,1,-1,245.0,260.0,0.0,19.01965665552689,1,Int64[]
635,transit stop,0.0,0.0,245.0,245.0,0.0,245.0,0.0,0,-1,245.0,260.0,0.0,22.545828524539207,1,Int64[]
637,depot,0.0,0.0,245.0,245.0,0.0,245.0,0.0,0,0,0.0,1257.924621082435,0.0,0.0,1,Int64[]
