node,type_node,x,y,t_arr,t_begin_service,t_wait,t_departure,ride_time,num_passenger,qi,ei,li,service_or_chg_time,Li,lyr,cus_set
225,depot,0.0,0.0,0.0,0.0,0.0,0.0,0.0,0,0,0.0,1254.2244206131559,0.0,0.0,1,Int64[]
192,bus stop,17.12815,-13.82656,26.52100572927056,204.71849140609416,0.0,205.21849140609416,39.78150859390584,1,1,204.71849140609416,232.97899427072943,0.5,39.78150859390584,1,[244]
184,bus stop,15.72815,-11.02656,208.99017233199743,209.78616064760115,0.0,210.28616064760115,34.71383935239885,2,1,209.78616064760115,236.3574404317341,0.5,34.713839352398864,1,[265]
180,bus stop,14.32815,-8.22656,214.05784157350442,224.5941331295742,0.0,225.0941331295742,19.905866870425797,3,1,214.64119969436132,239.5941331295742,0.5,29.858800305638695,1,[290]
223,transit stop,0.0,0.0,245.0,245.0,0.0,245.0,0.0,2,-1,245.0,260.0,0.0,29.858800305638695,1,Int64[]
223,transit stop,0.0,0.0,245.0,245.0,0.0,245.0,0.0,1,-1,245.0,260.0,0.0,34.713839352398864,1,Int64[]
223,transit stop,0.0,0.0,245.0,245.0,0.0,245.0,0.0,0,-1,245.0,260.0,0.0,39.78150859390584,1,Int64[]
225,depot,0.0,0.0,245.0,245.0,0.0,245.0,0.0,0,0,0.0,1254.2244206131559,0.0,0.0,1,Int64[]
