node,type_node,x,y,t_arr,t_begin_service,t_wait,t_departure,ride_time,num_passenger,qi,ei,li,service_or_chg_time,Li,lyr,cus_set
296,depot,0.0,0.0,0.0,0.0,0.0,0.0,0.0,0,0,0.0,1256.9006685279924,0.0,0.0,1,Int64[]
213,bus stop,7.12097,-10.36806,15.154159294303138,221.7687610585453,0.0,222.2687610585453,22.731238941454706,1,1,221.7687610585453,244.34584070569687,0.5,22.731238941454706,1,[405]
203,bus stop,5.72097,-10.36806,223.9555080464971,223.9555080464971,0.0,224.4555080464971,20.5444919535029,3,2,223.09931392179942,245.2328759478663,0.5,21.400686078200568,1,"[313, 471]"
227,bus stop,8.52097,-8.96806,228.22718897240037,229.59560004872608,0.0,230.09560004872608,14.904399951273916,5,2,222.14340007308914,244.59560004872608,0.5,22.356599926910864,1,"[362, 475]"
294,transit stop,0.0,0.0,245.0,245.0,0.0,245.0,0.0,3,-2,245.0,260.0,0.0,22.356599926910864,1,Int64[]
294,transit stop,0.0,0.0,245.0,245.0,0.0,245.0,0.0,1,-2,245.0,260.0,0.0,21.400686078200568,1,Int64[]
294,transit stop,0.0,0.0,245.0,245.0,0.0,245.0,0.0,0,-1,245.0,260.0,0.0,22.731238941454706,1,Int64[]
296,depot,0.0,0.0,245.0,245.0,0.0,245.0,0.0,0,0,0.0,1256.9006685279924,0.0,0.0,1,Int64[]
