node,type_node,x,y,t_arr,t_begin_service,t_wait,t_departure,ride_time,num_passenger,qi,ei,li,service_or_chg_time,Li,lyr,cus_set
296,depot,0.0,0.0,0.0,0.0,0.0,0.0,0.0,0,0,0.0,1256.9006685279924,0.0,0.0,1,Int64[]
230,bus stop,8.52097,-3.36806,11.039113999457468,227.9413290008138,0.0,228.4413290008138,16.558670999186205,2,2,227.9413290008138,248.46088600054253,0.5,16.5586709991862,1,"[487, 512]"
232,bus stop,8.52097,0.83194,233.50156996466922,233.50156996466922,0.0,234.00156996466922,10.998430035330784,4,2,229.02743373905716,249.1849558260381,0.5,15.472566260942848,1,"[478, 490]"
218,bus stop,7.12097,0.83194,235.68831695262102,235.86216518391822,0.0,236.36216518391822,8.637834816081778,6,2,231.54324777587735,250.86216518391822,0.5,12.956752224122653,1,"[525, 540]"
294,transit stop,0.0,0.0,245.0,245.0,0.0,245.0,0.0,4,-2,245.0,260.0,0.0,12.956752224122653,1,Int64[]
294,transit stop,0.0,0.0,245.0,245.0,0.0,245.0,0.0,2,-2,245.0,260.0,0.0,16.5586709991862,1,Int64[]
294,transit stop,0.0,0.0,245.0,245.0,0.0,245.0,0.0,0,-2,245.0,260.0,0.0,15.472566260942848,1,Int64[]
296,depot,0.0,0.0,245.0,245.0,0.0,245.0,0.0,0,0,0.0,1256.9006685279924,0.0,0.0,1,Int64[]
