node,type_node,x,y,t_arr,t_begin_service,t_wait,t_departure,ride_time,num_passenger,qi,ei,li,service_or_chg_time,Li,lyr,cus_set
35,depot,0.0,0.0,0.0,0.0,0.0,0.0,0.0,0,0,0.0,1257.546626212437,0.0,0.0,1,Int64[]
27,bus stop,2.88418,0.9779,3.6692202262020017,238.996169660697,0.0,239.496169660697,5.5038303393029935,1,1,238.996169660697,255.83077977379799,0.5,5.503830339303002,1,[42]
24,bus stop,2.28418,-0.0221,240.90121831005732,241.7478470976507,0.0,242.2478470976507,2.7521529023493088,2,1,240.37177064647605,256.7478470976507,0.5,4.12822935352396,1,[45]
33,transit stop,0.0,0.0,245.0,245.0,0.0,245.0,0.0,1,-1,245.0,260.0,0.0,4.12822935352396,1,Int64[]
33,transit stop,0.0,0.0,245.0,245.0,0.0,245.0,0.0,0,-1,245.0,260.0,0.0,5.503830339303002,1,Int64[]
35,depot,0.0,0.0,245.0,245.0,0.0,245.0,0.0,0,0,0.0,1257.546626212437,0.0,0.0,1,Int64[]
