node,type_node,x,y,t_arr,t_begin_service,t_wait,t_departure,ride_time,num_passenger,qi,ei,li,service_or_chg_time,Li,lyr,cus_set
620,depot,0.0,0.0,0.0,0.0,0.0,0.0,0.0,0,0,0.0,1257.924621082435,0.0,0.0,1,Int64[]
90,bus stop,-17.0891,12.26211,25.341238564588178,206.48814215311774,0.0,206.98814215311774,38.011857846882265,2,2,206.48814215311774,234.15876143541183,0.5,38.011857846882265,1,"[762, 824]"
78,bus stop,-18.4891,15.06211,210.759823079021,210.759823079021,0.0,211.259823079021,33.740176920978996,3,1,201.40170223212073,230.7678014880805,0.5,43.098297767879274,1,[1061]
122,bus stop,-14.2891,13.66211,216.5937853973773,220.68137106323093,0.0,221.18137106323093,23.818628936769073,4,1,208.7720565948464,235.68137106323093,0.5,35.72794340515362,1,[640]
618,transit stop,0.0,0.0,245.0,245.0,0.0,245.0,0.0,3,-1,245.0,260.0,0.0,35.72794340515362,1,Int64[]
618,transit stop,0.0,0.0,245.0,245.0,0.0,245.0,0.0,2,-1,245.0,260.0,0.0,43.098297767879274,1,Int64[]
618,transit stop,0.0,0.0,245.0,245.0,0.0,245.0,0.0,0,-2,245.0,260.0,0.0,38.011857846882265,1,Int64[]
620,depot,0.0,0.0,245.0,245.0,0.0,245.0,0.0,0,0,0.0,1257.924621082435,0.0,0.0,1,Int64[]
