node,type_node,x,y,t_arr,t_begin_service,t_wait,t_departure,ride_time,num_passenger,qi,ei,li,service_or_chg_time,Li,lyr,cus_set
620,depot,0.0,0.0,0.0,0.0,0.0,0.0,0.0,0,0,0.0,1257.924621082435,0.0,0.0,1,Int64[]
381,bus stop,5.3109,-8.73789,12.319616188935301,226.02057571659705,0.0,226.52057571659705,18.47942428340295,3,3,226.02057571659705,247.1803838110647,0.5,18.479424283402953,1,"[687, 846, 1027]"
366,bus stop,3.9109,-7.33789,228.90599618325047,229.4728325068248,0.0,229.9728325068248,15.027167493175199,4,1,229.4728325068248,249.4818883378832,0.5,15.027167493175208,1,[976]
382,bus stop,5.3109,-7.33789,231.6595794947766,233.58655249596038,0.0,234.08655249596038,10.913447504039624,5,1,228.12982874394058,248.58655249596038,0.5,16.370171256059432,1,[865]
618,transit stop,0.0,0.0,245.0,245.0,0.0,245.0,0.0,4,-1,245.0,260.0,0.0,16.370171256059432,1,Int64[]
618,transit stop,0.0,0.0,245.0,245.0,0.0,245.0,0.0,3,-1,245.0,260.0,0.0,15.027167493175208,1,Int64[]
618,transit stop,0.0,0.0,245.0,245.0,0.0,245.0,0.0,0,-3,245.0,260.0,0.0,18.479424283402953,1,Int64[]
620,depot,0.0,0.0,245.0,245.0,0.0,245.0,0.0,0,0,0.0,1257.924621082435,0.0,0.0,1,Int64[]
