node,type_node,x,y,t_arr,t_begin_service,t_wait,t_departure,ride_time,num_passenger,qi,ei,li,service_or_chg_time,Li,lyr,cus_set
229,depot,0.0,0.0,0.0,0.0,0.0,0.0,0.0,0,0,0.0,1256.12870968382,0.0,0.0,1,Int64[]
224,bus stop,28.12287,-4.22937,34.263996637488354,193.10400504376747,0.0,193.60400504376747,51.39599495623253,1,1,193.10400504376747,225.23600336251164,0.5,51.39599495623253,1,[265]
177,bus stop,16.92287,-14.02937,211.53437147488614,218.01570574082734,0.0,218.51570574082734,26.484294259172657,2,1,204.77355861124104,233.01570574082734,0.5,39.726441388758964,1,[272]
227,transit stop,0.0,0.0,245.0,245.0,0.0,245.0,0.0,1,-1,245.0,260.0,0.0,39.726441388758964,1,Int64[]
227,transit stop,0.0,0.0,245.0,245.0,0.0,245.0,0.0,0,-1,245.0,260.0,0.0,51.39599495623253,1,Int64[]
229,depot,0.0,0.0,245.0,245.0,0.0,245.0,0.0,0,0,0.0,1256.12870968382,0.0,0.0,1,Int64[]
