node,type_node,x,y,t_arr,t_begin_service,t_wait,t_departure,ride_time,num_passenger,qi,ei,li,service_or_chg_time,Li,lyr,cus_set
24,depot,0.0,0.0,0.0,0.0,0.0,0.0,0.0,0,0,0.0,1258.5268456407596,0.0,0.0,1,Int64[]
16,bus stop,1.20938,1.21989,2.069601646390518,242.4303983536095,0.0,242.9303983536095,2.0696016463905096,48,48,241.39559753041422,257.43039835360946,0.5,3.104402469585777,1,"[37, 41, 44, 46, 76, 77, 80, 82, 84, 89, 92, 97, 124, 131, 132, 150, 163, 169, 185, 193, 196, 217, 234, 243, 262, 263, 266, 273, 274, 287, 296, 304, 325, 329, 336, 339, 369, 412, 413, 414, 418, 433, 442, 457, 468, 481, 484, 503]"
22,transit stop,0.0,0.0,245.0,245.0,0.0,245.0,0.0,0,-48,245.0,260.0,0.0,3.104402469585777,1,Int64[]
24,depot,0.0,0.0,245.0,245.0,0.0,245.0,0.0,0,0,0.0,1258.5268456407596,0.0,0.0,1,Int64[]
