node,type_node,x,y,t_arr,t_begin_service,t_wait,t_departure,ride_time,num_passenger,qi,ei,li,service_or_chg_time,Li,lyr,cus_set
67,depot,0.0,0.0,0.0,0.0,0.0,0.0,0.0,0,0,0.0,1257.9445042642471,0.0,0.0,1,Int64[]
3,bus stop,-8.1697,-3.69724,10.804050633886305,228.29392404917053,0.0,228.79392404917053,16.206075950829472,1,1,228.29392404917053,248.6959493661137,0.5,16.206075950829458,1,[71]
22,bus stop,-2.5697,1.90276,238.33560591578419,238.7214286508574,0.0,239.2214286508574,5.778571349142595,3,2,238.7214286508574,255.6476191005716,0.5,5.778571349142593,1,"[75, 79]"
28,bus stop,-1.1697,1.90276,240.9081756388092,241.80898990019804,0.0,242.30898990019804,2.6910100998019573,4,1,240.46348485029705,256.808989900198,0.5,4.036515149702945,1,[106]
65,transit stop,0.0,0.0,245.0,245.0,0.0,245.0,0.0,3,-1,245.0,260.0,0.0,4.036515149702945,1,Int64[]
65,transit stop,0.0,0.0,245.0,245.0,0.0,245.0,0.0,2,-1,245.0,260.0,0.0,16.206075950829458,1,Int64[]
65,transit stop,0.0,0.0,245.0,245.0,0.0,245.0,0.0,0,-2,245.0,260.0,0.0,5.778571349142593,1,Int64[]
67,depot,0.0,0.0,245.0,245.0,0.0,245.0,0.0,0,0,0.0,1257.9445042642471,0.0,0.0,1,Int64[]
