node,type_node,x,y,t_arr,t_begin_service,t_wait,t_departure,ride_time,num_passenger,qi,ei,li,service_or_chg_time,Li,lyr,cus_set
68,depot,0.0,0.0,0.0,0.0,0.0,0.0,0.0,0,0,0.0,1257.620574165033,0.0,0.0,1,Int64[]
18,bus stop,-3.47357,-5.16353,7.497784121858144,233.2533238172128,0.0,233.7533238172128,11.246676182787212,1,1,233.2533238172128,252.00221587814187,0.5,11.246676182787215,1,[101]
19,bus stop,-3.47357,-3.76353,235.4400708051646,235.4400708051646,0.0,235.9400708051646,9.059929194835405,2,1,235.24426222508723,253.32950815005813,0.5,9.255737774912784,1,[109]
25,bus stop,-2.07357,-2.36353,238.325491271818,240.71181240850785,0.0,241.21181240850785,3.7881875914921466,4,2,238.81771861276178,255.71181240850785,0.5,5.682281387238211,1,"[73, 115]"
66,transit stop,0.0,0.0,245.0,245.0,0.0,245.0,0.0,2,-2,245.0,260.0,0.0,5.682281387238211,1,Int64[]
66,transit stop,0.0,0.0,245.0,245.0,0.0,245.0,0.0,1,-1,245.0,260.0,0.0,9.255737774912784,1,Int64[]
66,transit stop,0.0,0.0,245.0,245.0,0.0,245.0,0.0,0,-1,245.0,260.0,0.0,11.246676182787215,1,Int64[]
68,depot,0.0,0.0,245.0,245.0,0.0,245.0,0.0,0,0,0.0,1257.620574165033,0.0,0.0,1,Int64[]
