node,type_node,x,y,t_arr,t_begin_service,t_wait,t_departure,ride_time,num_passenger,qi,ei,li,service_or_chg_time,Li,lyr,cus_set
228,depot,0.0,0.0,0.0,0.0,0.0,0.0,0.0,0,0,0.0,1258.2375959885571,0.0,0.0,1,Int64[]
23,bus stop,-2.35976,1.66072,3.4765786603072177,239.28513200953918,0.0,239.78513200953918,5.214867990460817,1,1,239.28513200953918,256.0234213396928,0.5,5.214867990460826,1,[264]
35,bus stop,-2.15976,1.66072,240.02609586496087,240.02609586496087,0.0,240.52609586496087,4.473904135039135,2,1,239.57631960038003,256.21754640025335,0.5,4.923680399619981,1,[282]
56,bus stop,-1.75976,1.86072,241.0649074258042,241.41438416557406,0.0,241.91438416557406,3.085615834425937,4,2,239.8715762483611,256.41438416557406,0.5,4.628423751638897,1,"[328, 339]"
226,transit stop,0.0,0.0,245.0,245.0,0.0,245.0,0.0,2,-2,245.0,260.0,0.0,4.628423751638897,1,Int64[]
226,transit stop,0.0,0.0,245.0,245.0,0.0,245.0,0.0,1,-1,245.0,260.0,0.0,5.214867990460826,1,Int64[]
226,transit stop,0.0,0.0,245.0,245.0,0.0,245.0,0.0,0,-1,245.0,260.0,0.0,4.923680399619981,1,Int64[]
228,depot,0.0,0.0,245.0,245.0,0.0,245.0,0.0,0,0,0.0,1258.2375959885571,0.0,0.0,1,Int64[]
