node,type_node,x,y,t_arr,t_begin_service,t_wait,t_departure,ride_time,num_passenger,qi,ei,li,service_or_chg_time,Li,lyr,cus_set
145,depot,0.0,0.0,0.0,0.0,0.0,0.0,0.0,0,0,0.0,1255.8887102935842,0.0,0.0,1,Int64[]
109,bus stop,13.83004,10.91964,21.23042485135069,212.65436272297396,0.0,213.15436272297396,31.845637277026043,1,1,212.65436272297396,238.26957514864932,0.5,31.845637277026036,1,[229]
107,bus stop,13.83004,8.11964,216.52785669887757,216.52785669887757,0.0,217.02785669887757,27.97214330112243,2,1,215.51672662678814,240.1778177511921,0.5,28.983273373211865,1,[149]
97,bus stop,11.03004,-1.68036,229.30756012657966,231.0574672424637,0.0,231.5574672424637,13.442532757536299,3,1,224.33620086369555,246.0574672424637,0.5,20.16379913630445,1,[207]
143,transit stop,0.0,0.0,245.0,245.0,0.0,245.0,0.0,2,-1,245.0,260.0,0.0,20.16379913630445,1,Int64[]
143,transit stop,0.0,0.0,245.0,245.0,0.0,245.0,0.0,1,-1,245.0,260.0,0.0,31.845637277026036,1,Int64[]
143,transit stop,0.0,0.0,245.0,245.0,0.0,245.0,0.0,0,-1,245.0,260.0,0.0,28.983273373211865,1,Int64[]
145,depot,0.0,0.0,245.0,245.0,0.0,245.0,0.0,0,0,0.0,1255.8887102935842,0.0,0.0,1,Int64[]
