node,type_node,x,y,t_arr,t_begin_service,t_wait,t_departure,ride_time,num_passenger,qi,ei,li,service_or_chg_time,Li,lyr,cus_set
18,depot,0.0,0.0,0.0,0.0,0.0,0.0,0.0,0,0,0.0,1258.0156965875499,0.0,0.0,1,Int64[]
14,bus stop,2.67858,0.24249,3.2404022034273425,241.25959779657265,0.0,241.75959779657265,3.240402203427351,2,2,239.639396694859,256.2595977965727,0.5,4.860603305141014,1,"[27, 28]"
16,transit stop,0.0,0.0,245.0,245.0,0.0,245.0,0.0,0,-2,245.0,260.0,0.0,4.860603305141014,1,Int64[]
18,depot,0.0,0.0,245.0,245.0,0.0,245.0,0.0,0,0,0.0,1258.0156965875499,0.0,0.0,1,Int64[]
