node,type_node,x,y,t_arr,t_begin_service,t_wait,t_departure,ride_time,num_passenger,qi,ei,li,service_or_chg_time,Li,lyr,cus_set
84,depot,0.0,0.0,0.0,0.0,0.0,0.0,0.0,0,0,0.0,1258.068564990414,0.0,0.0,1,Int64[]
70,bus stop,2.6494,3.61651,5.401362835625179,236.39795574656222,0.0,236.89795574656222,8.102044253437782,1,1,236.39795574656222,254.09863716437482,0.5,8.102044253437768,1,[123]
74,bus stop,2.8494,3.41651,237.2387300989413,237.2387300989413,0.0,237.7387300989413,7.261269901058711,2,1,236.46004072448014,254.14002714965343,0.5,8.039959275519852,1,[113]
65,bus stop,1.8494,2.01651,239.81157956087927,241.20341697640703,0.0,241.70341697640703,3.296583023592973,3,1,239.55512546461054,256.203416976407,0.5,4.944874535389468,1,[107]
82,transit stop,0.0,0.0,245.0,245.0,0.0,245.0,0.0,2,-1,245.0,260.0,0.0,4.944874535389468,1,Int64[]
82,transit stop,0.0,0.0,245.0,245.0,0.0,245.0,0.0,1,-1,245.0,260.0,0.0,8.102044253437768,1,Int64[]
82,transit stop,0.0,0.0,245.0,245.0,0.0,245.0,0.0,0,-1,245.0,260.0,0.0,8.039959275519852,1,Int64[]
84,depot,0.0,0.0,245.0,245.0,0.0,245.0,0.0,0,0,0.0,1258.068564990414,0.0,0.0,1,Int64[]
