node,type_node,x,y,t_arr,t_begin_service,t_wait,t_departure,ride_time,num_passenger,qi,ei,li,service_or_chg_time,Li,lyr,cus_set
94,depot,0.0,0.0,0.0,0.0,0.0,0.0,0.0,0,0,0.0,1257.4959082119512,0.0,0.0,1,Int64[]
2,bus stop,-9.65946,-1.47992,11.773700286328141,226.83944957050778,0.0,227.33944957050778,17.66055042949222,1,1,226.83944957050778,247.72629971367186,0.5,17.66055042949221,1,[113]
3,bus stop,-9.25946,-2.47992,228.6370796445161,232.37416422635906,0.0,232.87416422635906,12.125835773640944,2,1,227.1762611898704,247.95084079324693,0.5,17.323738810129615,1,[116]
5,bus stop,-7.85946,-1.67992,234.81687693679245,234.81687693679245,0.0,235.31687693679245,13.42020764505051,3,1,229.9753154051887,249.81687693679245,0.5,14.524684594811303,1,[124]
92,transit stop,0.0,0.0,245.0,245.0,0.0,245.0,0.0,2,-1,245.0,260.0,0.0,17.323738810129615,1,Int64[]
92,transit stop,0.0,0.0,245.0,245.0,0.0,245.0,0.0,1,-1,245.0,260.0,0.0,17.66055042949221,1,Int64[]
92,transit stop,0.0,0.0,245.0,245.0,0.0,245.0,0.0,0,-1,245.0,260.0,0.0,14.524684594811303,1,Int64[]
94,depot,0.0,0.0,245.0,245.0,0.0,245.0,0.0,0,0,0.0,1257.4959082119512,0.0,0.0,1,Int64[]
