node,type_node,x,y,t_arr,t_begin_service,t_wait,t_departure,ride_time,num_passenger,qi,ei,li,service_or_chg_time,Li,lyr,cus_set
147,depot,0.0,0.0,0.0,0.0,0.0,0.0,0.0,0,0,0.0,1252.850264957428,0.0,0.0,1,Int64[]
6,bus stop,-26.76996,5.31964,32.88360661293987,195.17459008059018,0.0,195.67459008059018,49.32540991940982,2,2,195.17459008059018,226.61639338706013,0.5,49.32540991940981,1,"[166, 232]"
4,bus stop,-26.76996,-0.28036,202.4215780323974,202.4215780323974,0.0,202.9215780323974,42.078421967602594,3,1,196.117901104505,227.2452674030033,0.5,48.38209889549501,1,[190]
9,bus stop,-25.36996,-3.08036,206.69325895830067,213.70930024561338,0.0,214.20930024561338,30.790699754386623,4,1,198.31395036842008,228.70930024561338,0.5,46.186049631579934,1,[201]
145,transit stop,0.0,0.0,245.0,245.0,0.0,245.0,0.0,3,-1,245.0,260.0,0.0,46.186049631579934,1,Int64[]
145,transit stop,0.0,0.0,245.0,245.0,0.0,245.0,0.0,2,-1,245.0,260.0,0.0,48.38209889549501,1,Int64[]
145,transit stop,0.0,0.0,245.0,245.0,0.0,245.0,0.0,0,-2,245.0,260.0,0.0,49.32540991940981,1,Int64[]
147,depot,0.0,0.0,245.0,245.0,0.0,245.0,0.0,0,0,0.0,1252.850264957428,0.0,0.0,1,Int64[]
