node,type_node,x,y,t_arr,t_begin_service,t_wait,t_departure,ride_time,num_passenger,qi,ei,li,service_or_chg_time,Li,lyr,cus_set
97,depot,-0.13331,-0.05441,0.0,0.0,0.0,0.0,0.0,0,0,0.0,1257.7679928017342,0.0,0.0,1,Int64[]
79,bus stop,4.72201,3.1775,7.027244593054935,234.2140435161423,0.0,234.7140435161423,10.285956483857689,4,4,234.2140435161423,252.6426956774282,0.5,10.285956483857683,1,"[105, 114, 139, 153]"
72,bus stop,3.32201,3.1775,236.40079050409412,236.40079050409412,0.0,236.90079050409412,8.099209495905882,5,1,236.19219861371897,253.9614657424793,0.5,8.307801386281039,1,[159]
71,bus stop,3.32201,1.7775,238.58753749204593,239.96065143151722,0.0,240.46065143151722,4.5393485684827795,6,1,237.69097714727582,254.96065143151722,0.5,6.809022852724172,1,[183]
95,transit stop,0.0,0.0,245.0,245.0,0.0,245.0,0.0,5,-1,245.0,260.0,0.0,6.809022852724172,1,Int64[]
95,transit stop,0.0,0.0,245.0,245.0,0.0,245.0,0.0,4,-1,245.0,260.0,0.0,8.307801386281039,1,Int64[]
95,transit stop,0.0,0.0,245.0,245.0,0.0,245.0,0.0,0,-4,245.0,260.0,0.0,10.285956483857683,1,Int64[]
97,depot,-0.13331,-0.05441,245.17347725906745,245.17347725906745,0.0,245.17347725906745,0.0,0,0,0.0,1257.7679928017342,0.0,0.0,1,Int64[]
