node,type_node,x,y,t_arr,t_begin_service,t_wait,t_departure,ride_time,num_passenger,qi,ei,li,service_or_chg_time,Li,lyr,cus_set
73,depot,0.0,0.0,0.0,0.0,0.0,0.0,0.0,0,0,0.0,1257.6890544472444,0.0,0.0,1,Int64[]
11,bus stop,-2.13724,-1.35869,3.0512707288876806,241.4487292711123,0.0,241.9487292711123,3.051270728887687,18,18,239.92309390666847,256.4487292711123,0.5,4.576906093331521,1,"[79, 80, 93, 95, 96, 97, 100, 105, 106, 110, 119, 129, 132, 142, 166, 190, 192, 198]"
71,transit stop,0.0,0.0,245.0,245.0,0.0,245.0,0.0,0,-18,245.0,260.0,0.0,4.576906093331521,1,Int64[]
73,depot,0.0,0.0,245.0,245.0,0.0,245.0,0.0,0,0,0.0,1257.6890544472444,0.0,0.0,1,Int64[]
