node,type_node,x,y,t_arr,t_begin_service,t_wait,t_departure,ride_time,num_passenger,qi,ei,li,service_or_chg_time,Li,lyr,cus_set
33,depot,0.0,0.0,0.0,0.0,0.0,0.0,0.0,0,0,0.0,1254.9133080952313,0.0,0.0,1,Int64[]
27,bus stop,9.06696,4.24217,12.060582181089508,226.40912672836575,0.0,226.90912672836575,18.09087327163425,1,1,226.40912672836575,247.4394178189105,0.5,18.090873271634262,1,[50]
21,bus stop,6.26696,5.64217,230.68080765426902,234.340231877601,0.0,234.840231877601,10.159768122398987,2,1,229.26034781640152,249.340231877601,0.5,15.239652183598475,1,[37]
31,transit stop,0.0,0.0,245.0,245.0,0.0,245.0,0.0,1,-1,245.0,260.0,0.0,15.239652183598475,1,Int64[]
31,transit stop,0.0,0.0,245.0,245.0,0.0,245.0,0.0,0,-1,245.0,260.0,0.0,18.090873271634262,1,Int64[]
33,depot,0.0,0.0,245.0,245.0,0.0,245.0,0.0,0,0,0.0,1254.9133080952313,0.0,0.0,1,Int64[]
