node,type_node,x,y,t_arr,t_begin_service,t_wait,t_departure,ride_time,num_passenger,qi,ei,li,service_or_chg_time,Li,lyr,cus_set
24,depot,0.0,0.0,0.0,0.0,0.0,0.0,0.0,0,0,0.0,1258.5268456407596,0.0,0.0,1,Int64[]
20,bus stop,2.60938,1.21989,3.4704223965590324,241.02957760344097,0.0,241.52957760344097,3.47042239655903,25,25,239.29436640516144,256.02957760344094,0.5,5.205633594838549,1,"[43, 55, 79, 140, 149, 155, 166, 181, 192, 200, 214, 220, 225, 236, 238, 265, 267, 312, 330, 396, 423, 460, 493, 510, 520]"
22,transit stop,0.0,0.0,245.0,245.0,0.0,245.0,0.0,0,-25,245.0,260.0,0.0,5.205633594838549,1,Int64[]
24,depot,0.0,0.0,245.0,245.0,0.0,245.0,0.0,0,0,0.0,1258.5268456407596,0.0,0.0,1,Int64[]
