node,type_node,x,y,t_arr,t_begin_service,t_wait,t_departure,ride_time,num_passenger,qi,ei,li,service_or_chg_time,Li,lyr,cus_set
341,depot,0.0,0.0,0.0,0.0,0.0,0.0,0.0,0,0,0.0,1257.6968595922744,0.0,0.0,1,Int64[]
6,bus stop,-13.55084,-2.31539,16.562926084438978,219.65561087334154,0.0,220.15561087334154,24.844389126658456,3,3,219.65561087334154,242.93707391556103,0.5,24.844389126658466,1,"[355, 697, 741]"
19,bus stop,-12.15084,0.48461,223.9272917992448,229.34728106823252,0.0,229.84728106823252,15.152718931767481,6,3,222.5231928225273,244.8487952150182,0.5,21.97680717747269,1,"[362, 468, 595]"
32,bus stop,-10.75084,0.48461,231.53402805618433,231.53402805618433,0.0,232.03402805618433,12.965971943815674,9,3,225.05104208427647,246.53402805618433,0.5,19.448957915723522,1,"[410, 541, 664]"
339,transit stop,0.0,0.0,245.0,245.0,0.0,245.0,0.0,6,-3,245.0,260.0,0.0,21.97680717747269,1,Int64[]
339,transit stop,0.0,0.0,245.0,245.0,0.0,245.0,0.0,3,-3,245.0,260.0,0.0,19.448957915723522,1,Int64[]
339,transit stop,0.0,0.0,245.0,245.0,0.0,245.0,0.0,0,-3,245.0,260.0,0.0,24.844389126658466,1,Int64[]
341,depot,0.0,0.0,245.0,245.0,0.0,245.0,0.0,0,0,0.0,1257.6968595922744,0.0,0.0,1,Int64[]
