node,type_node,x,y,t_arr,t_begin_service,t_wait,t_departure,ride_time,num_passenger,qi,ei,li,service_or_chg_time,Li,lyr,cus_set
189,depot,0.0,0.0,0.0,0.0,0.0,0.0,0.0,0,0,0.0,1257.762027161363,0.0,0.0,1,Int64[]
183,bus stop,13.77836,3.2941,17.068266911864697,224.77587699937789,0.0,225.27587699937789,19.724123000622114,1,1,218.89759963220297,242.4317330881353,0.5,25.602400367797046,1,[255]
184,bus stop,13.77836,4.6941,226.9626239873297,226.9626239873297,0.0,227.4626239873297,17.537376012670308,2,1,218.19393598099455,241.9626239873297,0.5,26.306064019005454,1,[233]
187,transit stop,0.0,0.0,245.0,245.0,0.0,245.0,0.0,1,-1,245.0,260.0,0.0,25.602400367797046,1,Int64[]
187,transit stop,0.0,0.0,245.0,245.0,0.0,245.0,0.0,0,-1,245.0,260.0,0.0,26.306064019005454,1,Int64[]
189,depot,0.0,0.0,245.0,245.0,0.0,245.0,0.0,0,0,0.0,1257.762027161363,0.0,0.0,1,Int64[]
