node,type_node,x,y,t_arr,t_begin_service,t_wait,t_departure,ride_time,num_passenger,qi,ei,li,service_or_chg_time,Li,lyr,cus_set
189,depot,0.0,0.0,0.0,0.0,0.0,0.0,0.0,0,0,0.0,1257.762027161363,0.0,0.0,1,Int64[]
45,bus stop,-7.22164,6.0941,11.384754170449009,227.42286874432648,0.0,227.92286874432648,17.07713125567352,1,1,227.42286874432648,248.115245829551,0.5,17.077131255673514,1,[254]
37,bus stop,-8.62164,6.0941,229.6096157322783,229.6096157322783,0.0,230.1096157322783,14.890384267721714,3,2,225.41933127577258,246.77955418384838,0.5,19.08066872422742,1,"[190, 305]"
55,bus stop,-5.82164,4.6941,233.88129665818155,235.48991169597463,0.0,235.98991169597463,9.010088304025373,4,1,230.98486754396194,250.48991169597463,0.5,13.515132456038053,1,[275]
187,transit stop,0.0,0.0,245.0,245.0,0.0,245.0,0.0,3,-1,245.0,260.0,0.0,13.515132456038053,1,Int64[]
187,transit stop,0.0,0.0,245.0,245.0,0.0,245.0,0.0,1,-2,245.0,260.0,0.0,19.08066872422742,1,Int64[]
187,transit stop,0.0,0.0,245.0,245.0,0.0,245.0,0.0,0,-1,245.0,260.0,0.0,17.077131255673514,1,Int64[]
189,depot,0.0,0.0,245.0,245.0,0.0,245.0,0.0,0,0,0.0,1257.762027161363,0.0,0.0,1,Int64[]
