node,type_node,x,y,t_arr,t_begin_service,t_wait,t_departure,ride_time,num_passenger,qi,ei,li,service_or_chg_time,Li,lyr,cus_set
51,depot,0.0,0.0,0.0,0.0,0.0,0.0,0.0,0,0,0.0,1257.5935568803982,0.0,0.0,1,Int64[]
47,bus stop,5.12572,0.69027,6.231312977105099,235.15303053434235,0.0,235.65303053434235,9.34696946565765,4,4,235.15303053434235,253.2686870228949,0.5,9.346969465657649,1,"[61, 62, 87, 130]"
46,bus stop,5.12572,-0.70973,237.33977752229416,237.33977752229416,0.0,237.83977752229416,7.160222477705844,5,1,235.14827186151595,253.26551457434397,0.5,9.351728138484036,1,[71]
42,bus stop,3.72572,-0.70973,239.52652451024596,239.93046081851708,0.0,240.43046081851708,4.569539181482924,9,4,237.64569122777561,254.93046081851708,0.5,6.854308772224375,1,"[53, 118, 132, 144]"
49,transit stop,0.0,0.0,245.0,245.0,0.0,245.0,0.0,5,-4,245.0,260.0,0.0,6.854308772224375,1,Int64[]
49,transit stop,0.0,0.0,245.0,245.0,0.0,245.0,0.0,1,-4,245.0,260.0,0.0,9.346969465657649,1,Int64[]
49,transit stop,0.0,0.0,245.0,245.0,0.0,245.0,0.0,0,-1,245.0,260.0,0.0,9.351728138484036,1,Int64[]
51,depot,0.0,0.0,245.0,245.0,0.0,245.0,0.0,0,0,0.0,1257.5935568803982,0.0,0.0,1,Int64[]
