node,type_node,x,y,t_arr,t_begin_service,t_wait,t_departure,ride_time,num_passenger,qi,ei,li,service_or_chg_time,Li,lyr,cus_set
51,depot,0.0,0.0,0.0,0.0,0.0,0.0,0.0,0,0,0.0,1257.5935568803982,0.0,0.0,1,Int64[]
12,bus stop,-1.87428,-3.50973,4.79377744668055,237.30933382997918,0.0,237.80933382997918,7.190666170020819,4,4,237.30933382997918,254.70622255331946,0.5,7.190666170020824,1,"[89, 111, 122, 149]"
13,bus stop,-1.87428,-2.10973,239.496080817931,239.496080817931,0.0,239.996080817931,5.003919182069012,7,3,239.39993525803604,256.0999568386907,0.5,5.100064741963951,1,"[90, 94, 145]"
21,bus stop,-0.47428,-2.10973,241.6828278058828,241.8947187331384,0.0,242.3947187331384,2.6052812668615957,8,1,240.5920780997076,256.8947187331384,0.5,3.907921900292407,1,[59]
49,transit stop,0.0,0.0,245.0,245.0,0.0,245.0,0.0,7,-1,245.0,260.0,0.0,3.907921900292407,1,Int64[]
49,transit stop,0.0,0.0,245.0,245.0,0.0,245.0,0.0,4,-3,245.0,260.0,0.0,5.100064741963951,1,Int64[]
49,transit stop,0.0,0.0,245.0,245.0,0.0,245.0,0.0,0,-4,245.0,260.0,0.0,7.190666170020824,1,Int64[]
51,depot,0.0,0.0,245.0,245.0,0.0,245.0,0.0,0,0,0.0,1257.5935568803982,0.0,0.0,1,Int64[]
