node,type_node,x,y,t_arr,t_begin_service,t_wait,t_departure,ride_time,num_passenger,qi,ei,li,service_or_chg_time,Li,lyr,cus_set
260,depot,0.0,0.0,0.0,0.0,0.0,0.0,0.0,0,0,0.0,1257.9834493222122,0.0,0.0,1,Int64[]
123,bus stop,-0.73465,-7.89611,9.554472394720282,230.16829140791958,0.0,230.66829140791958,14.331708592080417,1,1,230.16829140791958,249.94552760527972,0.5,14.331708592080423,1,[386]
124,bus stop,-0.73465,-7.29611,231.39118297418463,231.39118297418463,0.0,231.89118297418463,13.10881702581537,2,1,231.247585092979,250.66505672865264,0.5,13.252414907021013,1,[310]
157,bus stop,1.26535,-7.49611,234.31283975035834,235.34077591104227,0.0,235.84077591104227,9.159224088957728,3,1,230.76116386656344,250.34077591104227,0.5,13.738836133436578,1,[289]
258,transit stop,0.0,0.0,245.0,245.0,0.0,245.0,0.0,2,-1,245.0,260.0,0.0,13.738836133436578,1,Int64[]
258,transit stop,0.0,0.0,245.0,245.0,0.0,245.0,0.0,1,-1,245.0,260.0,0.0,14.331708592080423,1,Int64[]
258,transit stop,0.0,0.0,245.0,245.0,0.0,245.0,0.0,0,-1,245.0,260.0,0.0,13.252414907021013,1,Int64[]
260,depot,0.0,0.0,245.0,245.0,0.0,245.0,0.0,0,0,0.0,1257.9834493222122,0.0,0.0,1,Int64[]
