node,type_node,x,y,t_arr,t_begin_service,t_wait,t_departure,ride_time,num_passenger,qi,ei,li,service_or_chg_time,Li,lyr,cus_set
24,depot,0.0,0.0,0.0,0.0,0.0,0.0,0.0,0,0,0.0,1258.4445560450204,0.0,0.0,1,Int64[]
5,bus stop,-1.29101,-2.79532,3.7096932818190598,238.93546007727142,0.0,239.43546007727142,5.564539922728585,2,2,238.93546007727142,255.79030671818094,0.5,5.564539922728589,1,"[50, 68]"
10,bus stop,0.10899,-2.79532,241.12220706522322,241.12958558752763,0.0,241.62958558752763,3.370414412472371,5,3,239.44437838129144,256.12958558752763,0.5,5.055621618708544,1,"[43, 57, 67]"
22,transit stop,0.0,0.0,245.0,245.0,0.0,245.0,0.0,2,-3,245.0,260.0,0.0,5.055621618708544,1,Int64[]
22,transit stop,0.0,0.0,245.0,245.0,0.0,245.0,0.0,0,-2,245.0,260.0,0.0,5.564539922728589,1,Int64[]
24,depot,0.0,0.0,245.0,245.0,0.0,245.0,0.0,0,0,0.0,1258.4445560450204,0.0,0.0,1,Int64[]
