node,type_node,x,y,t_arr,t_begin_service,t_wait,t_departure,ride_time,num_passenger,qi,ei,li,service_or_chg_time,Li,lyr,cus_set
211,depot,0.0,0.0,0.0,0.0,0.0,0.0,0.0,0,0,0.0,1257.2813226314356,0.0,0.0,1,Int64[]
193,bus stop,15.2781,-5.33398,19.496927496715074,219.20127493209768,0.0,219.70127493209768,21.717925641976535,1,1,215.2546087549274,240.00307250328493,0.5,29.24539124507261,1,[354]
163,bus stop,8.2781,-3.93398,228.30203073815778,228.30203073815778,0.0,228.80203073815778,16.5638360130867,2,1,227.9361639869133,248.4574426579422,0.5,16.5638360130867,1,[286]
164,bus stop,8.2781,-2.53398,230.4887777261096,230.4887777261096,0.0,230.9887777261096,14.01122227389041,3,1,228.8543657280531,249.06957715203538,0.5,15.645634271946914,1,[348]
209,transit stop,0.0,0.0,241.4192005740742,245.0,3.5807994259257896,245.0,0.0,2,-1,245.0,260.0,0.0,29.24539124507261,1,Int64[]
209,transit stop,0.0,0.0,245.0,245.0,0.0,245.0,0.0,1,-1,245.0,260.0,0.0,15.645634271946914,1,Int64[]
209,transit stop,0.0,0.0,245.0,245.0,0.0,245.0,0.0,0,-1,245.0,260.0,0.0,16.5638360130867,1,Int64[]
211,depot,0.0,0.0,245.0,245.0,0.0,245.0,0.0,0,0,0.0,1257.2813226314356,0.0,0.0,1,Int64[]
