node,type_node,x,y,t_arr,t_begin_service,t_wait,t_departure,ride_time,num_passenger,qi,ei,li,service_or_chg_time,Li,lyr,cus_set
211,depot,0.0,0.0,0.0,0.0,0.0,0.0,0.0,0,0,0.0,1257.2813226314356,0.0,0.0,1,Int64[]
158,bus stop,8.2781,-15.13398,20.783195049684206,213.3252074254737,0.0,213.8252074254737,31.174792574526293,1,1,213.3252074254737,238.7168049503158,0.5,31.174792574526307,1,[273]
159,bus stop,8.2781,-13.73398,215.5119544134255,215.5195109441074,0.0,216.0195109441074,28.980489055892605,3,2,215.5195109441074,240.17967396273826,0.5,28.980489055892605,1,"[292, 342]"
149,bus stop,6.8781,-10.93398,219.79119187001066,228.9368229101537,0.0,229.4368229101537,15.563177089846306,5,2,221.1552343652305,243.9368229101537,0.5,23.344765634769473,1,"[311, 320]"
209,transit stop,0.0,0.0,245.0,245.0,0.0,245.0,0.0,3,-2,245.0,260.0,0.0,23.344765634769473,1,Int64[]
209,transit stop,0.0,0.0,245.0,245.0,0.0,245.0,0.0,1,-2,245.0,260.0,0.0,28.980489055892605,1,Int64[]
209,transit stop,0.0,0.0,245.0,245.0,0.0,245.0,0.0,0,-1,245.0,260.0,0.0,31.174792574526307,1,Int64[]
211,depot,0.0,0.0,245.0,245.0,0.0,245.0,0.0,0,0,0.0,1257.2813226314356,0.0,0.0,1,Int64[]
