node,type_node,x,y,t_arr,t_begin_service,t_wait,t_departure,ride_time,num_passenger,qi,ei,li,service_or_chg_time,Li,lyr,cus_set
173,depot,1.45029,0.77632,0.0,0.0,0.0,0.0,0.0,0,0,0.0,1255.3112138511117,0.0,0.0,1,Int64[]
170,bus stop,37.595,-9.30368,45.20957249177544,174.50766694082188,0.0,175.00766694082188,69.99233305917812,1,1,174.50766694082188,212.83844462721459,0.5,69.99233305917812,1,[191]
148,bus stop,26.395,-9.30368,188.50164284443633,193.92165525293575,0.0,194.42165525293575,50.57834474706425,2,1,193.92165525293575,225.78110350195718,0.5,50.57834474706425,1,[236]
134,bus stop,20.795,-13.50368,202.85539019269478,214.62676420147667,0.0,215.12676420147667,29.873235798523325,3,1,199.690146302215,229.62676420147665,0.5,44.80985369778501,1,[201]
171,transit stop,0.0,0.0,245.0,245.0,0.0,245.0,0.0,2,-1,245.0,260.0,0.0,44.80985369778501,1,Int64[]
171,transit stop,0.0,0.0,245.0,245.0,0.0,245.0,0.0,1,-1,245.0,260.0,0.0,50.57834474706425,1,Int64[]
171,transit stop,0.0,0.0,245.0,245.0,0.0,245.0,0.0,0,-1,245.0,260.0,0.0,69.99233305917812,1,Int64[]
173,depot,1.45029,0.77632,246.9819236190312,246.9819236190312,0.0,246.9819236190312,0.0,0,0,0.0,1255.3112138511117,0.0,0.0,1,Int64[]
