node,type_node,x,y,t_arr,t_begin_service,t_wait,t_departure,ride_time,num_passenger,qi,ei,li,service_or_chg_time,Li,lyr,cus_set
85,depot,0.0,0.0,0.0,0.0,0.0,0.0,0.0,0,0,0.0,1258.2235190995252,0.0,0.0,1,Int64[]
70,bus stop,2.06869,1.8338,3.3306881362166747,239.50396779567498,0.0,240.00396779567498,4.996032204325019,1,1,239.50396779567498,256.1693118637833,0.5,4.996032204325012,1,[112]
68,bus stop,1.86869,2.0338,240.34474214805405,240.34474214805405,0.0,240.84474214805405,4.155257851945947,2,1,239.50853163637575,256.1723544242505,0.5,4.991468363624245,1,[106]
59,bus stop,1.46869,1.8338,241.38355370889738,241.6693482585086,0.0,242.1693482585086,2.8306517414914083,3,1,240.2540223877629,256.6693482585086,0.5,4.245977612237119,1,[107]
83,transit stop,0.0,0.0,245.0,245.0,0.0,245.0,0.0,2,-1,245.0,260.0,0.0,4.245977612237119,1,Int64[]
83,transit stop,0.0,0.0,245.0,245.0,0.0,245.0,0.0,1,-1,245.0,260.0,0.0,4.996032204325012,1,Int64[]
83,transit stop,0.0,0.0,245.0,245.0,0.0,245.0,0.0,0,-1,245.0,260.0,0.0,4.991468363624245,1,Int64[]
85,depot,0.0,0.0,245.0,245.0,0.0,245.0,0.0,0,0,0.0,1258.2235190995252,0.0,0.0,1,Int64[]
