node,type_node,x,y,t_arr,t_begin_service,t_wait,t_departure,ride_time,num_passenger,qi,ei,li,service_or_chg_time,Li,lyr,cus_set
85,depot,0.0,0.0,0.0,0.0,0.0,0.0,0.0,0,0,0.0,1258.2235190995252,0.0,0.0,1,Int64[]
19,bus stop,-1.93131,0.6338,2.4489743428287194,240.8265384857569,0.0,241.3265384857569,3.673461514243087,1,1,240.8265384857569,257.0510256571713,0.5,3.673461514243079,1,[124]
32,bus stop,-1.33131,0.6338,242.04943005202196,242.7235190995252,0.0,243.2235190995252,1.7764809004748088,2,1,241.8352786492878,257.7235190995252,0.5,2.6647213507122096,1,[92]
83,transit stop,0.0,0.0,245.0,245.0,0.0,245.0,0.0,1,-1,245.0,260.0,0.0,2.6647213507122096,1,Int64[]
83,transit stop,0.0,0.0,245.0,245.0,0.0,245.0,0.0,0,-1,245.0,260.0,0.0,3.673461514243079,1,Int64[]
85,depot,0.0,0.0,245.0,245.0,0.0,245.0,0.0,0,0,0.0,1258.2235190995252,0.0,0.0,1,Int64[]
