node,type_node,x,y,t_arr,t_begin_service,t_wait,t_departure,ride_time,num_passenger,qi,ei,li,service_or_chg_time,Li,lyr,cus_set
183,depot,0.0,0.0,0.0,0.0,0.0,0.0,0.0,0,0,0.0,1257.762027161363,0.0,0.0,1,Int64[]
90,bus stop,-1.62164,7.4941,9.238006399059314,230.64299040141103,0.0,231.14299040141103,13.857009598588974,1,1,230.64299040141103,250.26199360094068,0.5,13.85700959858897,1,[257]
88,bus stop,-1.62164,4.6941,234.51648437731464,235.52473075953216,0.0,236.02473075953216,8.975269240467838,3,2,235.52473075953216,253.51648717302143,0.5,8.975269240467837,1,"[225, 271]"
87,bus stop,-1.62164,3.2941,237.71147774748397,240.07635854578058,0.0,240.57635854578058,4.423641454219421,4,1,237.86453781867087,255.07635854578058,0.5,6.635462181329123,1,[217]
181,transit stop,0.0,0.0,245.0,245.0,0.0,245.0,0.0,3,-1,245.0,260.0,0.0,6.635462181329123,1,Int64[]
181,transit stop,0.0,0.0,245.0,245.0,0.0,245.0,0.0,1,-2,245.0,260.0,0.0,8.975269240467837,1,Int64[]
181,transit stop,0.0,0.0,245.0,245.0,0.0,245.0,0.0,0,-1,245.0,260.0,0.0,13.85700959858897,1,Int64[]
183,depot,0.0,0.0,245.0,245.0,0.0,245.0,0.0,0,0,0.0,1257.762027161363,0.0,0.0,1,Int64[]
