node,type_node,x,y,t_arr,t_begin_service,t_wait,t_departure,ride_time,num_passenger,qi,ei,li,service_or_chg_time,Li,lyr,cus_set
183,depot,0.0,0.0,0.0,0.0,0.0,0.0,0.0,0,0,0.0,1257.762027161363,0.0,0.0,1,Int64[]
164,bus stop,10.97836,10.2941,18.13214517862221,218.19275373094783,0.0,218.69275373094783,25.416274770171015,1,1,217.30178223206667,241.3678548213778,0.5,27.198217767933315,1,[236]
124,bus stop,2.57836,7.4941,229.36067836766043,230.17727185885022,0.0,230.67727185885022,14.322728141149781,4,3,230.17727185885022,249.95151457256682,0.5,14.322728141149781,1,"[194, 230, 261]"
89,bus stop,-1.62164,6.0941,236.01123417720652,236.01123417720652,0.0,236.51123417720652,8.488765822793482,6,2,233.1033085141315,251.90220567608768,0.5,11.396691485868491,1,"[188, 259]"
181,transit stop,0.0,0.0,244.10902850111884,245.0,0.8909714988811572,245.0,0.0,5,-1,245.0,260.0,0.0,27.198217767933315,1,Int64[]
181,transit stop,0.0,0.0,245.0,245.0,0.0,245.0,0.0,3,-2,245.0,260.0,0.0,11.396691485868491,1,Int64[]
181,transit stop,0.0,0.0,245.0,245.0,0.0,245.0,0.0,0,-3,245.0,260.0,0.0,14.322728141149781,1,Int64[]
183,depot,0.0,0.0,245.0,245.0,0.0,245.0,0.0,0,0,0.0,1257.762027161363,0.0,0.0,1,Int64[]
