node,type_node,x,y,t_arr,t_begin_service,t_wait,t_departure,ride_time,num_passenger,qi,ei,li,service_or_chg_time,Li,lyr,cus_set
55,depot,0.0,0.0,0.0,0.0,0.0,0.0,0.0,0,0,0.0,1258.8510044894504,0.0,0.0,1,Int64[]
10,bus stop,-3.49769,3.45016,5.919261212755677,235.62110818086649,0.0,236.12110818086649,8.878891819133514,7,7,235.62110818086649,253.58073878724431,0.5,8.878891819133514,1,"[61, 85, 136, 151, 465, 491, 555]"
17,bus stop,-2.09769,3.45016,237.8078551688183,237.8078551688183,0.0,238.3078551688183,6.692144831181707,25,18,237.20275351208068,254.6351690080538,0.5,7.2972464879193115,1,"[109, 111, 115, 178, 196, 207, 250, 294, 299, 332, 396, 428, 444, 460, 488, 489, 497, 552]"
25,bus stop,-0.69769,3.45016,239.9946021567701,240.25904036115693,0.0,240.75904036115693,4.240959638843066,36,11,238.13856054173542,255.25904036115693,0.5,6.361439458264586,1,"[137, 138, 203, 205, 227, 238, 350, 369, 430, 474, 502]"
53,transit stop,0.0,0.0,245.0,245.0,0.0,245.0,0.0,25,-11,245.0,260.0,0.0,6.361439458264586,1,Int64[]
53,transit stop,0.0,0.0,245.0,245.0,0.0,245.0,0.0,7,-18,245.0,260.0,0.0,7.2972464879193115,1,Int64[]
53,transit stop,0.0,0.0,245.0,245.0,0.0,245.0,0.0,0,-7,245.0,260.0,0.0,8.878891819133514,1,Int64[]
55,depot,0.0,0.0,245.0,245.0,0.0,245.0,0.0,0,0,0.0,1258.8510044894504,0.0,0.0,1,Int64[]
