node,type_node,x,y,t_arr,t_begin_service,t_wait,t_departure,ride_time,num_passenger,qi,ei,li,service_or_chg_time,Li,lyr,cus_set
296,depot,0.0,0.0,0.0,0.0,0.0,0.0,0.0,0,0,0.0,1257.2518848110494,0.0,0.0,1,Int64[]
286,bus stop,16.45812,9.72741,23.03355518171356,209.94966722742964,0.0,210.44966722742964,34.55033277257036,1,1,209.94966722742964,236.46644481828645,0.5,34.55033277257034,1,[412]
151,bus stop,1.05812,9.72741,229.00388409489952,229.00388409489952,0.0,229.50388409489952,15.496115905100481,2,1,226.81664384890482,247.71109589926988,0.5,17.683356151095175,1,[512]
148,bus stop,1.05812,2.72741,237.93761903465855,240.97533559463932,0.0,241.47533559463932,3.5246644053606815,3,1,239.21300339195898,255.97533559463932,0.5,5.286996608041031,1,[328]
294,transit stop,0.0,0.0,245.0,245.0,0.0,245.0,0.0,2,-1,245.0,260.0,0.0,5.286996608041031,1,Int64[]
294,transit stop,0.0,0.0,245.0,245.0,0.0,245.0,0.0,1,-1,245.0,260.0,0.0,34.55033277257034,1,Int64[]
294,transit stop,0.0,0.0,245.0,245.0,0.0,245.0,0.0,0,-1,245.0,260.0,0.0,17.683356151095175,1,Int64[]
296,depot,0.0,0.0,245.0,245.0,0.0,245.0,0.0,0,0,0.0,1257.2518848110494,0.0,0.0,1,Int64[]
