node,type_node,x,y,t_arr,t_begin_service,t_wait,t_departure,ride_time,num_passenger,qi,ei,li,service_or_chg_time,Li,lyr,cus_set
230,depot,-1.7533,0.22958,0.0,0.0,0.0,0.0,0.0,0,0,0.0,1256.585572009445,0.0,0.0,1,Int64[]
18,bus stop,-30.68458,17.70799,40.72420648348519,180.47417815311542,0.0,180.97417815311542,64.02582184688458,1,1,180.47417815311542,216.81611876874362,0.5,64.02582184688457,1,[231]
19,bus stop,-30.68458,24.70799,189.40791309287445,189.40791309287445,0.0,189.90791309287445,55.09208690712555,2,1,173.30279030593593,212.0351935372906,0.5,71.19720969406407,1,[242]
27,bus stop,-26.48458,28.90799,197.0641744928347,197.26394104277975,0.0,197.76394104277975,47.23605895722025,3,1,173.64591156416964,212.26394104277975,0.5,70.85408843583036,1,[239]
228,transit stop,0.0,0.0,245.0,245.0,0.0,245.0,0.0,2,-1,245.0,260.0,0.0,70.85408843583036,1,Int64[]
228,transit stop,0.0,0.0,245.0,245.0,0.0,245.0,0.0,1,-1,245.0,260.0,0.0,71.19720969406407,1,Int64[]
228,transit stop,0.0,0.0,245.0,245.0,0.0,245.0,0.0,0,-1,245.0,260.0,0.0,64.02582184688457,1,Int64[]
230,depot,-1.7533,0.22958,247.1304420607176,247.1304420607176,0.0,247.1304420607176,0.0,0,0,0.0,1256.585572009445,0.0,0.0,1,Int64[]
