node,type_node,x,y,t_arr,t_begin_service,t_wait,t_departure,ride_time,num_passenger,qi,ei,li,service_or_chg_time,Li,lyr,cus_set
225,depot,-0.37247,-0.5279,0.0,0.0,0.0,0.0,0.0,0,0,0.0,1257.2211418258448,0.0,0.0,1,Int64[]
128,bus stop,3.32303,28.3676,35.097414162749914,192.8827055382059,0.0,193.3827055382059,51.6172944617941,2,2,192.8827055382059,225.08847035880393,0.5,51.6172944617941,1,"[246, 289]"
122,bus stop,1.92303,33.9676,200.33734153322362,200.33734153322362,0.0,200.83734153322362,44.16265846677638,3,1,183.014473497814,218.50964899854267,0.5,61.48552650218599,1,[238]
92,bus stop,-5.07697,17.1676,222.7650523765971,222.9306351375979,0.0,223.4306351375979,21.569364862402097,4,1,212.14595270639686,237.9306351375979,0.5,32.35404729360315,1,[287]
223,transit stop,0.0,0.0,245.0,245.0,0.0,245.0,0.0,3,-1,245.0,260.0,0.0,32.35404729360315,1,Int64[]
223,transit stop,0.0,0.0,245.0,245.0,0.0,245.0,0.0,2,-1,245.0,260.0,0.0,61.48552650218599,1,Int64[]
223,transit stop,0.0,0.0,245.0,245.0,0.0,245.0,0.0,0,-2,245.0,260.0,0.0,51.6172944617941,1,Int64[]
225,depot,-0.37247,-0.5279,245.77840305992748,245.77840305992748,0.0,245.77840305992748,0.0,0,0,0.0,1257.2211418258448,0.0,0.0,1,Int64[]
