node,type_node,x,y,t_arr,t_begin_service,t_wait,t_departure,ride_time,num_passenger,qi,ei,li,service_or_chg_time,Li,lyr,cus_set
133,depot,0.0,0.0,0.0,0.0,0.0,0.0,0.0,0,0,0.0,1258.4130427333303,0.0,0.0,1,Int64[]
127,bus stop,8.31654,-2.75912,10.55696591432886,228.6645511285067,0.0,229.1645511285067,15.835448871493298,1,1,228.6645511285067,248.94303408567114,0.5,15.83544887149329,1,[236]
119,bus stop,6.91654,-2.75912,230.8512981164585,234.75805831186497,0.0,235.25805831186497,9.61814385386603,2,1,231.04235987890786,250.52823991927193,0.5,13.457640121092128,1,[268]
111,bus stop,5.51654,-2.75912,236.94480529981678,236.94480529981678,0.0,237.44480529981678,11.147095298871335,4,2,233.35290470112867,252.06860313408578,0.5,11.14709529887133,1,"[174, 238]"
131,transit stop,0.0,0.0,244.876202165731,245.0,0.12379783426899849,245.0,0.0,3,-1,245.0,260.0,0.0,13.457640121092128,1,Int64[]
131,transit stop,0.0,0.0,245.0,245.0,0.0,245.0,0.0,2,-1,245.0,260.0,0.0,15.83544887149329,1,Int64[]
131,transit stop,0.0,0.0,245.0,245.0,0.0,245.0,0.0,0,-2,245.0,260.0,0.0,11.14709529887133,1,Int64[]
133,depot,0.0,0.0,245.0,245.0,0.0,245.0,0.0,0,0,0.0,1258.4130427333303,0.0,0.0,1,Int64[]
