node,type_node,x,y,t_arr,t_begin_service,t_wait,t_departure,ride_time,num_passenger,qi,ei,li,service_or_chg_time,Li,lyr,cus_set
290,depot,0.0,0.0,0.0,0.0,0.0,0.0,0.0,0,0,0.0,1257.9547735006986,0.0,0.0,1,Int64[]
5,bus stop,-18.54188,-5.67259,23.361678520327352,209.45748221950896,0.0,209.95748221950896,35.04251778049104,1,1,209.45748221950896,236.13832147967264,0.5,35.042517780491025,1,[423]
11,bus stop,-17.14188,-9.87259,215.29144453786526,219.43590573708897,0.0,219.93590573708897,25.064094262911027,2,1,208.75010290981103,235.66673527320737,0.5,35.749897090188966,1,[445]
25,bus stop,-15.74188,-7.07259,223.70758666299224,223.70758666299224,0.0,224.20758666299224,20.79241333700776,4,2,213.31137999448836,238.70758666299224,0.5,31.18862000551163,1,"[314, 424]"
288,transit stop,0.0,0.0,245.0,245.0,0.0,245.0,0.0,3,-1,245.0,260.0,0.0,35.749897090188966,1,Int64[]
288,transit stop,0.0,0.0,245.0,245.0,0.0,245.0,0.0,1,-2,245.0,260.0,0.0,31.18862000551163,1,Int64[]
288,transit stop,0.0,0.0,245.0,245.0,0.0,245.0,0.0,0,-1,245.0,260.0,0.0,35.042517780491025,1,Int64[]
290,depot,0.0,0.0,245.0,245.0,0.0,245.0,0.0,0,0,0.0,1257.9547735006986,0.0,0.0,1,Int64[]
