node,type_node,x,y,t_arr,t_begin_service,t_wait,t_departure,ride_time,num_passenger,qi,ei,li,service_or_chg_time,Li,lyr,cus_set
183,depot,-0.80351,1.8093,0.0,0.0,0.0,0.0,0.0,0,0,0.0,1257.3451283557345,0.0,0.0,1,Int64[]
57,bus stop,-9.12573,-10.61959,18.021480882668435,219.19526876117783,0.0,219.69526876117783,25.30473123882217,1,1,219.19526876117783,242.63017917411855,0.5,25.304731238822185,1,[257]
51,bus stop,-10.52573,-5.01959,226.64990475619558,226.64990475619558,0.0,227.14990475619558,17.850095243804418,2,1,223.4252562083164,245.45017080554427,0.5,21.074743791683602,1,[194]
65,bus stop,-7.72573,-5.01959,230.5233987320992,233.399750303196,0.0,233.899750303196,11.100249696804013,3,1,227.84962545479397,248.399750303196,0.5,16.650374545206038,1,[304]
181,transit stop,0.0,0.0,245.0,245.0,0.0,245.0,0.0,2,-1,245.0,260.0,0.0,16.650374545206038,1,Int64[]
181,transit stop,0.0,0.0,245.0,245.0,0.0,245.0,0.0,1,-1,245.0,260.0,0.0,21.074743791683602,1,Int64[]
181,transit stop,0.0,0.0,245.0,245.0,0.0,245.0,0.0,0,-1,245.0,260.0,0.0,25.304731238822185,1,Int64[]
183,depot,-0.80351,1.8093,247.3851754647263,247.3851754647263,0.0,247.3851754647263,0.0,0,0,0.0,1257.3451283557345,0.0,0.0,1,Int64[]
