node,type_node,x,y,t_arr,t_begin_service,t_wait,t_departure,ride_time,num_passenger,qi,ei,li,service_or_chg_time,Li,lyr,cus_set
134,depot,0.0,0.0,0.0,0.0,0.0,0.0,0.0,0,0,0.0,1257.4736403832114,0.0,0.0,1,Int64[]
103,bus stop,7.88812,-7.63344,13.225153818500852,224.66226927224872,0.0,225.16226927224872,19.83773072775128,2,2,224.66226927224872,246.27484618149916,0.5,19.83773072775128,1,"[169, 209]"
80,bus stop,3.68812,-6.23344,230.49623159060502,231.41062093307434,0.0,231.91062093307434,13.089379066925659,4,2,231.41062093307434,250.77374728871624,0.5,13.08937906692566,1,"[139, 184]"
71,bus stop,2.28812,-6.23344,233.59736792102615,236.49984873056354,0.0,236.99984873056354,8.000151269436458,5,1,232.49977309584534,251.49984873056354,0.5,12.00022690415467,1,[187]
132,transit stop,0.0,0.0,245.0,245.0,0.0,245.0,0.0,4,-1,245.0,260.0,0.0,12.00022690415467,1,Int64[]
132,transit stop,0.0,0.0,245.0,245.0,0.0,245.0,0.0,2,-2,245.0,260.0,0.0,19.83773072775128,1,Int64[]
132,transit stop,0.0,0.0,245.0,245.0,0.0,245.0,0.0,0,-2,245.0,260.0,0.0,13.08937906692566,1,Int64[]
134,depot,0.0,0.0,245.0,245.0,0.0,245.0,0.0,0,0,0.0,1257.4736403832114,0.0,0.0,1,Int64[]
