node,type_node,x,y,t_arr,t_begin_service,t_wait,t_departure,ride_time,num_passenger,qi,ei,li,service_or_chg_time,Li,lyr,cus_set
158,depot,0.0,0.0,0.0,0.0,0.0,0.0,0.0,0,0,0.0,1258.2120249804627,0.0,0.0,1,Int64[]
6,bus stop,-2.55736,-1.41127,3.519180627216972,239.22122905917453,0.0,239.72122905917453,5.278770940825467,1,1,239.22122905917453,255.980819372783,0.5,5.278770940825458,1,[161]
7,bus stop,-2.55736,-1.21127,239.96219291459622,239.96219291459622,0.0,240.46219291459622,4.537807085403784,2,1,239.38606418991932,256.0907094599462,0.5,5.113935810080675,1,[245]
48,bus stop,-1.35736,-0.61127,242.07862759712617,242.70644644678885,0.0,243.20644644678885,1.7935535532111544,3,1,241.8096696701833,257.70644644678885,0.5,2.690330329816715,1,[223]
156,transit stop,0.0,0.0,245.0,245.0,0.0,245.0,0.0,2,-1,245.0,260.0,0.0,2.690330329816715,1,Int64[]
156,transit stop,0.0,0.0,245.0,245.0,0.0,245.0,0.0,1,-1,245.0,260.0,0.0,5.113935810080675,1,Int64[]
156,transit stop,0.0,0.0,245.0,245.0,0.0,245.0,0.0,0,-1,245.0,260.0,0.0,5.278770940825458,1,Int64[]
158,depot,0.0,0.0,245.0,245.0,0.0,245.0,0.0,0,0,0.0,1258.2120249804627,0.0,0.0,1,Int64[]
