node,type_node,x,y,t_arr,t_begin_service,t_wait,t_departure,ride_time,num_passenger,qi,ei,li,service_or_chg_time,Li,lyr,cus_set
158,depot,0.0,0.0,0.0,0.0,0.0,0.0,0.0,0,0,0.0,1258.2120249804627,0.0,0.0,1,Int64[]
153,bus stop,2.84264,-0.41127,3.460526463726977,239.30921030440953,0.0,239.80921030440953,5.1907896955904675,1,1,239.30921030440953,256.039473536273,0.5,5.190789695590466,1,[215]
151,bus stop,2.84264,-0.81127,240.2911380152529,240.2911380152529,0.0,240.7911380152529,4.208861984747102,2,1,239.1575790826645,255.93838605510967,0.5,5.342420917335486,1,[196]
144,bus stop,2.44264,-0.81127,241.27306572609626,241.3989886921338,0.0,241.8989886921338,3.1010113078662016,3,1,239.8484830382007,256.3989886921338,0.5,4.651516961799293,1,[248]
156,transit stop,0.0,0.0,245.0,245.0,0.0,245.0,0.0,2,-1,245.0,260.0,0.0,4.651516961799293,1,Int64[]
156,transit stop,0.0,0.0,245.0,245.0,0.0,245.0,0.0,1,-1,245.0,260.0,0.0,5.190789695590466,1,Int64[]
156,transit stop,0.0,0.0,245.0,245.0,0.0,245.0,0.0,0,-1,245.0,260.0,0.0,5.342420917335486,1,Int64[]
158,depot,0.0,0.0,245.0,245.0,0.0,245.0,0.0,0,0,0.0,1258.2120249804627,0.0,0.0,1,Int64[]
