node,type_node,x,y,t_arr,t_begin_service,t_wait,t_departure,ride_time,num_passenger,qi,ei,li,service_or_chg_time,Li,lyr,cus_set
253,depot,0.0,0.0,0.0,0.0,0.0,0.0,0.0,0,0,0.0,1257.6079683960957,0.0,0.0,1,Int64[]
20,bus stop,-11.61186,6.18826,15.852869685455824,220.72069547181627,0.0,221.22069547181627,23.77930452818373,2,2,220.72069547181627,243.64713031454417,0.5,23.779304528183737,1,"[346, 412]"
31,bus stop,-10.21186,8.98826,224.99237639771954,226.61284875035844,0.0,227.11284875035844,16.914859821264912,4,2,219.91431924159536,243.10954616106358,0.5,24.585680758404635,1,"[445, 446]"
109,bus stop,-1.81186,1.98826,240.28676386634558,240.28676386634558,0.0,240.78676386634558,4.861417057916668,5,1,239.63858294208333,256.2590552947222,0.5,4.861417057916658,1,[391]
251,transit stop,0.0,0.0,244.02770857162335,245.0,0.97229142837665,245.0,0.0,3,-2,245.0,260.0,0.0,24.585680758404635,1,Int64[]
251,transit stop,0.0,0.0,245.0,245.0,0.0,245.0,0.0,1,-2,245.0,260.0,0.0,23.779304528183737,1,Int64[]
251,transit stop,0.0,0.0,245.0,245.0,0.0,245.0,0.0,0,-1,245.0,260.0,0.0,4.861417057916658,1,Int64[]
253,depot,0.0,0.0,245.0,245.0,0.0,245.0,0.0,0,0,0.0,1257.6079683960957,0.0,0.0,1,Int64[]
