node,type_node,x,y,t_arr,t_begin_service,t_wait,t_departure,ride_time,num_passenger,qi,ei,li,service_or_chg_time,Li,lyr,cus_set
214,depot,-0.74666,-0.34189,0.0,0.0,0.0,0.0,0.0,0,0,0.0,1258.0526409958575,0.0,0.0,1,Int64[]
132,bus stop,4.13675,-20.31345,24.771005287416063,207.03544490632078,0.0,207.53544490632078,37.46455509367922,1,1,207.03544490632078,234.52362993754718,0.5,37.46455509367921,1,[338]
148,bus stop,6.93675,-21.71345,211.30712583222405,211.30712583222405,0.0,211.80712583222405,33.192874167775955,2,1,203.30499437310903,232.03666291540603,0.5,41.195005626890975,1,[328]
130,bus stop,4.13675,-23.11345,215.5788067581273,216.20997437078555,0.0,216.70997437078555,28.290025629214455,3,1,202.0649615561783,231.20997437078555,0.5,42.435038443821696,1,[253]
212,transit stop,0.0,0.0,245.0,245.0,0.0,245.0,0.0,2,-1,245.0,260.0,0.0,42.435038443821696,1,Int64[]
212,transit stop,0.0,0.0,245.0,245.0,0.0,245.0,0.0,1,-1,245.0,260.0,0.0,41.195005626890975,1,Int64[]
212,transit stop,0.0,0.0,245.0,245.0,0.0,245.0,0.0,0,-1,245.0,260.0,0.0,37.46455509367921,1,Int64[]
214,depot,-0.74666,-0.34189,245.98941261945816,245.98941261945816,0.0,245.98941261945816,0.0,0,0,0.0,1258.0526409958575,0.0,0.0,1,Int64[]
