node,type_node,x,y,t_arr,t_begin_service,t_wait,t_departure,ride_time,num_passenger,qi,ei,li,service_or_chg_time,Li,lyr,cus_set
214,depot,-0.74666,-0.34189,0.0,0.0,0.0,0.0,0.0,0,0,0.0,1258.0526409958575,0.0,0.0,1,Int64[]
139,bus stop,5.53675,-20.31345,25.224912228293242,206.44970389318118,0.0,206.94970389318118,38.05029610681882,1,1,206.44970389318118,234.13313592878745,0.5,38.05029610681883,1,[264]
91,bus stop,-4.26325,-11.91345,222.50074273680775,222.50074273680775,0.0,223.00074273680775,21.99925726319225,2,1,221.63261959987258,244.25507973324838,0.5,22.867380400127413,1,[343]
85,bus stop,-5.66325,-10.51345,225.38616320346117,230.11236763863187,0.0,230.61236763863187,14.387632361368134,3,1,222.91855145794779,245.11236763863187,0.5,21.581448542052208,1,[321]
212,transit stop,0.0,0.0,245.0,245.0,0.0,245.0,0.0,2,-1,245.0,260.0,0.0,21.581448542052208,1,Int64[]
212,transit stop,0.0,0.0,245.0,245.0,0.0,245.0,0.0,1,-1,245.0,260.0,0.0,38.05029610681883,1,Int64[]
212,transit stop,0.0,0.0,245.0,245.0,0.0,245.0,0.0,0,-1,245.0,260.0,0.0,22.867380400127413,1,Int64[]
214,depot,-0.74666,-0.34189,245.98941261945816,245.98941261945816,0.0,245.98941261945816,0.0,0,0,0.0,1258.0526409958575,0.0,0.0,1,Int64[]
