node,type_node,x,y,t_arr,t_begin_service,t_wait,t_departure,ride_time,num_passenger,qi,ei,li,service_or_chg_time,Li,lyr,cus_set
132,depot,0.0,0.0,0.0,0.0,0.0,0.0,0.0,0,0,0.0,1257.3265944274758,0.0,0.0,1,Int64[]
21,bus stop,-8.91188,9.16656,15.403199921294208,221.39520011805868,0.0,221.89520011805868,23.104799881941318,1,1,221.39520011805868,244.0968000787058,0.5,23.10479988194131,1,[180]
26,bus stop,-7.51188,11.96656,225.66688104396195,225.66688104396195,0.0,226.16688104396195,18.83311895603805,3,2,218.9657740362127,242.4771826908085,0.5,25.534225963787286,1,"[207, 214]"
41,bus stop,-4.71188,10.56656,229.93856196986522,230.56080832511148,0.0,231.06080832511148,13.93919167488852,5,2,223.5912124876672,245.56080832511148,0.5,20.908787512332786,1,"[189, 219]"
130,transit stop,0.0,0.0,245.0,245.0,0.0,245.0,0.0,3,-2,245.0,260.0,0.0,20.908787512332786,1,Int64[]
130,transit stop,0.0,0.0,245.0,245.0,0.0,245.0,0.0,1,-2,245.0,260.0,0.0,25.534225963787286,1,Int64[]
130,transit stop,0.0,0.0,245.0,245.0,0.0,245.0,0.0,0,-1,245.0,260.0,0.0,23.10479988194131,1,Int64[]
132,depot,0.0,0.0,245.0,245.0,0.0,245.0,0.0,0,0,0.0,1257.3265944274758,0.0,0.0,1,Int64[]
