node,type_node,x,y,t_arr,t_begin_service,t_wait,t_departure,ride_time,num_passenger,qi,ei,li,service_or_chg_time,Li,lyr,cus_set
55,depot,0.0,0.0,0.0,0.0,0.0,0.0,0.0,0,0,0.0,1258.654754884809,0.0,0.0,1,Int64[]
17,bus stop,-1.99588,3.57465,4.932651306758457,237.10102303986233,0.0,237.60102303986233,7.398976960137674,10,10,237.10102303986233,254.56734869324154,0.5,7.398976960137685,1,"[107, 129, 150, 175, 201, 202, 223, 249, 262, 299]"
16,bus stop,-1.99588,2.17465,239.28777002781413,239.28777002781413,0.0,239.78777002781413,5.212229972185867,24,14,239.16556974317436,255.94371316211624,0.5,5.334430256825639,1,"[66, 81, 124, 127, 140, 152, 172, 225, 229, 230, 244, 251, 267, 281]"
24,bus stop,-0.59588,2.17465,241.47451701576594,241.78335945250822,0.0,242.28335945250822,2.716640547491778,35,11,240.42503917876235,256.78335945250825,0.5,4.074960821237655,1,"[60, 78, 112, 132, 144, 169, 170, 214, 289, 294, 296]"
53,transit stop,0.0,0.0,245.0,245.0,0.0,245.0,0.0,24,-11,245.0,260.0,0.0,4.074960821237655,1,Int64[]
53,transit stop,0.0,0.0,245.0,245.0,0.0,245.0,0.0,14,-10,245.0,260.0,0.0,7.398976960137685,1,Int64[]
53,transit stop,0.0,0.0,245.0,245.0,0.0,245.0,0.0,0,-14,245.0,260.0,0.0,5.334430256825639,1,Int64[]
55,depot,0.0,0.0,245.0,245.0,0.0,245.0,0.0,0,0,0.0,1258.654754884809,0.0,0.0,1,Int64[]
