node,type_node,x,y,t_arr,t_begin_service,t_wait,t_departure,ride_time,num_passenger,qi,ei,li,service_or_chg_time,Li,lyr,cus_set
130,depot,0.0,0.0,0.0,0.0,0.0,0.0,0.0,0,0,0.0,1257.7047359964197,0.0,0.0,1,Int64[]
34,bus stop,-5.74073,11.22952,15.194968471997637,221.70754729200354,0.0,222.20754729200354,22.79245270799646,1,1,221.70754729200354,244.30503152800236,0.5,22.792452707996453,1,[153]
29,bus stop,-7.14073,5.62952,229.1621832870213,233.54465308548953,0.0,234.04465308548953,10.955346914510471,2,1,228.0669796282343,248.54465308548953,0.5,16.433020371765696,1,[189]
128,transit stop,0.0,0.0,245.0,245.0,0.0,245.0,0.0,1,-1,245.0,260.0,0.0,16.433020371765696,1,Int64[]
128,transit stop,0.0,0.0,245.0,245.0,0.0,245.0,0.0,0,-1,245.0,260.0,0.0,22.792452707996453,1,Int64[]
130,depot,0.0,0.0,245.0,245.0,0.0,245.0,0.0,0,0,0.0,1257.7047359964197,0.0,0.0,1,Int64[]
