node,type_node,x,y,t_arr,t_begin_service,t_wait,t_departure,ride_time,num_passenger,qi,ei,li,service_or_chg_time,Li,lyr,cus_set
23,depot,0.0,0.0,0.0,0.0,0.0,0.0,0.0,0,0,0.0,1258.5384979924204,0.0,0.0,1,Int64[]
3,bus stop,-2.99835,1.23411,3.9065009063979748,238.64024864040303,0.0,239.14024864040303,5.85975135959697,4,4,238.64024864040303,255.59349909360202,0.5,5.859751359596962,1,"[96, 124, 148, 154]"
7,bus stop,-1.59835,1.23411,240.82699562835484,242.06705541444833,0.0,242.56705541444833,2.4329445855516667,17,13,240.85058312167249,257.0670554144483,0.5,3.649416878327515,1,"[26, 32, 64, 65, 86, 88, 91, 111, 119, 126, 131, 140, 162]"
21,transit stop,0.0,0.0,245.0,245.0,0.0,245.0,0.0,4,-13,245.0,260.0,0.0,3.649416878327515,1,Int64[]
21,transit stop,0.0,0.0,245.0,245.0,0.0,245.0,0.0,0,-4,245.0,260.0,0.0,5.859751359596962,1,Int64[]
23,depot,0.0,0.0,245.0,245.0,0.0,245.0,0.0,0,0,0.0,1258.5384979924204,0.0,0.0,1,Int64[]
