node,type_node,x,y,t_arr,t_begin_service,t_wait,t_departure,ride_time,num_passenger,qi,ei,li,service_or_chg_time,Li,lyr,cus_set
159,depot,1.77947,1.04111,0.0,0.0,0.0,0.0,0.0,0,0,0.0,1255.6897764311768,0.0,0.0,1,Int64[]
29,bus stop,-15.36156,-15.87556,29.0156062279498,204.5765612469506,0.0,205.0765612469506,39.923438753049396,1,1,204.5765612469506,232.88437416463373,0.5,39.923438753049396,1,[243]
28,bus stop,-15.36156,-21.47556,211.82354919875783,212.68781521478246,0.0,213.18781521478246,31.81218478521754,2,1,196.7817228221737,227.68781521478246,0.5,47.7182771778263,1,[232]
157,transit stop,0.0,0.0,245.0,245.0,0.0,245.0,0.0,1,-1,245.0,260.0,0.0,47.7182771778263,1,Int64[]
157,transit stop,0.0,0.0,245.0,245.0,0.0,245.0,0.0,0,-1,245.0,260.0,0.0,39.923438753049396,1,Int64[]
159,depot,1.77947,1.04111,247.48392232197614,247.48392232197614,0.0,247.48392232197614,0.0,0,0,0.0,1255.6897764311768,0.0,0.0,1,Int64[]
