node,type_node,x,y,t_arr,t_begin_service,t_wait,t_departure,ride_time,num_passenger,qi,ei,li,service_or_chg_time,Li,lyr,cus_set
57,depot,-1.37128,-2.11551,0.0,0.0,0.0,0.0,0.0,0,0,0.0,1251.6027257627998,0.0,0.0,1,Int64[]
44,bus stop,16.67316,-33.35625,43.4668615323801,199.57084206487264,0.0,200.07084206487264,44.929157935127364,1,1,177.10626309730895,214.57084206487264,0.5,67.39373690269103,1,[59]
55,transit stop,0.0,0.0,245.0,245.0,0.0,245.0,0.0,0,-1,245.0,260.0,0.0,67.39373690269103,1,Int64[]
57,depot,-1.37128,-2.11551,248.03743312647745,248.03743312647745,0.0,248.03743312647745,0.0,0,0,0.0,1251.6027257627998,0.0,0.0,1,Int64[]
