node,type_node,x,y,t_arr,t_begin_service,t_wait,t_departure,ride_time,num_passenger,qi,ei,li,service_or_chg_time,Li,lyr,cus_set
154,depot,0.0,0.0,0.0,0.0,0.0,0.0,0.0,0,0,0.0,1258.4521524081765,0.0,0.0,1,Int64[]
79,bus stop,-0.12171,8.27169,9.966970330854599,229.5495445037181,0.0,230.0495445037181,14.950455496281904,3,3,229.5495445037181,249.5330296691454,0.5,14.950455496281897,1,"[243, 267, 306]"
91,bus stop,1.27829,8.27169,231.7362914916699,231.7362914916699,0.0,232.2362914916699,12.763708508330097,7,4,229.37371196985254,249.41580797990167,0.5,15.126288030147471,1,"[189, 230, 360, 379]"
90,bus stop,1.27829,6.87169,233.9230384796217,236.07882615449157,0.0,236.57882615449157,8.421173845508434,11,4,231.86823923173736,251.07882615449157,0.5,12.631760768262644,1,"[172, 201, 299, 312]"
152,transit stop,0.0,0.0,245.0,245.0,0.0,245.0,0.0,7,-4,245.0,260.0,0.0,12.631760768262644,1,Int64[]
152,transit stop,0.0,0.0,245.0,245.0,0.0,245.0,0.0,3,-4,245.0,260.0,0.0,15.126288030147471,1,Int64[]
152,transit stop,0.0,0.0,245.0,245.0,0.0,245.0,0.0,0,-3,245.0,260.0,0.0,14.950455496281897,1,Int64[]
154,depot,0.0,0.0,245.0,245.0,0.0,245.0,0.0,0,0,0.0,1258.4521524081765,0.0,0.0,1,Int64[]
