node,type_node,x,y,t_arr,t_begin_service,t_wait,t_departure,ride_time,num_passenger,qi,ei,li,service_or_chg_time,Li,lyr,cus_set
117,depot,-0.32082,0.80268,0.0,0.0,0.0,0.0,0.0,0,0,0.0,1256.17849697915,0.0,0.0,1,Int64[]
21,bus stop,-12.5524,8.57636,17.461221370853167,217.02556137570008,0.0,217.52556137570008,27.47443862429992,1,1,217.02556137570008,241.18370758380004,0.5,27.47443862429993,1,[165]
18,bus stop,-13.9524,9.97636,219.9109818423535,220.4272189559708,0.0,220.9272189559708,24.0727810440292,2,1,213.50208718971098,238.83472479314065,0.5,30.99791281028903,1,[182]
13,bus stop,-15.3524,8.57636,223.31263942262422,223.31263942262422,0.0,223.81263942262422,21.187360577375784,3,1,212.7189591339363,238.31263942262422,0.5,31.781040866063698,1,[188]
115,transit stop,0.0,0.0,245.0,245.0,0.0,245.0,0.0,2,-1,245.0,260.0,0.0,30.99791281028903,1,Int64[]
115,transit stop,0.0,0.0,245.0,245.0,0.0,245.0,0.0,1,-1,245.0,260.0,0.0,31.781040866063698,1,Int64[]
115,transit stop,0.0,0.0,245.0,245.0,0.0,245.0,0.0,0,-1,245.0,260.0,0.0,27.47443862429993,1,Int64[]
117,depot,-0.32082,0.80268,246.04146898637757,246.04146898637757,0.0,246.04146898637757,0.0,0,0,0.0,1256.17849697915,0.0,0.0,1,Int64[]
