node,type_node,x,y,t_arr,t_begin_service,t_wait,t_departure,ride_time,num_passenger,qi,ei,li,service_or_chg_time,Li,lyr,cus_set
74,depot,0.0,0.0,0.0,0.0,0.0,0.0,0.0,0,0,0.0,1257.8422337649151,0.0,0.0,1,Int64[]
5,bus stop,-12.69717,-4.02887,16.04943731768359,220.4258440234746,0.0,220.9258440234746,24.07415597652539,1,1,220.4258440234746,243.45056268231642,0.5,24.074155976525386,1,[93]
17,bus stop,-7.09717,-4.02887,227.67283197528184,229.75123864691645,0.0,230.25123864691645,14.748761353083552,2,1,229.75123864691645,249.66749243127765,0.5,14.74876135308354,1,[114]
19,bus stop,-7.09717,-1.22887,233.62473262282006,235.8219598565511,0.0,236.3219598565511,8.678040143448897,3,1,231.48293978482664,250.82195985655108,0.5,13.017060215173366,1,[108]
72,transit stop,0.0,0.0,245.0,245.0,0.0,245.0,0.0,2,-1,245.0,260.0,0.0,13.017060215173366,1,Int64[]
72,transit stop,0.0,0.0,245.0,245.0,0.0,245.0,0.0,1,-1,245.0,260.0,0.0,14.74876135308354,1,Int64[]
72,transit stop,0.0,0.0,245.0,245.0,0.0,245.0,0.0,0,-1,245.0,260.0,0.0,24.074155976525386,1,Int64[]
74,depot,0.0,0.0,245.0,245.0,0.0,245.0,0.0,0,0,0.0,1257.8422337649151,0.0,0.0,1,Int64[]
