node,type_node,x,y,t_arr,t_begin_service,t_wait,t_departure,ride_time,num_passenger,qi,ei,li,service_or_chg_time,Li,lyr,cus_set
42,depot,0.0,0.0,0.0,0.0,0.0,0.0,0.0,0,0,0.0,1251.2190302223155,0.0,0.0,1,Int64[]
13,bus stop,-9.212,17.5633,23.89465105002454,208.65802342496318,0.0,209.15802342496318,35.841976575036824,1,1,208.65802342496318,235.60534894997545,0.5,35.84197657503681,1,[62]
12,bus stop,-9.212,15.5633,211.56766197918006,211.81576412190918,0.0,212.31576412190918,32.68423587809082,2,1,211.81576412190918,237.71050941460612,0.5,32.6842358780908,1,[52]
18,bus stop,-5.812,10.1633,220.0039839453038,230.39424619353716,0.0,230.89424619353716,14.105753806462843,3,1,223.34136929030572,245.39424619353716,0.5,21.158630709694275,1,[53]
40,transit stop,0.0,0.0,245.0,245.0,0.0,245.0,0.0,2,-1,245.0,260.0,0.0,21.158630709694275,1,Int64[]
40,transit stop,0.0,0.0,245.0,245.0,0.0,245.0,0.0,1,-1,245.0,260.0,0.0,35.84197657503681,1,Int64[]
40,transit stop,0.0,0.0,245.0,245.0,0.0,245.0,0.0,0,-1,245.0,260.0,0.0,32.6842358780908,1,Int64[]
42,depot,0.0,0.0,245.0,245.0,0.0,245.0,0.0,0,0,0.0,1251.2190302223155,0.0,0.0,1,Int64[]
