node,type_node,x,y,t_arr,t_begin_service,t_wait,t_departure,ride_time,num_passenger,qi,ei,li,service_or_chg_time,Li,lyr,cus_set
176,depot,0.0,0.0,0.0,0.0,0.0,0.0,0.0,0,0,0.0,1256.295873190584,0.0,0.0,1,Int64[]
10,bus stop,-14.49099,-1.28683,17.52772817812878,218.20840773280685,0.0,218.70840773280685,26.291592267193153,1,1,218.20840773280685,241.97227182187123,0.5,26.291592267193167,1,[217]
8,bus stop,-16.89099,-1.48683,221.60999678793752,221.60999678793752,0.0,222.10999678793752,22.89000321206248,2,1,213.85607917139487,239.0707194475966,0.5,30.64392082860512,1,[200]
30,bus stop,-11.09099,-2.28683,229.1641081943493,230.85627143639124,0.0,231.35627143639124,13.64372856360876,3,1,224.03440715458686,245.85627143639124,0.5,20.46559284541314,1,[265]
174,transit stop,0.0,0.0,245.0,245.0,0.0,245.0,0.0,2,-1,245.0,260.0,0.0,20.46559284541314,1,Int64[]
174,transit stop,0.0,0.0,245.0,245.0,0.0,245.0,0.0,1,-1,245.0,260.0,0.0,30.64392082860512,1,Int64[]
174,transit stop,0.0,0.0,245.0,245.0,0.0,245.0,0.0,0,-1,245.0,260.0,0.0,26.291592267193167,1,Int64[]
176,depot,0.0,0.0,245.0,245.0,0.0,245.0,0.0,0,0,0.0,1256.295873190584,0.0,0.0,1,Int64[]
