node,type_node,x,y,t_arr,t_begin_service,t_wait,t_departure,ride_time,num_passenger,qi,ei,li,service_or_chg_time,Li,lyr,cus_set
230,depot,-1.7533,0.22958,0.0,0.0,0.0,0.0,0.0,0,0,0.0,1256.585572009445,0.0,0.0,1,Int64[]
32,bus stop,-25.08458,19.10799,36.159494724632786,187.51203889379423,0.0,188.01203889379423,56.98796110620577,1,1,187.51203889379423,221.50802592919615,0.5,56.98796110620579,1,[338]
50,bus stop,-22.28458,16.30799,192.78287982710106,211.2296831386224,0.0,211.7296831386224,33.27031686137761,2,1,194.5945247079336,226.2296831386224,0.5,49.9054752920664,1,[244]
228,transit stop,0.0,0.0,245.0,245.0,0.0,245.0,0.0,1,-1,245.0,260.0,0.0,49.9054752920664,1,Int64[]
228,transit stop,0.0,0.0,245.0,245.0,0.0,245.0,0.0,0,-1,245.0,260.0,0.0,56.98796110620579,1,Int64[]
230,depot,-1.7533,0.22958,247.1304420607176,247.1304420607176,0.0,247.1304420607176,0.0,0,0,0.0,1256.585572009445,0.0,0.0,1,Int64[]
