node,type_node,x,y,t_arr,t_begin_service,t_wait,t_departure,ride_time,num_passenger,qi,ei,li,service_or_chg_time,Li,lyr,cus_set
83,depot,0.0,0.0,0.0,0.0,0.0,0.0,0.0,0,0,0.0,1253.5206115714936,0.0,0.0,1,Int64[]
69,bus stop,16.03692,-11.64927,23.881216874496477,208.6781746882553,0.0,209.1781746882553,35.8218253117447,1,1,208.6781746882553,235.6187831255035,0.5,35.82182531174472,1,[119]
62,bus stop,13.23692,-17.24927,216.7215365400618,216.7215365400618,0.0,217.2215365400618,27.778463459938195,2,1,205.2056162816683,233.30374418777888,0.5,39.294383718331694,1,[90]
55,bus stop,7.63692,-10.24927,228.0219870610329,229.10044497425332,0.0,229.60044497425332,15.399555025746679,3,1,221.40066746137995,244.10044497425332,0.5,23.099332538620036,1,[120]
81,transit stop,0.0,0.0,245.0,245.0,0.0,245.0,0.0,2,-1,245.0,260.0,0.0,23.099332538620036,1,Int64[]
81,transit stop,0.0,0.0,245.0,245.0,0.0,245.0,0.0,1,-1,245.0,260.0,0.0,35.82182531174472,1,Int64[]
81,transit stop,0.0,0.0,245.0,245.0,0.0,245.0,0.0,0,-1,245.0,260.0,0.0,39.294383718331694,1,Int64[]
83,depot,0.0,0.0,245.0,245.0,0.0,245.0,0.0,0,0,0.0,1253.5206115714936,0.0,0.0,1,Int64[]
