node,type_node,x,y,t_arr,t_begin_service,t_wait,t_departure,ride_time,num_passenger,qi,ei,li,service_or_chg_time,Li,lyr,cus_set
37,depot,0.0,0.0,0.0,0.0,0.0,0.0,0.0,0,0,0.0,1254.5693087046473,0.0,0.0,1,Int64[]
16,bus stop,-3.4664,9.03856,11.663216644234426,227.00517503364836,0.0,227.50517503364836,17.494824966351644,1,1,227.00517503364836,247.83678335576556,0.5,17.49482496635164,1,[51]
22,bus stop,1.9336,4.83856,235.74740702231682,237.70050116839084,0.0,238.20050116839084,6.7994988316091565,2,1,235.083232293138,253.222154862092,0.5,9.416767706862016,1,[47]
21,bus stop,1.5336,4.23856,239.06930870464723,239.06930870464723,0.0,239.56930870464723,7.383785441426795,3,1,236.35396305697085,254.06930870464723,0.5,8.14603694302914,1,[42]
35,transit stop,0.0,0.0,245.0,245.0,0.0,245.0,0.0,2,-1,245.0,260.0,0.0,9.416767706862016,1,Int64[]
35,transit stop,0.0,0.0,245.0,245.0,0.0,245.0,0.0,1,-1,245.0,260.0,0.0,17.49482496635164,1,Int64[]
35,transit stop,0.0,0.0,245.0,245.0,0.0,245.0,0.0,0,-1,245.0,260.0,0.0,8.14603694302914,1,Int64[]
37,depot,0.0,0.0,245.0,245.0,0.0,245.0,0.0,0,0,0.0,1254.5693087046473,0.0,0.0,1,Int64[]
