node,type_node,x,y,t_arr,t_begin_service,t_wait,t_departure,ride_time,num_passenger,qi,ei,li,service_or_chg_time,Li,lyr,cus_set
37,depot,0.0,0.0,0.0,0.0,0.0,0.0,0.0,0,0,0.0,1254.5693087046473,0.0,0.0,1,Int64[]
34,bus stop,11.3336,-2.36144,13.948190628988971,223.57771405651653,0.0,224.07771405651653,20.922285943483473,1,1,223.57771405651653,245.55180937101102,0.5,20.92228594348346,1,[53]
30,bus stop,9.1336,-0.36144,227.65989929683423,233.48704969069078,0.0,233.98704969069078,11.012950309309218,2,1,227.98057453603616,248.48704969069078,0.5,16.519425463963845,1,[56]
35,transit stop,0.0,0.0,245.0,245.0,0.0,245.0,0.0,1,-1,245.0,260.0,0.0,16.519425463963845,1,Int64[]
35,transit stop,0.0,0.0,245.0,245.0,0.0,245.0,0.0,0,-1,245.0,260.0,0.0,20.92228594348346,1,Int64[]
37,depot,0.0,0.0,245.0,245.0,0.0,245.0,0.0,0,0,0.0,1254.5693087046473,0.0,0.0,1,Int64[]
