node,type_node,x,y,t_arr,t_begin_service,t_wait,t_departure,ride_time,num_passenger,qi,ei,li,service_or_chg_time,Li,lyr,cus_set
50,depot,0.0,0.0,0.0,0.0,0.0,0.0,0.0,0,0,0.0,1257.4089046089364,0.0,0.0,1,Int64[]
39,bus stop,3.44637,-3.53857,5.951239402916989,235.5731408956245,0.0,236.0731408956245,8.926859104375495,1,1,235.5731408956245,253.548760597083,0.5,8.926859104375483,1,[128]
32,bus stop,2.04637,-3.53857,237.7598878835763,237.7598878835763,0.0,238.2598878835763,6.740112116423688,7,6,237.11263091847619,254.5750872789841,0.5,7.38736908152382,1,"[91, 124, 129, 149, 178, 181]"
26,bus stop,0.64637,-2.13857,240.64530835022973,241.80829356595632,0.0,242.30829356595632,2.691706434043681,12,5,240.46244034893448,256.8082935659563,0.5,4.03755965106552,1,"[61, 67, 112, 184, 189]"
48,transit stop,0.0,0.0,245.0,245.0,0.0,245.0,0.0,7,-5,245.0,260.0,0.0,4.03755965106552,1,Int64[]
48,transit stop,0.0,0.0,245.0,245.0,0.0,245.0,0.0,1,-6,245.0,260.0,0.0,7.38736908152382,1,Int64[]
48,transit stop,0.0,0.0,245.0,245.0,0.0,245.0,0.0,0,-1,245.0,260.0,0.0,8.926859104375483,1,Int64[]
50,depot,0.0,0.0,245.0,245.0,0.0,245.0,0.0,0,0,0.0,1257.4089046089364,0.0,0.0,1,Int64[]
