node,type_node,x,y,t_arr,t_begin_service,t_wait,t_departure,ride_time,num_passenger,qi,ei,li,service_or_chg_time,Li,lyr,cus_set
78,depot,0.0,0.0,0.0,0.0,0.0,0.0,0.0,0,0,0.0,1257.7848959150251,0.0,0.0,1,Int64[]
63,bus stop,8.07913,8.81032,14.402206250002639,222.89669062499604,0.0,223.39669062499604,21.60330937500396,1,1,222.89669062499604,245.09779374999735,0.5,21.60330937500396,1,[127]
70,bus stop,10.87913,8.81032,226.77018460089965,226.77018460089965,0.0,227.27018460089965,17.729815399100346,2,1,219.20026630400156,242.63351086933437,0.5,25.29973369599843,1,[102]
56,bus stop,5.27913,3.21032,236.8118664675133,237.05587727999148,0.0,237.55587727999148,7.444122720008522,3,1,233.3338159199872,252.05587727999148,0.5,11.166184080012801,1,[83]
76,transit stop,0.0,0.0,245.0,245.0,0.0,245.0,0.0,2,-1,245.0,260.0,0.0,11.166184080012801,1,Int64[]
76,transit stop,0.0,0.0,245.0,245.0,0.0,245.0,0.0,1,-1,245.0,260.0,0.0,25.29973369599843,1,Int64[]
76,transit stop,0.0,0.0,245.0,245.0,0.0,245.0,0.0,0,-1,245.0,260.0,0.0,21.60330937500396,1,Int64[]
78,depot,0.0,0.0,245.0,245.0,0.0,245.0,0.0,0,0,0.0,1257.7848959150251,0.0,0.0,1,Int64[]
