node,type_node,x,y,t_arr,t_begin_service,t_wait,t_departure,ride_time,num_passenger,qi,ei,li,service_or_chg_time,Li,lyr,cus_set
47,depot,0.0,0.0,0.0,0.0,0.0,0.0,0.0,0,0,0.0,1257.7941229306825,0.0,0.0,1,Int64[]
37,bus stop,2.01894,1.16922,2.810922161270107,240.28361675809484,0.0,240.78361675809484,4.216383241905163,12,12,240.28361675809484,256.6890778387299,0.5,4.216383241905161,1,"[54, 67, 76, 92, 98, 99, 112, 133, 148, 182, 185, 197]"
36,bus stop,2.01894,0.16922,241.98843603520328,242.05901291296632,0.0,242.55901291296632,2.440987087033676,23,11,240.83851936944947,257.0590129129663,0.5,3.661480630550522,1,"[60, 70, 73, 111, 129, 134, 145, 163, 181, 190, 194]"
45,transit stop,0.0,0.0,245.0,245.0,0.0,245.0,0.0,12,-11,245.0,260.0,0.0,3.661480630550522,1,Int64[]
45,transit stop,0.0,0.0,245.0,245.0,0.0,245.0,0.0,0,-12,245.0,260.0,0.0,4.216383241905161,1,Int64[]
47,depot,0.0,0.0,245.0,245.0,0.0,245.0,0.0,0,0,0.0,1257.7941229306825,0.0,0.0,1,Int64[]
