node,type_node,x,y,t_arr,t_begin_service,t_wait,t_departure,ride_time,num_passenger,qi,ei,li,service_or_chg_time,Li,lyr,cus_set
38,depot,0.0,0.0,0.0,0.0,0.0,0.0,0.0,0,0,0.0,1258.1542110940982,0.0,0.0,1,Int64[]
26,bus stop,1.68418,-2.4221,3.5543252346967393,240.94567476530327,0.0,241.44567476530327,3.5543252346967336,1,1,239.16851214795489,255.94567476530324,0.5,5.331487852045109,1,[58]
36,transit stop,0.0,0.0,245.0,245.0,0.0,245.0,0.0,0,-1,245.0,260.0,0.0,5.331487852045109,1,Int64[]
38,depot,0.0,0.0,245.0,245.0,0.0,245.0,0.0,0,0,0.0,1258.1542110940982,0.0,0.0,1,Int64[]
