node,type_node,x,y,t_arr,t_begin_service,t_wait,t_departure,ride_time,num_passenger,qi,ei,li,service_or_chg_time,Li,lyr,cus_set
347,depot,0.0,0.0,0.0,0.0,0.0,0.0,0.0,0,0,0.0,1258.409804883789,0.0,0.0,1,Int64[]
194,bus stop,1.84916,-3.71539,5.00014741511531,239.49985258488468,0.0,239.99985258488468,5.000147415115322,2,2,236.99977887732703,254.49985258488468,0.5,7.500221122672965,1,"[708, 752]"
345,transit stop,0.0,0.0,245.0,245.0,0.0,245.0,0.0,0,-2,245.0,260.0,0.0,7.500221122672965,1,Int64[]
347,depot,0.0,0.0,245.0,245.0,0.0,245.0,0.0,0,0,0.0,1258.409804883789,0.0,0.0,1,Int64[]
