node,type_node,x,y,t_arr,t_begin_service,t_wait,t_departure,ride_time,num_passenger,qi,ei,li,service_or_chg_time,Li,lyr,cus_set
176,depot,0.0,0.0,0.0,0.0,0.0,0.0,0.0,0,0,0.0,1257.9317654442316,0.0,0.0,1,Int64[]
37,bus stop,-9.69099,15.31317,21.833787416316948,211.74931887552458,0.0,212.24931887552458,32.75068112447542,1,1,211.74931887552458,237.66621258368306,0.5,32.75068112447542,1,[240]
19,bus stop,-13.29099,14.91317,216.61335990595225,216.61335990595225,0.0,217.11335990595225,27.88664009404775,2,1,208.39823071429186,235.4321538095279,0.5,36.10176928570813,1,[270]
29,bus stop,-11.29099,12.91317,220.52110342974285,223.83334842807068,0.0,224.33334842807068,20.66665157192932,3,1,213.500022642106,238.83334842807068,0.5,30.999977357893997,1,[209]
174,transit stop,0.0,0.0,245.0,245.0,0.0,245.0,0.0,2,-1,245.0,260.0,0.0,30.999977357893997,1,Int64[]
174,transit stop,0.0,0.0,245.0,245.0,0.0,245.0,0.0,1,-1,245.0,260.0,0.0,36.10176928570813,1,Int64[]
174,transit stop,0.0,0.0,245.0,245.0,0.0,245.0,0.0,0,-1,245.0,260.0,0.0,32.75068112447542,1,Int64[]
176,depot,0.0,0.0,245.0,245.0,0.0,245.0,0.0,0,0,0.0,1257.9317654442316,0.0,0.0,1,Int64[]
