node,type_node,x,y,t_arr,t_begin_service,t_wait,t_departure,ride_time,num_passenger,qi,ei,li,service_or_chg_time,Li,lyr,cus_set
163,depot,-0.66324,1.5974,0.0,0.0,0.0,0.0,0.0,0,0,0.0,1257.920683071023,0.0,0.0,1,Int64[]
59,bus stop,-4.40824,-10.57385,15.34262260699224,223.796468542975,0.0,224.296468542975,20.703531457025008,1,1,223.796468542975,245.69764569531668,0.5,20.703531457024997,1,[221]
48,bus stop,-5.80824,-7.77385,228.06814946887826,228.06814946887826,0.0,228.56814946887826,16.43185053112174,2,1,226.9625779967937,247.8083853311958,0.5,17.53742200320629,1,[237]
49,bus stop,-5.80824,-3.57385,233.62839043273368,236.28351626871216,0.0,236.78351626871216,8.216483731287838,4,2,232.17527440306824,251.28351626871216,0.5,12.324725596931751,1,"[174, 284]"
161,transit stop,0.0,0.0,245.0,245.0,0.0,245.0,0.0,2,-2,245.0,260.0,0.0,12.324725596931751,1,Int64[]
161,transit stop,0.0,0.0,245.0,245.0,0.0,245.0,0.0,1,-1,245.0,260.0,0.0,17.53742200320629,1,Int64[]
161,transit stop,0.0,0.0,245.0,245.0,0.0,245.0,0.0,0,-1,245.0,260.0,0.0,20.703531457024997,1,Int64[]
163,depot,-0.66324,1.5974,247.08387558698712,247.08387558698712,0.0,247.08387558698712,0.0,0,0,0.0,1257.920683071023,0.0,0.0,1,Int64[]
