node,type_node,x,y,t_arr,t_begin_service,t_wait,t_departure,ride_time,num_passenger,qi,ei,li,service_or_chg_time,Li,lyr,cus_set
245,depot,0.0,0.0,0.0,0.0,0.0,0.0,0.0,0,0,0.0,1257.5536511761093,0.0,0.0,1,Int64[]
24,bus stop,-10.21186,-0.81174,12.342255148006043,225.98661727799094,0.0,226.48661727799094,18.513382722009055,1,1,225.98661727799094,247.15774485199395,0.5,18.513382722009062,1,[289]
38,bus stop,-8.81186,-0.81174,228.17336426594275,233.83835016014913,0.0,234.33835016014913,10.661649839850867,3,2,228.5075252402237,248.83835016014913,0.5,15.992474759776286,1,"[343, 490]"
243,transit stop,0.0,0.0,245.0,245.0,0.0,245.0,0.0,1,-2,245.0,260.0,0.0,15.992474759776286,1,Int64[]
243,transit stop,0.0,0.0,245.0,245.0,0.0,245.0,0.0,0,-1,245.0,260.0,0.0,18.513382722009062,1,Int64[]
245,depot,0.0,0.0,245.0,245.0,0.0,245.0,0.0,0,0,0.0,1257.5536511761093,0.0,0.0,1,Int64[]
