node,type_node,x,y,t_arr,t_begin_service,t_wait,t_departure,ride_time,num_passenger,qi,ei,li,service_or_chg_time,Li,lyr,cus_set
228,depot,0.0,0.0,0.0,0.0,0.0,0.0,0.0,0,0,0.0,1256.12870968382,0.0,0.0,1,Int64[]
36,bus stop,-20.87713,8.37063,27.099650615525004,217.400349384475,0.0,217.900349384475,27.099650615525007,2,2,203.8505240767125,232.400349384475,0.5,40.649475923287504,1,"[245, 246]"
226,transit stop,0.0,0.0,245.0,245.0,0.0,245.0,0.0,0,-2,245.0,260.0,0.0,40.649475923287504,1,Int64[]
228,depot,0.0,0.0,245.0,245.0,0.0,245.0,0.0,0,0,0.0,1256.12870968382,0.0,0.0,1,Int64[]
