node,type_node,x,y,t_arr,t_begin_service,t_wait,t_departure,ride_time,num_passenger,qi,ei,li,service_or_chg_time,Li,lyr,cus_set
174,depot,-0.13143,-0.33011,0.0,0.0,0.0,0.0,0.0,0,0,0.0,1257.4781496204346,0.0,0.0,1,Int64[]
30,bus stop,-7.65541,-1.79561,9.235390890387022,230.28944317794026,0.0,230.78944317794026,14.210556822059743,2,2,230.28944317794026,250.02629545196018,0.5,14.210556822059747,1,"[232, 277]"
49,bus stop,-4.85541,-1.79561,234.16293715384387,238.26289583691891,0.0,238.76289583691891,6.237104163081085,4,2,235.14434375537834,253.26289583691891,0.5,9.355656244621645,1,"[228, 314]"
172,transit stop,0.0,0.0,245.0,245.0,0.0,245.0,0.0,2,-2,245.0,260.0,0.0,9.355656244621645,1,Int64[]
172,transit stop,0.0,0.0,245.0,245.0,0.0,245.0,0.0,0,-2,245.0,260.0,0.0,14.210556822059747,1,Int64[]
174,depot,-0.13143,-0.33011,245.42808647513448,245.42808647513448,0.0,245.42808647513448,0.0,0,0,0.0,1257.4781496204346,0.0,0.0,1,Int64[]
