node,type_node,x,y,t_arr,t_begin_service,t_wait,t_departure,ride_time,num_passenger,qi,ei,li,service_or_chg_time,Li,lyr,cus_set
24,depot,0.0,0.0,0.0,0.0,0.0,0.0,0.0,0,0,0.0,1258.5386218801111,0.0,0.0,1,Int64[]
1,bus stop,-2.99297,-1.51963,4.044164798604963,238.43375280209256,0.0,238.93375280209256,6.066247197907444,5,5,238.43375280209256,255.45583520139505,0.5,6.066247197907444,1,"[35, 44, 84, 105, 126]"
5,bus stop,-1.59297,-1.51963,240.62049979004436,241.84752838148316,0.0,242.34752838148316,2.6524716185168415,20,15,240.52129257222475,256.8475283814832,0.5,3.978707427775249,1,"[36, 41, 50, 51, 62, 90, 111, 129, 131, 136, 139, 145, 158, 163, 173]"
22,transit stop,0.0,0.0,245.0,245.0,0.0,245.0,0.0,5,-15,245.0,260.0,0.0,3.978707427775249,1,Int64[]
22,transit stop,0.0,0.0,245.0,245.0,0.0,245.0,0.0,0,-5,245.0,260.0,0.0,6.066247197907444,1,Int64[]
24,depot,0.0,0.0,245.0,245.0,0.0,245.0,0.0,0,0,0.0,1258.5386218801111,0.0,0.0,1,Int64[]
