node,type_node,x,y,t_arr,t_begin_service,t_wait,t_departure,ride_time,num_passenger,qi,ei,li,service_or_chg_time,Li,lyr,cus_set
179,depot,0.0,0.0,0.0,0.0,0.0,0.0,0.0,0,0,0.0,1257.3047455890637,0.0,0.0,1,Int64[]
3,bus stop,-13.58772,-2.1928,16.58255526066038,219.62616710900943,0.0,220.12616710900943,24.87383289099057,2,2,219.62616710900943,242.91744473933963,0.5,24.87383289099057,1,"[193, 215]"
4,bus stop,-13.58772,0.6072,223.49966108491304,223.49966108491304,0.0,223.99966108491304,21.000338915086957,4,2,219.91937289605204,243.11291526403468,0.5,24.58062710394797,1,"[256, 260]"
7,bus stop,-12.18772,3.4072,227.7713420108163,229.2529879785598,0.0,229.7529879785598,15.247012021440213,5,1,221.6294819678397,244.2529879785598,0.5,22.870518032160312,1,[195]
177,transit stop,0.0,0.0,245.0,245.0,0.0,245.0,0.0,4,-1,245.0,260.0,0.0,22.870518032160312,1,Int64[]
177,transit stop,0.0,0.0,245.0,245.0,0.0,245.0,0.0,2,-2,245.0,260.0,0.0,24.58062710394797,1,Int64[]
177,transit stop,0.0,0.0,245.0,245.0,0.0,245.0,0.0,0,-2,245.0,260.0,0.0,24.87383289099057,1,Int64[]
179,depot,0.0,0.0,245.0,245.0,0.0,245.0,0.0,0,0,0.0,1257.3047455890637,0.0,0.0,1,Int64[]
