node,type_node,x,y,t_arr,t_begin_service,t_wait,t_departure,ride_time,num_passenger,qi,ei,li,service_or_chg_time,Li,lyr,cus_set
346,depot,0.0,0.0,0.0,0.0,0.0,0.0,0.0,0,0,0.0,1257.5133522497795,0.0,0.0,1,Int64[]
284,bus stop,13.82979,-5.34248,17.862443702979053,217.7063344455314,0.0,218.2063344455314,26.79366555446859,1,1,217.7063344455314,241.63755629702095,0.5,26.793665554468582,1,[505]
276,bus stop,12.42979,-3.94248,220.59175491218483,220.93364984531263,0.0,221.43364984531263,23.56635015468737,2,1,220.93364984531263,243.7890998968751,0.5,23.56635015468736,1,[428]
268,bus stop,11.02979,-5.34248,223.81907031196604,229.7342842754859,0.0,230.2342842754859,14.76571572451411,3,1,222.3514264132288,244.7342842754859,0.5,22.14857358677118,1,[469]
344,transit stop,0.0,0.0,245.0,245.0,0.0,245.0,0.0,2,-1,245.0,260.0,0.0,22.14857358677118,1,Int64[]
344,transit stop,0.0,0.0,245.0,245.0,0.0,245.0,0.0,1,-1,245.0,260.0,0.0,23.56635015468736,1,Int64[]
344,transit stop,0.0,0.0,245.0,245.0,0.0,245.0,0.0,0,-1,245.0,260.0,0.0,26.793665554468582,1,Int64[]
346,depot,0.0,0.0,245.0,245.0,0.0,245.0,0.0,0,0,0.0,1257.5133522497795,0.0,0.0,1,Int64[]
