node,type_node,x,y,t_arr,t_begin_service,t_wait,t_departure,ride_time,num_passenger,qi,ei,li,service_or_chg_time,Li,lyr,cus_set
87,depot,0.0,0.0,0.0,0.0,0.0,0.0,0.0,0,0,0.0,1258.068564990414,0.0,0.0,1,Int64[]
46,bus stop,-0.3506,4.41651,5.337836326356723,237.38514069637628,0.0,237.88514069637628,7.114859303623717,1,1,236.4932455104649,254.16216367364328,0.5,8.006754489535085,1,[91]
48,bus stop,-0.1506,3.81651,238.64713531328434,238.64713531328434,0.0,239.14713531328434,5.852864686715662,3,2,237.59732495350246,254.89821663566832,0.5,6.902675046497523,1,"[108, 109]"
50,bus stop,0.4494,3.81651,239.87002687954939,239.87002687954939,0.0,240.37002687954939,5.521868306361995,4,1,237.55504031932406,254.87002687954939,0.5,6.944959680675925,1,[104]
85,transit stop,0.0,0.0,245.0,245.0,0.0,245.0,0.0,3,-1,245.0,260.0,0.0,8.006754489535085,1,Int64[]
85,transit stop,0.0,0.0,245.0,245.0,0.0,245.0,0.0,1,-2,245.0,260.0,0.0,6.902675046497523,1,Int64[]
85,transit stop,0.0,0.0,245.0,245.0,0.0,245.0,0.0,0,-1,245.0,260.0,0.0,6.944959680675925,1,Int64[]
87,depot,0.0,0.0,245.0,245.0,0.0,245.0,0.0,0,0,0.0,1258.068564990414,0.0,0.0,1,Int64[]
