node,type_node,x,y,t_arr,t_begin_service,t_wait,t_departure,ride_time,num_passenger,qi,ei,li,service_or_chg_time,Li,lyr,cus_set
87,depot,0.0,0.0,0.0,0.0,0.0,0.0,0.0,0,0,0.0,1258.068564990414,0.0,0.0,1,Int64[]
36,bus stop,-0.9506,2.21651,2.905727606830686,240.14140858975398,0.0,240.64140858975398,4.358591410246021,1,1,240.14140858975398,256.5942723931693,0.5,4.358591410246029,1,[133]
43,bus stop,-0.3506,1.81651,241.51021612601036,242.27104235138862,0.0,242.77104235138862,2.2289576486113845,2,1,241.1565635270829,257.2710423513886,0.5,3.343436472917092,1,[119]
85,transit stop,0.0,0.0,245.0,245.0,0.0,245.0,0.0,1,-1,245.0,260.0,0.0,3.343436472917092,1,Int64[]
85,transit stop,0.0,0.0,245.0,245.0,0.0,245.0,0.0,0,-1,245.0,260.0,0.0,4.358591410246029,1,Int64[]
87,depot,0.0,0.0,245.0,245.0,0.0,245.0,0.0,0,0,0.0,1258.068564990414,0.0,0.0,1,Int64[]
