node,type_node,x,y,t_arr,t_begin_service,t_wait,t_departure,ride_time,num_passenger,qi,ei,li,service_or_chg_time,Li,lyr,cus_set
354,depot,0.0,0.0,0.0,0.0,0.0,0.0,0.0,0,0,0.0,1257.5133522497795,0.0,0.0,1,Int64[]
325,bus stop,20.82979,21.25752,35.857541150486504,190.71368827427023,0.0,191.21368827427023,53.786311725729774,1,1,190.71368827427023,223.6424588495135,0.5,53.78631172572976,1,[534]
323,bus stop,20.82979,17.05752,196.27392923812565,196.27392923812565,0.0,196.77392923812565,48.226070761874354,3,2,195.84427088918494,227.06284725945665,0.5,48.65572911081505,1,"[408, 598]"
351,bus stop,27.82979,10.05752,208.70103157139272,208.84771153482927,0.0,209.34771153482927,35.65228846517073,4,1,191.0215673022439,223.84771153482927,0.5,53.47843269775608,1,[478]
352,transit stop,0.0,0.0,245.0,245.0,0.0,245.0,0.0,3,-1,245.0,260.0,0.0,53.47843269775608,1,Int64[]
352,transit stop,0.0,0.0,245.0,245.0,0.0,245.0,0.0,1,-2,245.0,260.0,0.0,48.65572911081505,1,Int64[]
352,transit stop,0.0,0.0,245.0,245.0,0.0,245.0,0.0,0,-1,245.0,260.0,0.0,53.78631172572976,1,Int64[]
354,depot,0.0,0.0,245.0,245.0,0.0,245.0,0.0,0,0,0.0,1257.5133522497795,0.0,0.0,1,Int64[]
