node,type_node,x,y,t_arr,t_begin_service,t_wait,t_departure,ride_time,num_passenger,qi,ei,li,service_or_chg_time,Li,lyr,cus_set
44,depot,0.0,0.0,0.0,0.0,0.0,0.0,0.0,0,0,0.0,1257.5627452253805,0.0,0.0,1,Int64[]
20,bus stop,-0.52664,2.18334,2.705972396270381,241.79402760372963,0.0,242.29402760372963,2.7059723962703686,2,2,240.44104140559443,256.7940276037296,0.5,4.0589585944055715,1,"[60, 71]"
42,transit stop,0.0,0.0,245.0,245.0,0.0,245.0,0.0,0,-2,245.0,260.0,0.0,4.0589585944055715,1,Int64[]
44,depot,0.0,0.0,245.0,245.0,0.0,245.0,0.0,0,0,0.0,1257.5627452253805,0.0,0.0,1,Int64[]
