node,type_node,x,y,t_arr,t_begin_service,t_wait,t_departure,ride_time,num_passenger,qi,ei,li,service_or_chg_time,Li,lyr,cus_set
35,depot,0.0,0.0,0.0,0.0,0.0,0.0,0.0,0,0,0.0,1257.4464188865202,0.0,0.0,1,Int64[]
32,bus stop,13.28639,-5.75753,17.446070644846788,218.33089403272982,0.0,218.83089403272982,26.169105967270184,1,1,218.33089403272982,242.0539293551532,0.5,26.169105967270184,1,[37]
27,bus stop,7.68639,-9.95753,227.26462897248885,227.26462897248885,0.0,227.76462897248885,17.23537102751115,2,1,221.76674147617373,244.34449431744915,0.5,22.73325852382626,1,[47]
24,bus stop,4.88639,-8.55753,231.53630989839212,232.62729447441257,0.0,233.12729447441257,11.872705525587435,3,1,226.69094171161885,247.62729447441257,0.5,17.809058288381163,1,[52]
33,transit stop,0.0,0.0,245.0,245.0,0.0,245.0,0.0,2,-1,245.0,260.0,0.0,17.809058288381163,1,Int64[]
33,transit stop,0.0,0.0,245.0,245.0,0.0,245.0,0.0,1,-1,245.0,260.0,0.0,22.73325852382626,1,Int64[]
33,transit stop,0.0,0.0,245.0,245.0,0.0,245.0,0.0,0,-1,245.0,260.0,0.0,26.169105967270184,1,Int64[]
35,depot,0.0,0.0,245.0,245.0,0.0,245.0,0.0,0,0,0.0,1257.4464188865202,0.0,0.0,1,Int64[]
