node,type_node,x,y,t_arr,t_begin_service,t_wait,t_departure,ride_time,num_passenger,qi,ei,li,service_or_chg_time,Li,lyr,cus_set
159,depot,1.77947,1.04111,0.0,0.0,0.0,0.0,0.0,0,0,0.0,1255.6897764311768,0.0,0.0,1,Int64[]
82,bus stop,4.23844,-10.27556,13.952699544357708,224.41197731749622,0.0,224.91197731749622,20.088022682503777,1,1,224.41197731749622,246.10798487833083,0.5,20.088022682503762,1,[228]
76,bus stop,2.83844,-10.27556,226.59872430544803,226.59872430544803,0.0,227.09872430544803,17.90127569455197,2,1,225.23423833072403,246.65615888714933,0.5,19.26576166927598,1,[255]
69,bus stop,0.03844,-8.87556,230.8704052313513,233.80645392611976,0.0,234.30645392611976,10.693546073880242,3,1,228.45968088917965,248.80645392611976,0.5,16.040319110820356,1,[165]
157,transit stop,0.0,0.0,245.0,245.0,0.0,245.0,0.0,2,-1,245.0,260.0,0.0,16.040319110820356,1,Int64[]
157,transit stop,0.0,0.0,245.0,245.0,0.0,245.0,0.0,1,-1,245.0,260.0,0.0,20.088022682503762,1,Int64[]
157,transit stop,0.0,0.0,245.0,245.0,0.0,245.0,0.0,0,-1,245.0,260.0,0.0,19.26576166927598,1,Int64[]
159,depot,1.77947,1.04111,247.48392232197614,247.48392232197614,0.0,247.48392232197614,0.0,0,0,0.0,1255.6897764311768,0.0,0.0,1,Int64[]
