node,type_node,x,y,t_arr,t_begin_service,t_wait,t_departure,ride_time,num_passenger,qi,ei,li,service_or_chg_time,Li,lyr,cus_set
24,depot,0.0,0.0,0.0,0.0,0.0,0.0,0.0,0,0,0.0,1258.5268456407596,0.0,0.0,1,Int64[]
12,bus stop,-0.19062,2.61989,3.164837934712855,241.33516206528714,0.0,241.83516206528714,3.164837934712864,46,46,239.7527430979307,256.33516206528714,0.5,4.7472569020692825,1,"[29, 30, 56, 72, 99, 106, 109, 111, 120, 135, 148, 159, 164, 170, 181, 186, 195, 196, 201, 232, 233, 237, 243, 274, 276, 283, 289, 298, 311, 315, 323, 343, 344, 362, 365, 376, 387, 400, 421, 431, 432, 437, 440, 448, 494, 499]"
22,transit stop,0.0,0.0,245.0,245.0,0.0,245.0,0.0,0,-46,245.0,260.0,0.0,4.7472569020692825,1,Int64[]
24,depot,0.0,0.0,245.0,245.0,0.0,245.0,0.0,0,0,0.0,1258.5268456407596,0.0,0.0,1,Int64[]
