node,type_node,x,y,t_arr,t_begin_service,t_wait,t_departure,ride_time,num_passenger,qi,ei,li,service_or_chg_time,Li,lyr,cus_set
19,depot,10.66796,-6.88626,0.0,0.0,0.0,0.0,0.0,0,0,0.0,1244.6339778917204,0.0,0.0,1,Int64[]
3,bus stop,-18.46954,9.82624,40.47012095646371,219.29424486437605,0.0,219.79424486437605,25.205755135623946,1,1,206.69136729656407,234.29424486437605,0.5,37.808632703435926,1,[26]
17,transit stop,0.0,0.0,245.0,245.0,0.0,245.0,0.0,0,-1,245.0,260.0,0.0,37.808632703435926,1,Int64[]
19,depot,10.66796,-6.88626,260.2981662550362,260.2981662550362,0.0,260.2981662550362,0.0,0,0,0.0,1244.6339778917204,0.0,0.0,1,Int64[]
