node,type_node,x,y,t_arr,t_begin_service,t_wait,t_departure,ride_time,num_passenger,qi,ei,li,service_or_chg_time,Li,lyr,cus_set
291,depot,0.0,0.0,0.0,0.0,0.0,0.0,0.0,0,0,0.0,1256.414825873821,0.0,0.0,1,Int64[]
123,bus stop,-4.07903,7.83194,10.639159331703915,228.54126100244412,0.0,229.04126100244412,15.958738997555884,1,1,228.54126100244412,248.86084066829608,0.5,15.958738997555873,1,[485]
163,bus stop,0.12097,6.43194,234.37522332080042,234.37522332080042,0.0,234.87522332080042,10.124776679199584,2,1,232.8739563557125,251.74930423714167,0.5,11.626043644287506,1,[380]
150,bus stop,-1.27903,5.03194,237.26064378745383,238.2446393545755,0.0,238.7446393545755,6.255360645424503,3,1,235.11695903186325,253.2446393545755,0.5,9.383040968136763,1,[526]
289,transit stop,0.0,0.0,245.0,245.0,0.0,245.0,0.0,2,-1,245.0,260.0,0.0,9.383040968136763,1,Int64[]
289,transit stop,0.0,0.0,245.0,245.0,0.0,245.0,0.0,1,-1,245.0,260.0,0.0,11.626043644287506,1,Int64[]
289,transit stop,0.0,0.0,245.0,245.0,0.0,245.0,0.0,0,-1,245.0,260.0,0.0,15.958738997555873,1,Int64[]
291,depot,0.0,0.0,245.0,245.0,0.0,245.0,0.0,0,0,0.0,1256.414825873821,0.0,0.0,1,Int64[]
