node,type_node,x,y,t_arr,t_begin_service,t_wait,t_departure,ride_time,num_passenger,qi,ei,li,service_or_chg_time,Li,lyr,cus_set
159,depot,0.0,0.0,0.0,0.0,0.0,0.0,0.0,0,0,0.0,1257.8563310732397,0.0,0.0,1,Int64[]
84,bus stop,1.54373,-7.14004,8.801225313097207,231.29816203035418,0.0,231.79816203035418,13.201837969645823,3,3,231.29816203035418,250.6987746869028,0.5,13.201837969645812,1,"[299, 321, 329]"
74,bus stop,0.14373,-7.14004,233.48490901830598,235.89579939043568,0.0,236.39579939043568,8.604200609564316,4,1,231.59369908565353,250.89579939043568,0.5,12.906300914346474,1,[330]
157,transit stop,0.0,0.0,245.0,245.0,0.0,245.0,0.0,3,-1,245.0,260.0,0.0,12.906300914346474,1,Int64[]
157,transit stop,0.0,0.0,245.0,245.0,0.0,245.0,0.0,0,-3,245.0,260.0,0.0,13.201837969645812,1,Int64[]
159,depot,0.0,0.0,245.0,245.0,0.0,245.0,0.0,0,0,0.0,1257.8563310732397,0.0,0.0,1,Int64[]
