node,type_node,x,y,t_arr,t_begin_service,t_wait,t_departure,ride_time,num_passenger,qi,ei,li,service_or_chg_time,Li,lyr,cus_set
145,depot,0.0,0.0,0.0,0.0,0.0,0.0,0.0,0,0,0.0,1255.8887102935842,0.0,0.0,1,Int64[]
80,bus stop,1.23004,-18.48036,22.314759119692376,216.4479288285762,0.0,216.9479288285762,28.05207117142379,1,1,211.02786132046145,237.18524088030762,0.5,33.47213867953856,1,[232]
83,bus stop,2.63004,-18.48036,218.63467581652802,218.63467581652802,0.0,219.13467581652802,25.865324183471984,2,1,210.76523588050887,237.01015725367256,0.5,33.73476411949114,1,[214]
92,bus stop,5.43004,-17.08036,222.90635674243129,222.90635674243129,0.0,223.40635674243129,27.01371076568347,3,1,212.10953511364693,237.90635674243129,0.5,32.39046488635308,1,[181]
143,transit stop,0.0,0.0,245.0,245.0,0.0,245.0,0.0,2,-1,245.0,260.0,0.0,33.47213867953856,1,Int64[]
143,transit stop,0.0,0.0,245.0,245.0,0.0,245.0,0.0,1,-1,245.0,260.0,0.0,33.73476411949114,1,Int64[]
143,transit stop,0.0,0.0,245.0,245.0,0.0,245.0,0.0,0,-1,245.0,260.0,0.0,32.39046488635308,1,Int64[]
145,depot,0.0,0.0,245.0,245.0,0.0,245.0,0.0,0,0,0.0,1255.8887102935842,0.0,0.0,1,Int64[]
