node,type_node,x,y,t_arr,t_begin_service,t_wait,t_departure,ride_time,num_passenger,qi,ei,li,service_or_chg_time,Li,lyr,cus_set
208,depot,0.0,0.0,0.0,0.0,0.0,0.0,0.0,0,0,0.0,1258.2164530862478,0.0,0.0,1,Int64[]
197,bus stop,2.64024,1.26072,3.5250554098238442,239.21241688526425,0.0,239.71241688526425,5.287583114735753,1,1,239.21241688526425,255.97494459017616,0.5,5.287583114735766,1,[347]
187,bus stop,2.24024,1.46072,240.25122844610758,240.25122844610758,0.0,240.75122844610758,4.248771553892425,2,1,239.6667595515338,256.2778397010225,0.5,4.833240448466205,1,[308]
185,bus stop,2.24024,1.06072,241.23315615695094,241.513651281189,0.0,242.013651281189,2.9863487188110014,5,3,240.0204769217835,256.513651281189,0.5,4.4795230782164825,1,"[264, 278, 326]"
206,transit stop,0.0,0.0,245.0,245.0,0.0,245.0,0.0,2,-3,245.0,260.0,0.0,4.4795230782164825,1,Int64[]
206,transit stop,0.0,0.0,245.0,245.0,0.0,245.0,0.0,1,-1,245.0,260.0,0.0,5.287583114735766,1,Int64[]
206,transit stop,0.0,0.0,245.0,245.0,0.0,245.0,0.0,0,-1,245.0,260.0,0.0,4.833240448466205,1,Int64[]
208,depot,0.0,0.0,245.0,245.0,0.0,245.0,0.0,0,0,0.0,1258.2164530862478,0.0,0.0,1,Int64[]
