node,type_node,x,y,t_arr,t_begin_service,t_wait,t_departure,ride_time,num_passenger,qi,ei,li,service_or_chg_time,Li,lyr,cus_set
208,depot,0.0,0.0,0.0,0.0,0.0,0.0,0.0,0,0,0.0,1258.2164530862478,0.0,0.0,1,Int64[]
199,bus stop,2.84024,0.06072,3.422757802842575,239.36586329573615,0.0,239.86586329573615,5.134136704263852,1,1,239.36586329573615,256.07724219715743,0.5,5.134136704263862,1,[353]
189,bus stop,2.44024,-0.13928,240.40467485657948,240.9591500649517,0.0,241.4591500649517,3.5408499350483,3,2,240.08275018317292,256.55516678878195,0.5,4.41724981682709,1,"[257, 263]"
183,bus stop,2.24024,0.06072,241.79992441733077,241.79992441733077,0.0,242.29992441733077,3.254550791041453,5,2,240.44988662599616,256.79992441733077,0.5,4.050113374003844,1,"[209, 354]"
206,transit stop,0.0,0.0,245.0,245.0,0.0,245.0,0.0,3,-2,245.0,260.0,0.0,4.41724981682709,1,Int64[]
206,transit stop,0.0,0.0,245.0,245.0,0.0,245.0,0.0,2,-1,245.0,260.0,0.0,5.134136704263862,1,Int64[]
206,transit stop,0.0,0.0,245.0,245.0,0.0,245.0,0.0,0,-2,245.0,260.0,0.0,4.050113374003844,1,Int64[]
208,depot,0.0,0.0,245.0,245.0,0.0,245.0,0.0,0,0,0.0,1258.2164530862478,0.0,0.0,1,Int64[]
