node,type_node,x,y,t_arr,t_begin_service,t_wait,t_departure,ride_time,num_passenger,qi,ei,li,service_or_chg_time,Li,lyr,cus_set
208,depot,0.0,0.0,0.0,0.0,0.0,0.0,0.0,0,0,0.0,1258.2164530862478,0.0,0.0,1,Int64[]
196,bus stop,2.64024,0.86072,3.3457781813569967,239.4813327279645,0.0,239.9813327279645,5.018667272035486,2,2,239.4813327279645,256.154221818643,0.5,5.018667272035495,1,"[216, 233]"
177,bus stop,2.04024,0.06072,241.18615200507296,241.18615200507296,0.0,241.68615200507296,3.3138479949270447,3,1,240.8111867165351,257.0407911443567,0.5,3.688813283464899,1,[258]
163,bus stop,1.64024,0.06072,242.16807971591632,242.52245360092672,0.0,243.02245360092672,1.977546399073276,4,1,241.53368040139006,257.5224536009267,0.5,2.9663195986099344,1,[296]
206,transit stop,0.0,0.0,245.0,245.0,0.0,245.0,0.0,3,-1,245.0,260.0,0.0,2.9663195986099344,1,Int64[]
206,transit stop,0.0,0.0,245.0,245.0,0.0,245.0,0.0,1,-2,245.0,260.0,0.0,5.018667272035495,1,Int64[]
206,transit stop,0.0,0.0,245.0,245.0,0.0,245.0,0.0,0,-1,245.0,260.0,0.0,3.688813283464899,1,Int64[]
208,depot,0.0,0.0,245.0,245.0,0.0,245.0,0.0,0,0,0.0,1258.2164530862478,0.0,0.0,1,Int64[]
