node,type_node,x,y,t_arr,t_begin_service,t_wait,t_departure,ride_time,num_passenger,qi,ei,li,service_or_chg_time,Li,lyr,cus_set
154,depot,0.0,0.0,0.0,0.0,0.0,0.0,0.0,0,0,0.0,1258.4521524081765,0.0,0.0,1,Int64[]
137,bus stop,6.87829,2.67169,8.89029285133149,231.16456072300275,0.0,231.66456072300275,13.33543927699725,1,1,231.16456072300275,250.60970714866852,0.5,13.335439276997235,1,[325]
136,bus stop,6.87829,1.27169,233.35130771095456,233.35130771095456,0.0,233.85130771095456,11.148692289045442,4,3,231.8586864420394,251.07245762802629,0.5,12.641313557960578,1,"[182, 207, 243]"
127,bus stop,5.47829,1.27169,235.53805469890636,237.72415200152648,0.0,238.22415200152648,6.775847998473523,6,2,234.33622800228972,252.72415200152648,0.5,10.163771997710299,1,"[184, 282]"
152,transit stop,0.0,0.0,245.0,245.0,0.0,245.0,0.0,4,-2,245.0,260.0,0.0,10.163771997710299,1,Int64[]
152,transit stop,0.0,0.0,245.0,245.0,0.0,245.0,0.0,1,-3,245.0,260.0,0.0,12.641313557960578,1,Int64[]
152,transit stop,0.0,0.0,245.0,245.0,0.0,245.0,0.0,0,-1,245.0,260.0,0.0,13.335439276997235,1,Int64[]
154,depot,0.0,0.0,245.0,245.0,0.0,245.0,0.0,0,0,0.0,1258.4521524081765,0.0,0.0,1,Int64[]
