node,type_node,x,y,t_arr,t_begin_service,t_wait,t_departure,ride_time,num_passenger,qi,ei,li,service_or_chg_time,Li,lyr,cus_set
54,depot,0.0,0.0,0.0,0.0,0.0,0.0,0.0,0,0,0.0,1258.8648301815297,0.0,0.0,1,Int64[]
9,bus stop,-3.51475,3.44665,5.930950210112401,235.6035746848314,0.0,236.1035746848314,8.896425315168614,3,3,235.6035746848314,253.5690497898876,0.5,8.896425315168603,1,"[58, 208, 238]"
16,bus stop,-2.11475,3.44665,237.7903216727832,237.7903216727832,0.0,238.2903216727832,6.709678327216807,8,5,237.19209634555241,254.62806423036827,0.5,7.307903654447584,1,"[62, 169, 209, 226, 268]"
23,bus stop,-0.71475,2.04665,240.6757421394366,241.88811303319565,0.0,242.38811303319565,2.6118869668043487,20,12,240.58216954979346,256.8881130331956,0.5,3.9178304502065346,1,"[71, 76, 78, 101, 130, 131, 141, 149, 264, 301, 302, 303]"
52,transit stop,0.0,0.0,245.0,245.0,0.0,245.0,0.0,8,-12,245.0,260.0,0.0,3.9178304502065346,1,Int64[]
52,transit stop,0.0,0.0,245.0,245.0,0.0,245.0,0.0,3,-5,245.0,260.0,0.0,7.307903654447584,1,Int64[]
52,transit stop,0.0,0.0,245.0,245.0,0.0,245.0,0.0,0,-3,245.0,260.0,0.0,8.896425315168603,1,Int64[]
54,depot,0.0,0.0,245.0,245.0,0.0,245.0,0.0,0,0,0.0,1258.8648301815297,0.0,0.0,1,Int64[]
