node,type_node,x,y,t_arr,t_begin_service,t_wait,t_departure,ride_time,num_passenger,qi,ei,li,service_or_chg_time,Li,lyr,cus_set
87,depot,0.0,0.0,0.0,0.0,0.0,0.0,0.0,0,0,0.0,1257.4959082119512,0.0,0.0,1,Int64[]
64,bus stop,3.14054,8.72008,11.166717618655914,227.74992357201614,0.0,228.24992357201614,16.750076427983856,1,1,227.74992357201614,248.33328238134408,0.5,16.75007642798387,1,[123]
70,bus stop,4.74054,8.52008,230.19263628244954,230.19263628244954,0.0,230.69263628244954,14.307363717550459,2,1,226.8793343199572,247.75288954663813,0.5,17.620665680042812,1,[120]
72,bus stop,5.14054,6.12008,233.62408810428002,234.8704461677462,0.0,235.3704461677462,9.629553832253805,3,1,230.0556692516193,249.8704461677462,0.5,14.444330748380718,1,[109]
85,transit stop,0.0,0.0,245.0,245.0,0.0,245.0,0.0,2,-1,245.0,260.0,0.0,14.444330748380718,1,Int64[]
85,transit stop,0.0,0.0,245.0,245.0,0.0,245.0,0.0,1,-1,245.0,260.0,0.0,17.620665680042812,1,Int64[]
85,transit stop,0.0,0.0,245.0,245.0,0.0,245.0,0.0,0,-1,245.0,260.0,0.0,16.75007642798387,1,Int64[]
87,depot,0.0,0.0,245.0,245.0,0.0,245.0,0.0,0,0,0.0,1257.4959082119512,0.0,0.0,1,Int64[]
