node,type_node,x,y,t_arr,t_begin_service,t_wait,t_departure,ride_time,num_passenger,qi,ei,li,service_or_chg_time,Li,lyr,cus_set
181,depot,0.0,0.0,0.0,0.0,0.0,0.0,0.0,0,0,0.0,1258.3808846191994,0.0,0.0,1,Int64[]
142,bus stop,5.65624,-7.01686,10.858715732327386,229.2604227638285,0.0,229.7604227638285,15.239577236171499,3,3,228.21192640150892,248.6412842676726,0.5,16.28807359849108,1,"[272, 366, 537]"
143,bus stop,5.65624,-5.61686,231.4471697517803,231.4471697517803,0.0,231.9471697517803,13.052830248219692,11,8,230.09397453355956,249.89598302237306,0.5,14.406025466440425,1,"[202, 245, 374, 411, 506, 510, 553, 636]"
154,bus stop,7.05624,-5.61686,233.63391673973211,233.63391673973211,0.0,234.13391673973211,11.914579622587468,14,3,228.20087510959817,248.63391673973211,0.5,16.299124890401824,1,"[344, 414, 465]"
179,transit stop,0.0,0.0,245.0,245.0,0.0,245.0,0.0,11,-3,245.0,260.0,0.0,16.28807359849108,1,Int64[]
179,transit stop,0.0,0.0,245.0,245.0,0.0,245.0,0.0,3,-8,245.0,260.0,0.0,14.406025466440425,1,Int64[]
179,transit stop,0.0,0.0,245.0,245.0,0.0,245.0,0.0,0,-3,245.0,260.0,0.0,16.299124890401824,1,Int64[]
181,depot,0.0,0.0,245.0,245.0,0.0,245.0,0.0,0,0,0.0,1258.3808846191994,0.0,0.0,1,Int64[]
