node,type_node,x,y,t_arr,t_begin_service,t_wait,t_departure,ride_time,num_passenger,qi,ei,li,service_or_chg_time,Li,lyr,cus_set
27,depot,0.0,0.0,0.0,0.0,0.0,0.0,0.0,0,0,0.0,1257.6967338495854,0.0,0.0,1,Int64[]
5,bus stop,-3.16394,2.06301,4.550729617844255,237.6739055732336,0.0,238.1739055732336,6.826094426766389,1,1,237.6739055732336,254.94927038215573,0.5,6.8260944267663834,1,[36]
4,bus stop,-3.16394,0.66301,239.86065256118542,240.60522744198005,0.0,241.10522744198005,3.8947725580199517,3,2,238.6578411629701,255.60522744198005,0.5,5.84215883702991,1,"[32, 40]"
25,transit stop,0.0,0.0,245.0,245.0,0.0,245.0,0.0,1,-2,245.0,260.0,0.0,5.84215883702991,1,Int64[]
25,transit stop,0.0,0.0,245.0,245.0,0.0,245.0,0.0,0,-1,245.0,260.0,0.0,6.8260944267663834,1,Int64[]
27,depot,0.0,0.0,245.0,245.0,0.0,245.0,0.0,0,0,0.0,1257.6967338495854,0.0,0.0,1,Int64[]
