node,type_node,x,y,t_arr,t_begin_service,t_wait,t_departure,ride_time,num_passenger,qi,ei,li,service_or_chg_time,Li,lyr,cus_set
78,depot,0.0,0.0,0.0,0.0,0.0,0.0,0.0,0,0,0.0,1256.9724619835356,0.0,0.0,1,Int64[]
38,bus stop,-1.72087,18.61032,22.51772753864325,210.72340869203512,0.0,211.22340869203512,33.77659130796488,1,1,210.72340869203512,236.98227246135676,0.5,33.77659130796488,1,[85]
42,bus stop,-0.32087,14.41032,216.55737101039142,218.4507977488659,0.0,218.9507977488659,26.04920225113409,2,1,218.4507977488659,242.1338651659106,0.5,26.04920225113409,1,[87]
37,bus stop,-1.72087,11.61032,222.72247867476918,230.35884341487733,0.0,230.85884341487733,14.141156585122673,3,1,223.28826512231598,245.35884341487733,0.5,21.211734877684023,1,[121]
76,transit stop,0.0,0.0,245.0,245.0,0.0,245.0,0.0,2,-1,245.0,260.0,0.0,21.211734877684023,1,Int64[]
76,transit stop,0.0,0.0,245.0,245.0,0.0,245.0,0.0,1,-1,245.0,260.0,0.0,26.04920225113409,1,Int64[]
76,transit stop,0.0,0.0,245.0,245.0,0.0,245.0,0.0,0,-1,245.0,260.0,0.0,33.77659130796488,1,Int64[]
78,depot,0.0,0.0,245.0,245.0,0.0,245.0,0.0,0,0,0.0,1256.9724619835356,0.0,0.0,1,Int64[]
