node,type_node,x,y,t_arr,t_begin_service,t_wait,t_departure,ride_time,num_passenger,qi,ei,li,service_or_chg_time,Li,lyr,cus_set
86,depot,0.0,0.0,0.0,0.0,0.0,0.0,0.0,0,0,0.0,1258.2235190995252,0.0,0.0,1,Int64[]
39,bus stop,-0.73131,2.4338,3.061805111153364,239.90729233326996,0.0,240.40729233326996,4.5927076667300355,1,1,239.90729233326996,256.4381948888466,0.5,4.592707666730046,1,[129]
43,bus stop,-0.33131,2.4338,240.88922004411333,240.88922004411333,0.0,241.38922004411333,3.6107799558866702,2,1,240.060999606883,256.54066640458865,0.5,4.439000393117003,1,[136]
42,bus stop,-0.33131,2.0338,241.8711477549567,242.01733875733294,0.0,242.51733875733294,2.4826612426670636,3,1,240.7760081359994,257.01733875733294,0.5,3.7239918640006033,1,[128]
84,transit stop,0.0,0.0,245.0,245.0,0.0,245.0,0.0,2,-1,245.0,260.0,0.0,3.7239918640006033,1,Int64[]
84,transit stop,0.0,0.0,245.0,245.0,0.0,245.0,0.0,1,-1,245.0,260.0,0.0,4.592707666730046,1,Int64[]
84,transit stop,0.0,0.0,245.0,245.0,0.0,245.0,0.0,0,-1,245.0,260.0,0.0,4.439000393117003,1,Int64[]
86,depot,0.0,0.0,245.0,245.0,0.0,245.0,0.0,0,0,0.0,1258.2235190995252,0.0,0.0,1,Int64[]
