node,type_node,x,y,t_arr,t_begin_service,t_wait,t_departure,ride_time,num_passenger,qi,ei,li,service_or_chg_time,Li,lyr,cus_set
119,depot,0.0,0.0,0.0,0.0,0.0,0.0,0.0,0,0,0.0,1138.7696826639344,0.0,0.0,1,Int64[]
69,bus stop,-2.0777,0.63613,2.617952987401502,121.88204701259849,0.0,122.38204701259849,2.617952987401509,2,2,120.57307051889775,136.8820470125985,0.5,3.9269294811022535,2,"[181, 184]"
115,transit stop,0.0,0.0,125.0,125.0,0.0,125.0,0.0,0,-2,125.0,140.0,0.0,3.9269294811022535,2,Int64[]
119,depot,0.0,0.0,125.0,125.0,0.0,125.0,0.0,0,0,0.0,1138.7696826639344,0.0,0.0,1,Int64[]
