node,type_node,x,y,t_arr,t_begin_service,t_wait,t_departure,ride_time,num_passenger,qi,ei,li,service_or_chg_time,Li,lyr,cus_set
267,depot,0.0,0.0,0.0,0.0,0.0,0.0,0.0,0,0,0.0,1137.524585966676,0.0,0.0,1,Int64[]
57,bus stop,0.86703,11.66269,14.090209699394588,82.13852491179183,0.0,82.63852491179183,22.361475088208167,1,1,82.13852491179183,104.59234994119456,0.5,22.36147508820817,1,[276]
68,bus stop,2.26703,8.86269,86.41020583769509,93.32590044428122,0.0,93.82590044428122,11.174099555718783,2,1,87.73885066642183,108.32590044428122,0.5,16.76114933357818,1,[301]
132,transit stop,5.0,0.0,105.0,105.0,0.0,105.0,0.0,1,-1,105.0,120.0,0.0,16.76114933357818,1,Int64[]
132,transit stop,5.0,0.0,105.0,105.0,0.0,105.0,0.0,0,-1,105.0,120.0,0.0,22.36147508820817,1,Int64[]
267,depot,0.0,0.0,111.02409638554217,111.02409638554217,0.0,111.02409638554217,0.0,0,0,0.0,1137.524585966676,0.0,0.0,1,Int64[]
