node,type_node,x,y,t_arr,t_begin_service,t_wait,t_departure,ride_time,num_passenger,qi,ei,li,service_or_chg_time,Li,lyr,cus_set
225,depot,-0.37247,-0.5279,0.0,0.0,0.0,0.0,0.0,0,0,0.0,1257.2211418258448,0.0,0.0,1,Int64[]
217,bus stop,31.32303,10.1676,40.30293259933869,204.82297069725666,0.0,205.32297069725666,39.677029302743335,1,1,184.984456045885,219.82297069725666,0.5,59.515543954115,1,[227]
223,transit stop,0.0,0.0,245.0,245.0,0.0,245.0,0.0,0,-1,245.0,260.0,0.0,59.515543954115,1,Int64[]
225,depot,-0.37247,-0.5279,245.77840305992748,245.77840305992748,0.0,245.77840305992748,0.0,0,0,0.0,1257.2211418258448,0.0,0.0,1,Int64[]
