node,type_node,x,y,t_arr,t_begin_service,t_wait,t_departure,ride_time,num_passenger,qi,ei,li,service_or_chg_time,Li,lyr,cus_set
139,depot,0.0,0.0,0.0,0.0,0.0,0.0,0.0,0,0,0.0,1256.9494634339696,0.0,0.0,1,Int64[]
38,bus stop,-7.43212,3.6966,10.000817157380583,229.49877426392914,0.0,229.99877426392914,15.001225736070865,1,1,229.49877426392914,249.4991828426194,0.5,15.001225736070875,1,[216]
37,bus stop,-7.43212,2.2966,231.68552125188094,235.12787050734073,0.0,235.62787050734073,9.372129492659269,3,2,230.4418057610111,250.12787050734073,0.5,14.058194238988909,1,"[142, 236]"
137,transit stop,0.0,0.0,245.0,245.0,0.0,245.0,0.0,1,-2,245.0,260.0,0.0,14.058194238988909,1,Int64[]
137,transit stop,0.0,0.0,245.0,245.0,0.0,245.0,0.0,0,-1,245.0,260.0,0.0,15.001225736070875,1,Int64[]
139,depot,0.0,0.0,245.0,245.0,0.0,245.0,0.0,0,0,0.0,1256.9494634339696,0.0,0.0,1,Int64[]
