node,type_node,x,y,t_arr,t_begin_service,t_wait,t_departure,ride_time,num_passenger,qi,ei,li,service_or_chg_time,Li,lyr,cus_set
306,depot,0.0,0.0,0.0,0.0,0.0,0.0,0.0,0,0,0.0,1257.3614283868924,0.0,0.0,1,Int64[]
289,bus stop,16.45812,-5.67259,20.973823666712555,213.03926449993116,0.0,213.53926449993116,31.460735500068836,1,1,213.03926449993116,238.52617633328745,0.5,31.460735500068832,1,[516]
297,bus stop,17.85812,-5.67259,215.22601148788297,221.92480100033583,0.0,222.42480100033583,22.575198999664167,2,1,210.63720150050375,236.92480100033583,0.5,33.862798499496236,1,[486]
304,transit stop,0.0,0.0,245.0,245.0,0.0,245.0,0.0,1,-1,245.0,260.0,0.0,33.862798499496236,1,Int64[]
304,transit stop,0.0,0.0,245.0,245.0,0.0,245.0,0.0,0,-1,245.0,260.0,0.0,31.460735500068832,1,Int64[]
306,depot,0.0,0.0,245.0,245.0,0.0,245.0,0.0,0,0,0.0,1257.3614283868924,0.0,0.0,1,Int64[]
