node,type_node,x,y,t_arr,t_begin_service,t_wait,t_departure,ride_time,num_passenger,qi,ei,li,service_or_chg_time,Li,lyr,cus_set
24,depot,0.0,0.0,0.0,0.0,0.0,0.0,0.0,0,0,0.0,1258.5268456407596,0.0,0.0,1,Int64[]
17,bus stop,1.20938,2.61989,3.476571441242757,241.02342855875725,0.0,241.52342855875725,3.476571441242754,34,34,239.28514283813587,256.02342855875725,0.5,5.214857161864135,1,"[46, 49, 56, 75, 89, 98, 129, 146, 150, 171, 196, 202, 204, 206, 210, 223, 231, 240, 259, 301, 328, 331, 333, 354, 368, 370, 387, 397, 407, 415, 433, 450, 460, 486]"
22,transit stop,0.0,0.0,245.0,245.0,0.0,245.0,0.0,0,-34,245.0,260.0,0.0,5.214857161864135,1,Int64[]
24,depot,0.0,0.0,245.0,245.0,0.0,245.0,0.0,0,0,0.0,1258.5268456407596,0.0,0.0,1,Int64[]
