node,type_node,x,y,t_arr,t_begin_service,t_wait,t_departure,ride_time,num_passenger,qi,ei,li,service_or_chg_time,Li,lyr,cus_set
24,depot,0.0,0.0,0.0,0.0,0.0,0.0,0.0,0,0,0.0,1258.5268456407596,0.0,0.0,1,Int64[]
13,bus stop,1.20938,-2.98011,3.8748860315045497,238.6876709527432,0.0,239.1876709527432,5.81232904725681,19,19,238.6876709527432,255.62511396849544,0.5,5.812329047256824,1,"[63, 107, 137, 163, 186, 189, 235, 258, 271, 282, 283, 297, 303, 315, 391, 414, 419, 484, 503]"
10,bus stop,-0.19062,-1.58011,241.5730914193966,242.58245012392968,0.0,243.08245012392968,1.917549876070325,44,25,241.6236751858945,257.5824501239297,0.5,2.876324814105481,1,"[40, 55, 84, 93, 114, 153, 172, 173, 174, 180, 227, 241, 280, 307, 308, 314, 327, 340, 346, 431, 434, 444, 449, 481, 524]"
22,transit stop,0.0,0.0,245.0,245.0,0.0,245.0,0.0,19,-25,245.0,260.0,0.0,2.876324814105481,1,Int64[]
22,transit stop,0.0,0.0,245.0,245.0,0.0,245.0,0.0,0,-19,245.0,260.0,0.0,5.812329047256824,1,Int64[]
24,depot,0.0,0.0,245.0,245.0,0.0,245.0,0.0,0,0,0.0,1258.5268456407596,0.0,0.0,1,Int64[]
