node,type_node,x,y,t_arr,t_begin_service,t_wait,t_departure,ride_time,num_passenger,qi,ei,li,service_or_chg_time,Li,lyr,cus_set
154,depot,0.0,0.0,0.0,0.0,0.0,0.0,0.0,0,0,0.0,1258.4521524081765,0.0,0.0,1,Int64[]
141,bus stop,8.27829,-2.92831,10.57945796014332,228.63081305978503,0.0,229.13081305978503,15.869186940214973,6,6,228.63081305978503,248.92054203985668,0.5,15.869186940214979,1,"[267, 283, 295, 360, 375, 398]"
142,bus stop,8.27829,-1.52831,230.81756004773683,230.81756004773683,0.0,231.31756004773683,13.682439952263167,9,3,229.2864150028709,249.35761000191394,0.5,15.2135849971291,1,"[333, 372, 400]"
143,bus stop,8.27829,-0.12831,233.00430703568864,234.52495865578285,0.0,235.02495865578285,9.975041344217146,11,2,229.53743798367427,249.52495865578285,0.5,14.962562016325736,1,"[321, 395]"
152,transit stop,0.0,0.0,245.0,245.0,0.0,245.0,0.0,9,-2,245.0,260.0,0.0,14.962562016325736,1,Int64[]
152,transit stop,0.0,0.0,245.0,245.0,0.0,245.0,0.0,3,-6,245.0,260.0,0.0,15.869186940214979,1,Int64[]
152,transit stop,0.0,0.0,245.0,245.0,0.0,245.0,0.0,0,-3,245.0,260.0,0.0,15.2135849971291,1,Int64[]
154,depot,0.0,0.0,245.0,245.0,0.0,245.0,0.0,0,0,0.0,1258.4521524081765,0.0,0.0,1,Int64[]
