node,type_node,x,y,t_arr,t_begin_service,t_wait,t_departure,ride_time,num_passenger,qi,ei,li,service_or_chg_time,Li,lyr,cus_set
50,depot,0.0,0.0,0.0,0.0,0.0,0.0,0.0,0,0,0.0,1259.0868542809474,0.0,0.0,1,Int64[]
4,bus stop,-3.24943,-3.41028,5.675300533836825,235.98704919924475,0.0,236.48704919924475,8.512950800755249,5,5,235.98704919924475,253.82469946616317,0.5,8.512950800755238,1,"[60, 67, 80, 101, 126]"
11,bus stop,-1.84943,-3.41028,238.17379618719656,238.17379618719656,0.0,238.67379618719656,6.326203812803442,9,4,237.48888319672363,254.8259221311491,0.5,7.0111168032763675,1,"[79, 82, 100, 145]"
20,bus stop,-0.44943,-0.61028,242.44547711309983,243.5868542809474,0.0,244.0868542809474,0.9131457190526078,10,1,243.13028142142107,258.58685428094736,0.5,1.3697185785789294,1,[109]
48,transit stop,0.0,0.0,245.0,245.0,0.0,245.0,0.0,9,-1,245.0,260.0,0.0,1.3697185785789294,1,Int64[]
48,transit stop,0.0,0.0,245.0,245.0,0.0,245.0,0.0,5,-4,245.0,260.0,0.0,7.0111168032763675,1,Int64[]
48,transit stop,0.0,0.0,245.0,245.0,0.0,245.0,0.0,0,-5,245.0,260.0,0.0,8.512950800755238,1,Int64[]
50,depot,0.0,0.0,245.0,245.0,0.0,245.0,0.0,0,0,0.0,1259.0868542809474,0.0,0.0,1,Int64[]
